ohe__Gender_Male,ohe__Gender_Other,ohe__Department_Admin,ohe__Department_HR,ohe__Department_IT,ohe__Department_Sales,ohe__Designation_HR Executive,ohe__Designation_Office Assistant,ohe__Designation_Sales Associate,ohe__Designation_Software Engineer,ohe__EducationQualification_BA,ohe__EducationQualification_Diploma,ohe__EducationQualification_M.Com,ohe__EducationQualification_MBA,ohe__DoesOvertime_Yes,ohe__MaritalStatus_Married,ohe__MaritalStatus_Single,ohe__City_Chennai,ohe__City_Delhi,ohe__City_Hyderabad,ohe__City_Kolkata,ohe__City_Mumbai,ohe__City_Pune,remainder__Age,remainder__MonthlySalary,remainder__YearsWithCompany,remainder__YearsInRole,remainder__AppraisalRating,remainder__TrainingHours,remainder__JobSatisfaction,remainder__WorkLifeBalance,remainder__PreviousCompanies,remainder__DistanceFromHome,remainder__LeavesTaken,remainder__YearsSinceJoining,Actual_Attrition,Predicted_Attrition,Attrition_Probability
0.0,1.0,0.0,1.0,0.0,0.0,1.0,0.0,0.0,0.0,0.0,0.0,0.0,0.0,0.0,0.0,1.0,0.0,0.0,0.0,0.0,0.0,1.0,-0.31922682040328854,-1.6421157389611125,0.9149035016291136,0.8773580150870548,1.4489548288516505,0.09939609402378552,0.7205268888273483,-0.4523023259917688,0.27861725719618774,1.562242804294658,1.2269733261988014,1.0526793016787634,1,1,1.0
1.0,0.0,1.0,0.0,0.0,0.0,0.0,0.0,0.0,1.0,1.0,0.0,0.0,0.0,1.0,1.0,0.0,1.0,0.0,0.0,0.0,0.0,0.0,0.5621891260405263,-1.3447125611275117,0.1516889017299573,1.2835892988407553,-0.6947337355941398,0.5572448069590289,1.4316316397055602,0.43543531089099613,-0.8816836577280718,0.6889945965173558,1.2269733261988014,0.1821780131413202,0,0,0.0
0.0,0.0,1.0,0.0,0.0,0.0,0.0,0.0,0.0,0.0,0.0,0.0,0.0,1.0,0.0,1.0,0.0,0.0,1.0,0.0,0.0,0.0,0.0,1.3554634778399597,0.9484702375692392,-1.7563475980179335,-0.7475671199277476,0.7343919740363871,-0.3584526189114578,0.7205268888273483,1.323172947773761,-1.4618341151902017,-0.5786237696109857,-0.10687456204558105,-1.7373618427719493,1,0,0.0
0.0,0.0,0.0,0.0,0.0,0.0,1.0,0.0,0.0,0.0,0.0,0.0,0.0,1.0,1.0,0.0,0.0,0.0,0.0,0.0,0.0,0.0,1.0,-1.3769259561358664,1.1510186009434271,0.9149035016291136,1.2835892988407553,1.4489548288516505,1.4157111437126102,-1.4127873638072872,1.323172947773761,0.8587677146583175,-1.4941259229258992,-0.5514905247937085,0.8604083860066583,0,1,1.0
0.0,0.0,1.0,0.0,0.0,0.0,1.0,0.0,0.0,0.0,0.0,0.0,0.0,1.0,0.0,0.0,1.0,1.0,0.0,0.0,0.0,0.0,0.0,0.3859059367517634,-0.5232315827368419,-0.9931329981187772,-1.1537984036814481,-1.4092965904094032,-0.8735324209636066,0.7205268888273483,-1.3400399628745336,1.4389181721204474,-0.2265075567975575,-0.32918254341964476,-1.1869599358204836,0,0,0.0
0.0,0.0,0.0,0.0,0.0,0.0,0.0,0.0,0.0,1.0,1.0,0.0,0.0,0.0,0.0,0.0,0.0,1.0,0.0,0.0,0.0,0.0,0.0,1.7080298564174856,0.2988104714526484,-0.9931329981187772,-1.1537984036814481,0.7343919740363871,1.3584800545957048,1.4316316397055602,-0.4523023259917688,0.27861725719618774,0.4073016262666133,1.6715892889469288,-0.9809553833146566,0,1,1.0
0.0,1.0,0.0,0.0,1.0,0.0,0.0,1.0,0.0,0.0,0.0,0.0,1.0,0.0,0.0,1.0,0.0,0.0,0.0,0.0,1.0,0.0,0.0,-1.3769259561358664,1.5583926353458393,-0.9931329981187772,-0.341335836174047,1.4489548288516505,-0.7018391536128903,-1.4127873638072872,-0.4523023259917688,0.27861725719618774,-0.4448196087418831,-0.44033653410667667,-0.9101743319408598,0,1,1.0
0.0,1.0,0.0,0.0,0.0,1.0,0.0,0.0,0.0,0.0,0.0,0.0,1.0,0.0,0.0,1.0,0.0,0.0,0.0,0.0,1.0,0.0,0.0,-1.3769259561358664,1.6517622491613155,0.5332962016795355,1.689820582594456,-0.6947337355941398,-1.216918955665039,-1.4127873638072872,-1.3400399628745336,1.4389181721204474,0.4425132475479561,-0.5514905247937085,0.43889137857165816,1,1,1.0
0.0,1.0,1.0,0.0,0.0,0.0,0.0,0.0,1.0,0.0,0.0,0.0,1.0,0.0,0.0,0.0,0.0,0.0,0.0,1.0,0.0,0.0,0.0,1.1791802885511968,-1.7373005980080667,-0.611525698169199,0.4711267313333542,0.7343919740363871,0.9006313416604614,-0.7016826129290754,1.323172947773761,-0.8816836577280718,0.6608252994922817,-0.32918254341964476,-0.4390049451839426,0,0,0.0
0.0,1.0,1.0,0.0,0.0,0.0,0.0,0.0,1.0,0.0,1.0,0.0,0.0,0.0,1.0,0.0,0.0,1.0,0.0,0.0,0.0,0.0,0.0,0.3859059367517634,-0.30061650844013366,0.5332962016795355,0.0648954475796536,-0.6947337355941398,-0.7018391536128903,-1.4127873638072872,1.323172947773761,0.27861725719618774,-0.48707355427949456,-1.5518764409769954,0.398746901673087,1,1,1.0
0.0,0.0,0.0,0.0,0.0,0.0,0.0,0.0,0.0,1.0,0.0,0.0,1.0,0.0,1.0,1.0,0.0,1.0,0.0,0.0,0.0,0.0,0.0,-1.6413507400690108,-1.4379171526492172,-0.9931329981187772,-0.7475671199277476,0.019829119221123678,-0.8163013318467012,-0.7016826129290754,-1.3400399628745336,1.4389181721204474,1.343930752350332,0.5600493820766101,-1.0929373451896192,1,1,1.0
0.0,1.0,1.0,0.0,0.0,0.0,1.0,0.0,0.0,0.0,0.0,0.0,0.0,0.0,0.0,1.0,0.0,0.0,0.0,0.0,0.0,0.0,1.0,-1.0243595775583405,0.0735880449143627,-0.611525698169199,-0.341335836174047,1.4489548288516505,-0.41568370802836324,0.7205268888273483,-1.3400399628745336,-0.8816836577280718,-0.8955283611430712,-0.44033653410667667,-0.42949704276059675,0,0,0.0
0.0,0.0,0.0,1.0,0.0,0.0,0.0,0.0,0.0,0.0,0.0,0.0,1.0,0.0,1.0,1.0,0.0,0.0,0.0,1.0,0.0,0.0,0.0,0.2096227474630004,-0.40068602738270137,0.9149035016291136,-1.1537984036814481,1.4489548288516505,-0.5873769753790795,1.4316316397055602,-0.4523023259917688,0.8587677146583175,1.6819623166512236,1.1158193355117696,1.0421149656528232,0,0,0.0
1.0,0.0,1.0,0.0,0.0,0.0,0.0,0.0,0.0,1.0,0.0,0.0,0.0,1.0,1.0,0.0,0.0,0.0,0.0,0.0,0.0,0.0,1.0,1.0910386939068153,-0.6222119545405228,1.2965108015786917,0.8773580150870548,0.019829119221123678,0.7861691634266506,-1.4127873638072872,-0.4523023259917688,1.4389181721204474,0.4425132475479561,-0.6626445154807404,1.1952978380289507,1,0,0.0
1.0,0.0,0.0,0.0,0.0,0.0,0.0,0.0,1.0,0.0,0.0,1.0,0.0,0.0,0.0,1.0,0.0,0.0,0.0,0.0,1.0,0.0,0.0,1.3554634778399597,1.3099680743033897,1.2965108015786917,0.4711267313333542,0.019829119221123678,1.6446355001802317,-0.7016826129290754,0.43543531089099613,1.4389181721204474,-0.5504544725859115,1.2269733261988014,1.1657176971563195,0,1,1.0
0.0,1.0,0.0,0.0,0.0,1.0,0.0,0.0,1.0,0.0,0.0,0.0,0.0,0.0,0.0,0.0,1.0,0.0,1.0,0.0,0.0,0.0,0.0,0.1214811528186189,0.4583210206114313,0.5332962016795355,-1.1537984036814481,0.7343919740363871,-1.216918955665039,0.009422137949136454,-0.4523023259917688,-1.4618341151902017,0.22420119560363053,-1.5518764409769954,0.44734284739241004,0,0,0.0
0.0,1.0,1.0,0.0,0.0,0.0,0.0,0.0,0.0,1.0,0.0,0.0,1.0,0.0,1.0,0.0,0.0,1.0,0.0,0.0,0.0,0.0,0.0,0.6503307206849078,-0.7485200181926358,-1.3747402980683554,-0.341335836174047,1.4489548288516505,-0.3012215297945524,0.7205268888273483,-1.3400399628745336,-1.4618341151902017,1.653793019626149,-0.6626445154807404,-1.5334701574713105,1,0,0.0
0.0,0.0,0.0,1.0,0.0,0.0,0.0,0.0,0.0,0.0,0.0,0.0,0.0,1.0,0.0,0.0,1.0,1.0,0.0,0.0,0.0,0.0,0.0,-1.1125011722027218,0.9020989730196654,-1.3747402980683554,-0.7475671199277476,-1.4092965904094032,-0.12952826244383614,-1.4127873638072872,1.323172947773761,1.4389181721204474,1.5340735072695837,0.6712033727636421,-1.2429509167579649,0,0,0.0
0.0,0.0,0.0,0.0,0.0,1.0,0.0,0.0,0.0,1.0,1.0,0.0,0.0,0.0,1.0,0.0,0.0,0.0,0.0,1.0,0.0,0.0,0.0,0.8266139099736708,1.4395765838309171,-1.3747402980683554,-0.7475671199277476,-0.6947337355941398,0.5572448069590289,0.009422137949136454,-0.4523023259917688,-0.30153320026594205,0.6819522722610872,1.1158193355117696,-1.423601062801536,0,0,0.0
0.0,1.0,0.0,1.0,0.0,0.0,0.0,1.0,0.0,0.0,0.0,0.0,0.0,1.0,1.0,0.0,0.0,0.0,0.0,1.0,0.0,0.0,0.0,1.1791802885511968,-1.2062918611126274,0.9149035016291136,-0.341335836174047,0.7343919740363871,0.3283204504914072,0.7205268888273483,1.323172947773761,-0.30153320026594205,-0.8039781458115799,-1.2184144689158998,1.0294377624216957,0,1,1.0
1.0,0.0,0.0,0.0,1.0,0.0,0.0,1.0,0.0,0.0,0.0,0.0,1.0,0.0,0.0,0.0,1.0,0.0,0.0,1.0,0.0,0.0,0.0,0.9147555046180523,1.6853937926317895,0.5332962016795355,-0.7475671199277476,0.019829119221123678,-1.7319987577171878,0.7205268888273483,-1.3400399628745336,0.27861725719618774,0.33687838370392764,1.4492813075728652,0.6808146735656808,0,0,0.0
0.0,0.0,0.0,0.0,0.0,1.0,0.0,0.0,0.0,0.0,0.0,0.0,0.0,1.0,1.0,1.0,0.0,0.0,0.0,0.0,0.0,0.0,0.0,-0.40736841504767,-0.04097043142127469,1.67811810152827,-1.1537984036814481,-1.4092965904094032,0.7861691634266506,1.4316316397055602,0.43543531089099613,0.8587677146583175,0.31575141093512193,-0.5514905247937085,1.7150631705051915,0,0,0.0
0.0,0.0,0.0,1.0,0.0,0.0,0.0,0.0,0.0,0.0,0.0,0.0,1.0,0.0,1.0,1.0,0.0,1.0,0.0,0.0,0.0,0.0,0.0,-0.6717931989808145,1.5346624295016091,-1.3747402980683554,-1.1537984036814481,-0.6947337355941398,0.7861691634266506,0.7205268888273483,-1.3400399628745336,-0.8816836577280718,0.6608252994922817,-1.5518764409769954,-1.3042240657084159,1,1,1.0
0.0,0.0,0.0,1.0,0.0,0.0,0.0,0.0,1.0,0.0,0.0,0.0,1.0,0.0,1.0,0.0,1.0,0.0,0.0,0.0,0.0,0.0,0.0,1.4436050724843412,0.8613384664582963,0.1516889017299573,-0.7475671199277476,0.019829119221123678,-0.41568370802836324,1.4316316397055602,0.43543531089099613,1.4389181721204474,0.4565978960604932,1.1158193355117696,-0.005867168120408993,0,0,0.0
0.0,1.0,0.0,1.0,0.0,0.0,0.0,0.0,0.0,1.0,0.0,0.0,0.0,0.0,0.0,1.0,0.0,1.0,0.0,0.0,0.0,0.0,0.0,1.5317466671287228,-0.4721076761266712,0.9149035016291136,0.4711267313333542,1.4489548288516505,1.7018665892971372,0.7205268888273483,1.323172947773761,-0.8816836577280718,1.0199838365619782,-0.21802855273261293,0.7621600609654176,0,0,0.0
1.0,0.0,1.0,0.0,0.0,0.0,0.0,1.0,0.0,0.0,0.0,1.0,0.0,0.0,1.0,1.0,0.0,1.0,0.0,0.0,0.0,0.0,0.0,1.1791802885511968,0.05675577094974874,-0.9931329981187772,-0.7475671199277476,0.019829119221123678,-0.07229717332693072,1.4316316397055602,1.323172947773761,0.27861725719618774,0.6889945965173558,0.8935113541377058,-0.9735603480964988,0,0,0.0
1.0,0.0,1.0,0.0,0.0,0.0,0.0,0.0,0.0,0.0,0.0,0.0,1.0,0.0,0.0,0.0,0.0,0.0,0.0,0.0,0.0,0.0,0.0,1.7080298564174856,-0.42807972814864176,-0.611525698169199,-0.341335836174047,0.019829119221123678,-1.216918955665039,0.009422137949136454,-1.3400399628745336,0.27861725719618774,1.5411158315258522,0.5600493820766101,-0.7358627875128524,1,1,1.0
1.0,0.0,0.0,0.0,0.0,1.0,0.0,0.0,0.0,0.0,1.0,0.0,0.0,0.0,0.0,0.0,0.0,1.0,0.0,0.0,0.0,0.0,0.0,-0.31922682040328854,1.058573111973067,0.9149035016291136,0.0648954475796536,0.7343919740363871,-0.644608064495985,-1.4127873638072872,1.323172947773761,-0.30153320026594205,-1.0011632249870996,-0.8849524968548041,1.0949366457825223,0,0,0.0
0.0,1.0,0.0,0.0,0.0,1.0,0.0,0.0,1.0,0.0,1.0,0.0,0.0,0.0,1.0,0.0,1.0,0.0,0.0,0.0,0.0,0.0,0.0,0.6503307206849078,-1.677727549956835,-0.9931329981187772,-0.341335836174047,1.4489548288516505,0.2710893613745018,0.009422137949136454,1.323172947773761,1.4389181721204474,1.1467456731748127,0.8935113541377058,-1.1890728030256716,0,0,0.0
0.0,0.0,0.0,0.0,0.0,0.0,0.0,0.0,0.0,0.0,0.0,0.0,1.0,0.0,1.0,1.0,0.0,0.0,0.0,0.0,0.0,0.0,1.0,-0.40736841504767,1.6579340829483407,-0.611525698169199,-0.341335836174047,1.4489548288516505,0.3283204504914072,-1.4127873638072872,-0.4523023259917688,-1.4618341151902017,0.22420119560363053,0.33774140070254643,-0.6967747442168749,0,1,1.0
1.0,0.0,0.0,0.0,0.0,0.0,1.0,0.0,0.0,0.0,0.0,1.0,0.0,0.0,0.0,0.0,0.0,0.0,0.0,1.0,0.0,0.0,0.0,1.6198882617731043,1.0970563108804001,-0.611525698169199,0.4711267313333542,0.019829119221123678,-0.644608064495985,0.009422137949136454,-1.3400399628745336,-0.30153320026594205,0.7030792450298927,-0.32918254341964476,-0.5425354382381531,0,0,0.0
0.0,0.0,0.0,0.0,0.0,1.0,0.0,0.0,0.0,1.0,0.0,0.0,0.0,1.0,0.0,1.0,0.0,0.0,0.0,0.0,1.0,0.0,0.0,0.7384723153292894,0.8003792311393904,0.9149035016291136,0.4711267313333542,-0.6947337355941398,1.530173321946421,1.4316316397055602,0.43543531089099613,1.4389181721204474,1.055195457843321,0.7823573634506739,1.0262684616139133,0,1,1.0
1.0,0.0,0.0,0.0,0.0,1.0,1.0,0.0,0.0,0.0,1.0,0.0,0.0,0.0,1.0,0.0,0.0,0.0,0.0,1.0,0.0,0.0,0.0,1.5317466671287228,-0.5258389349784194,0.1516889017299573,1.2835892988407553,0.7343919740363871,-0.015066084210025312,-1.4127873638072872,0.43543531089099613,0.27861725719618774,0.2030742228348248,-0.7737985061677722,0.22232249003989138,1,1,1.0
0.0,0.0,0.0,0.0,1.0,0.0,0.0,0.0,0.0,0.0,0.0,1.0,0.0,0.0,1.0,1.0,0.0,0.0,0.0,1.0,0.0,0.0,0.0,0.2096227474630004,-1.4559375871289804,-1.3747402980683554,-1.1537984036814481,1.4489548288516505,-0.41568370802836324,-1.4127873638072872,-0.4523023259917688,-1.4618341151902017,0.653782975236013,1.1158193355117696,-1.4669148405078896,0,0,0.0
1.0,0.0,0.0,0.0,0.0,0.0,0.0,0.0,0.0,1.0,0.0,0.0,0.0,1.0,0.0,0.0,0.0,0.0,1.0,0.0,0.0,0.0,0.0,1.6198882617731043,-1.4981172854167777,-0.9931329981187772,-0.7475671199277476,-0.6947337355941398,0.6144758960759343,0.7205268888273483,1.323172947773761,0.8587677146583175,-0.7546818760177,1.6715892889469288,-0.8974971287097319,0,1,1.0
0.0,0.0,0.0,0.0,1.0,0.0,0.0,0.0,0.0,0.0,0.0,1.0,0.0,0.0,1.0,0.0,1.0,0.0,1.0,0.0,0.0,0.0,0.0,-0.8480763882695774,1.2960731971678947,0.5332962016795355,-0.341335836174047,0.7343919740363871,-1.7319987577171878,0.7205268888273483,-1.3400399628745336,0.27861725719618774,0.8861796756928755,-0.996106487541836,0.43783494496906417,1,1,1.0
0.0,0.0,0.0,0.0,0.0,1.0,0.0,0.0,0.0,1.0,1.0,0.0,0.0,0.0,1.0,0.0,0.0,0.0,1.0,0.0,0.0,0.0,0.0,1.0910386939068153,0.6640378120260173,-0.9931329981187772,-0.341335836174047,0.019829119221123678,-0.4729147971452687,0.7205268888273483,-0.4523023259917688,0.27861725719618774,-0.27580382659143765,1.0046653448247376,-1.0496235674832657,0,0,0.0
1.0,0.0,0.0,0.0,1.0,0.0,1.0,0.0,0.0,0.0,1.0,0.0,0.0,0.0,1.0,1.0,0.0,0.0,0.0,0.0,1.0,0.0,0.0,-1.465067550780248,-1.584654976270146,-1.3747402980683554,-0.341335836174047,-1.4092965904094032,-0.41568370802836324,-1.4127873638072872,-1.3400399628745336,0.27861725719618774,-0.34622706915412327,-0.8849524968548041,-1.3063369329136039,1,1,1.0
0.0,0.0,0.0,0.0,0.0,0.0,0.0,0.0,1.0,0.0,0.0,0.0,0.0,1.0,0.0,0.0,0.0,0.0,0.0,0.0,0.0,0.0,1.0,-1.465067550780248,-1.0757592267399838,-1.3747402980683554,-0.341335836174047,0.7343919740363871,-0.4729147971452687,-1.4127873638072872,-1.3400399628745336,0.8587677146583175,0.7453331905675042,-0.32918254341964476,-1.4035288243522506,1,0,0.0
0.0,1.0,1.0,0.0,0.0,0.0,0.0,0.0,0.0,0.0,0.0,1.0,0.0,0.0,0.0,1.0,0.0,0.0,1.0,0.0,0.0,0.0,0.0,-0.8480763882695774,0.37488574888095266,-0.22991839821962085,0.8773580150870548,-0.6947337355941398,-1.3886122230157554,0.009422137949136454,-1.3400399628745336,-1.4618341151902017,0.5481481113919846,-1.5518764409769954,-0.11573626279018359,1,0,0.0
1.0,0.0,0.0,1.0,0.0,0.0,1.0,0.0,0.0,0.0,1.0,0.0,0.0,0.0,1.0,0.0,1.0,0.0,0.0,0.0,0.0,0.0,1.0,-1.1125011722027218,-0.5587443803563019,0.5332962016795355,0.0648954475796536,0.019829119221123678,-0.12952826244383614,-0.7016826129290754,-1.3400399628745336,0.27861725719618774,1.4073116706567492,-1.2184144689158998,0.6237672590256057,1,1,1.0
0.0,0.0,0.0,0.0,0.0,1.0,1.0,0.0,0.0,0.0,0.0,0.0,1.0,0.0,0.0,0.0,1.0,0.0,1.0,0.0,0.0,0.0,0.0,1.4436050724843412,0.21062255766157287,1.2965108015786917,1.2835892988407553,0.019829119221123678,-0.8163013318467012,0.7205268888273483,-0.4523023259917688,0.27861725719618774,-1.4870835986696307,-1.2184144689158998,1.4868735123448908,0,0,0.0
1.0,0.0,0.0,0.0,0.0,0.0,0.0,1.0,0.0,0.0,0.0,0.0,0.0,0.0,0.0,1.0,0.0,0.0,1.0,0.0,0.0,0.0,0.0,-0.4955100096920515,-0.7955843763760466,-0.9931329981187772,-0.341335836174047,0.019829119221123678,-0.4729147971452687,1.4316316397055602,-1.3400399628745336,-0.8816836577280718,0.7242062177986988,-1.6630304316640272,-1.106670982023341,0,0,0.0
1.0,0.0,0.0,0.0,0.0,1.0,0.0,1.0,0.0,0.0,1.0,0.0,0.0,0.0,1.0,0.0,0.0,0.0,0.0,0.0,0.0,0.0,0.0,-0.4955100096920515,-1.0783665789815613,0.1516889017299573,-1.1537984036814481,-0.6947337355941398,-1.5603054903664717,1.4316316397055602,1.323172947773761,0.8587677146583175,0.2030742228348248,0.8935113541377058,0.02054367194444055,0,0,0.0
0.0,1.0,0.0,0.0,0.0,1.0,0.0,0.0,1.0,0.0,0.0,1.0,0.0,0.0,1.0,0.0,1.0,0.0,0.0,0.0,0.0,0.0,1.0,0.6503307206849078,1.3795744778158816,-0.9931329981187772,-0.341335836174047,1.4489548288516505,0.5000137178421235,0.009422137949136454,-0.4523023259917688,1.4389181721204474,-1.5434221927197793,0.4488953913895783,-1.0739215403429274,0,1,1.0
0.0,1.0,0.0,0.0,0.0,1.0,0.0,1.0,0.0,0.0,0.0,0.0,0.0,0.0,0.0,0.0,0.0,0.0,0.0,0.0,0.0,0.0,0.0,-0.8480763882695774,-0.3474828398710196,-0.611525698169199,-0.341335836174047,-0.6947337355941398,-1.3886122230157554,0.009422137949136454,-1.3400399628745336,-0.30153320026594205,-0.13495734146606636,0.004279428641450823,-0.7886844676425515,0,0,0.0
0.0,0.0,0.0,0.0,0.0,1.0,0.0,1.0,0.0,0.0,0.0,0.0,1.0,0.0,1.0,0.0,1.0,0.0,0.0,0.0,0.0,1.0,0.0,0.47404753139614486,0.37947336864777886,0.9149035016291136,0.8773580150870548,-1.4092965904094032,-0.12952826244383614,-0.7016826129290754,0.43543531089099613,-1.4618341151902017,0.3720900049852705,0.8935113541377058,0.7568778929524473,1,1,1.0
1.0,0.0,0.0,0.0,0.0,1.0,1.0,0.0,0.0,0.0,0.0,0.0,1.0,0.0,0.0,1.0,0.0,0.0,1.0,0.0,0.0,0.0,0.0,-0.936217982913959,-0.580593332051546,-0.22991839821962085,-1.1537984036814481,1.4489548288516505,-0.8735324209636066,-0.7016826129290754,0.43543531089099613,0.27861725719618774,-0.8532744156054599,-0.6626445154807404,-0.33336158492454443,0,1,1.0
0.0,0.0,0.0,0.0,0.0,1.0,0.0,0.0,0.0,0.0,0.0,0.0,0.0,0.0,1.0,0.0,0.0,0.0,1.0,0.0,0.0,0.0,0.0,-0.31922682040328854,-0.8996474348278659,0.9149035016291136,1.689820582594456,-0.6947337355941398,1.2440178763618939,-0.7016826129290754,-0.4523023259917688,-0.8816836577280718,-1.1631366828812766,-0.6626445154807404,0.803360971466583,1,0,0.0
0.0,1.0,0.0,0.0,1.0,0.0,0.0,0.0,1.0,0.0,0.0,0.0,0.0,0.0,1.0,1.0,0.0,0.0,0.0,0.0,0.0,1.0,0.0,-0.759934793625196,0.297358275267466,-1.3747402980683554,-0.7475671199277476,0.019829119221123678,-1.4458433121326608,1.4316316397055602,-0.4523023259917688,-0.8816836577280718,0.1115240075033334,-0.8849524968548041,-1.2693617568228144,0,1,1.0
0.0,1.0,0.0,0.0,0.0,0.0,0.0,0.0,1.0,0.0,0.0,1.0,0.0,0.0,1.0,0.0,0.0,0.0,0.0,0.0,0.0,1.0,0.0,-1.465067550780248,1.064942972512617,0.9149035016291136,-0.341335836174047,-1.4092965904094032,1.530173321946421,1.4316316397055602,0.43543531089099613,-0.30153320026594205,-1.3955333833381394,-0.21802855273261293,0.9121736325337629,0,1,1.0
0.0,0.0,1.0,0.0,0.0,0.0,0.0,0.0,0.0,0.0,0.0,0.0,0.0,1.0,0.0,1.0,0.0,0.0,1.0,0.0,0.0,0.0,0.0,0.2096227474630004,-0.8410645205392585,-0.611525698169199,0.4711267313333542,0.7343919740363871,-0.7018391536128903,-1.4127873638072872,-0.4523023259917688,0.8587677146583175,-0.6913009577112829,1.560435298259897,-0.7802329988217996,1,0,0.0
0.0,0.0,1.0,0.0,0.0,0.0,0.0,0.0,0.0,1.0,0.0,0.0,1.0,0.0,0.0,0.0,1.0,1.0,0.0,0.0,0.0,0.0,0.0,-1.2006427668471034,-0.9628509733420537,0.9149035016291136,0.4711267313333542,-1.4092965904094032,-0.8163013318467012,0.7205268888273483,-1.3400399628745336,0.8587677146583175,0.71716389354243,0.5600493820766101,0.9766160822919966,0,0,0.0
1.0,0.0,0.0,0.0,1.0,0.0,0.0,0.0,1.0,0.0,0.0,0.0,0.0,0.0,1.0,1.0,0.0,0.0,0.0,0.0,0.0,1.0,0.0,-1.288784361491485,1.279570967790822,0.1516889017299573,0.8773580150870548,1.4489548288516505,-0.5873769753790795,0.009422137949136454,-0.4523023259917688,-0.8816836577280718,-0.24763452956636323,-0.44033653410667667,0.021600105547034572,0,1,1.0
1.0,0.0,0.0,0.0,0.0,1.0,0.0,0.0,1.0,0.0,0.0,1.0,0.0,0.0,1.0,0.0,1.0,1.0,0.0,0.0,0.0,0.0,0.0,-0.936217982913959,-1.4934636567324433,-0.611525698169199,-1.1537984036814481,0.019829119221123678,1.4157111437126102,1.4316316397055602,-1.3400399628745336,0.8587677146583175,-1.1067980888311282,1.0046653448247376,-0.7760072644114238,0,1,1.0
0.0,1.0,0.0,0.0,0.0,0.0,0.0,0.0,0.0,1.0,0.0,0.0,0.0,1.0,0.0,1.0,0.0,0.0,0.0,1.0,0.0,0.0,0.0,0.9147555046180523,-1.544620567801368,-0.22991839821962085,0.4711267313333542,1.4489548288516505,0.44278262872521806,1.4316316397055602,-1.3400399628745336,0.27861725719618774,-1.2898985194941108,1.560435298259897,-0.1453164036628152,0,0,0.0
0.0,0.0,0.0,0.0,0.0,0.0,0.0,0.0,0.0,1.0,0.0,0.0,0.0,1.0,0.0,1.0,0.0,0.0,0.0,0.0,0.0,0.0,0.0,1.1791802885511968,0.41020051974788785,-1.3747402980683554,-0.7475671199277476,0.7343919740363871,0.7861691634266506,-0.7016826129290754,-1.3400399628745336,0.8587677146583175,0.05518541345318509,0.4488953913895783,-1.432052531622288,0,0,0.0
0.0,0.0,0.0,1.0,0.0,0.0,1.0,0.0,0.0,0.0,1.0,0.0,0.0,0.0,0.0,0.0,1.0,0.0,1.0,0.0,0.0,0.0,0.0,-1.5532091454246293,-0.9421571777032047,-0.22991839821962085,-1.1537984036814481,0.7343919740363871,1.0723246090111775,1.4316316397055602,0.43543531089099613,-0.8816836577280718,-1.5293375442072419,-0.8849524968548041,-0.14425997006022118,0,0,0.0
0.0,0.0,1.0,0.0,0.0,0.0,1.0,0.0,0.0,0.0,0.0,1.0,0.0,0.0,0.0,0.0,0.0,0.0,0.0,0.0,0.0,0.0,1.0,0.7384723153292894,0.5073656463200908,0.1516889017299573,-0.341335836174047,-1.4092965904094032,-0.4729147971452687,-0.7016826129290754,1.323172947773761,0.8587677146583175,1.4284386434255552,1.2269733261988014,0.24345116209177114,1,1,1.0
0.0,1.0,0.0,1.0,0.0,0.0,0.0,0.0,1.0,0.0,0.0,0.0,1.0,0.0,1.0,0.0,1.0,0.0,1.0,0.0,0.0,0.0,0.0,1.4436050724843412,0.5896127575354202,-0.611525698169199,0.0648954475796536,-1.4092965904094032,-0.3584526189114578,-1.4127873638072872,-0.4523023259917688,0.8587677146583175,1.2171689157374983,0.8935113541377058,-0.5108424301603337,1,1,1.0
0.0,1.0,0.0,0.0,1.0,0.0,1.0,0.0,0.0,0.0,1.0,0.0,0.0,0.0,0.0,1.0,0.0,0.0,0.0,0.0,0.0,1.0,0.0,0.2096227474630004,1.6800470703136179,0.5332962016795355,0.0648954475796536,-0.6947337355941398,0.042165004906880105,-0.7016826129290754,-1.3400399628745336,0.8587677146583175,-0.6067930666360601,1.3381273168858332,0.5033338283298912,1,1,1.0
0.0,1.0,0.0,0.0,0.0,0.0,1.0,0.0,0.0,0.0,0.0,0.0,0.0,0.0,0.0,0.0,1.0,1.0,0.0,0.0,0.0,0.0,0.0,-0.936217982913959,-0.6249513246171169,-1.3747402980683554,-1.1537984036814481,-0.6947337355941398,-0.18675935156074158,-1.4127873638072872,-1.3400399628745336,-0.8816836577280718,0.7453331905675042,1.6715892889469288,-1.4584633716871376,1,1,1.0
0.0,1.0,0.0,0.0,0.0,1.0,0.0,0.0,1.0,0.0,1.0,0.0,0.0,0.0,0.0,0.0,0.0,0.0,0.0,0.0,0.0,0.0,1.0,-1.5532091454246293,0.45848604290520206,-0.9931329981187772,-1.1537984036814481,-0.6947337355941398,1.0723246090111775,-0.7016826129290754,-0.4523023259917688,-0.30153320026594205,1.0904070791246638,-1.4407224502899634,-1.1246303532674387,0,0,0.0
1.0,0.0,0.0,0.0,0.0,0.0,0.0,0.0,0.0,1.0,0.0,0.0,1.0,0.0,0.0,0.0,1.0,0.0,0.0,0.0,0.0,0.0,0.0,1.4436050724843412,0.9440476400961837,0.1516889017299573,-0.7475671199277476,-0.6947337355941398,-0.5301458862621741,1.4316316397055602,-1.3400399628745336,-0.8816836577280718,-1.029332522012174,-0.32918254341964476,0.07970395368970343,0,0,0.0
0.0,1.0,1.0,0.0,0.0,0.0,0.0,0.0,0.0,1.0,0.0,0.0,0.0,0.0,0.0,0.0,0.0,0.0,0.0,0.0,0.0,0.0,1.0,-0.40736841504767,-0.2528920610816399,-1.3747402980683554,-1.1537984036814481,0.019829119221123678,-0.9307635100805121,0.009422137949136454,-1.3400399628745336,1.4389181721204474,1.231253564250035,0.1154334193284827,-1.573614634369882,1,1,1.0
1.0,0.0,0.0,0.0,1.0,0.0,0.0,0.0,1.0,0.0,0.0,1.0,0.0,0.0,1.0,0.0,1.0,0.0,0.0,0.0,1.0,0.0,0.0,0.1214811528186189,-1.4045496448487766,-1.3747402980683554,-0.7475671199277476,0.019829119221123678,-1.3886122230157554,1.4316316397055602,1.323172947773761,-0.30153320026594205,-0.5152428513045687,0.8935113541377058,-1.4056416915574383,0,0,0.0
1.0,0.0,0.0,0.0,0.0,1.0,0.0,0.0,1.0,0.0,0.0,0.0,1.0,0.0,1.0,1.0,0.0,0.0,0.0,1.0,0.0,0.0,0.0,1.1791802885511968,1.1176510931429866,0.9149035016291136,0.0648954475796536,0.7343919740363871,-0.8735324209636066,0.7205268888273483,1.323172947773761,-1.4618341151902017,1.3932270221442122,1.6715892889469288,0.9121736325337629,0,0,0.0
0.0,1.0,1.0,0.0,0.0,0.0,1.0,0.0,0.0,0.0,0.0,0.0,1.0,0.0,0.0,1.0,0.0,0.0,1.0,0.0,0.0,0.0,0.0,0.7384723153292894,-1.1144074479410877,-1.3747402980683554,-1.1537984036814481,0.019829119221123678,0.15662718314069093,0.009422137949136454,-1.3400399628745336,-0.8816836577280718,0.3720900049852705,-1.3295684596029316,-1.2883775616695061,0,0,0.0
1.0,0.0,1.0,0.0,0.0,0.0,0.0,1.0,0.0,0.0,0.0,0.0,0.0,0.0,0.0,1.0,0.0,0.0,0.0,0.0,0.0,0.0,0.0,1.5317466671287228,1.501426939536185,1.67811810152827,0.0648954475796536,0.7343919740363871,1.129555698128083,0.009422137949136454,-1.3400399628745336,-0.30153320026594205,-0.1631266384911405,0.22658741001551455,1.6717493927988383,0,0,0.0
1.0,0.0,0.0,1.0,0.0,0.0,1.0,0.0,0.0,0.0,0.0,1.0,0.0,0.0,0.0,0.0,1.0,0.0,0.0,0.0,0.0,0.0,1.0,0.033339558174237414,1.495750172630472,0.1516889017299573,0.0648954475796536,1.4489548288516505,0.9006313416604614,0.7205268888273483,-0.4523023259917688,-1.4618341151902017,-0.7898934972990428,-1.107260478228868,0.04378521120150802,0,0,0.0
0.0,0.0,1.0,0.0,0.0,0.0,0.0,0.0,1.0,0.0,0.0,0.0,0.0,0.0,1.0,0.0,0.0,0.0,0.0,1.0,0.0,0.0,0.0,0.8266139099736708,-1.2265896032464265,-0.9931329981187772,-1.1537984036814481,0.7343919740363871,-1.3886122230157554,1.4316316397055602,-0.4523023259917688,0.27861725719618774,-0.7265125789926257,-0.6626445154807404,-0.8330546789514989,0,0,0.0
0.0,0.0,0.0,0.0,1.0,0.0,1.0,0.0,0.0,0.0,0.0,0.0,0.0,1.0,0.0,0.0,0.0,0.0,0.0,0.0,0.0,1.0,0.0,-0.31922682040328854,0.680837081531877,-0.22991839821962085,-0.341335836174047,0.7343919740363871,-0.5301458862621741,-0.7016826129290754,0.43543531089099613,-0.30153320026594205,-1.3955333833381394,-0.44033653410667667,-0.4147069723242811,0,0,0.0
0.0,1.0,0.0,0.0,1.0,0.0,0.0,0.0,0.0,0.0,1.0,0.0,0.0,0.0,0.0,1.0,0.0,0.0,0.0,0.0,1.0,0.0,0.0,1.7080298564174856,-0.2842793013568318,-0.9931329981187772,-0.341335836174047,-0.6947337355941398,1.530173321946421,-1.4127873638072872,-0.4523023259917688,-1.4618341151902017,0.5692750841607901,-1.2184144689158998,-1.0855423099714612,1,1,1.0
1.0,0.0,0.0,0.0,0.0,1.0,0.0,0.0,0.0,1.0,0.0,0.0,0.0,1.0,0.0,0.0,0.0,0.0,0.0,0.0,0.0,0.0,1.0,-0.759934793625196,0.07853871372748446,-0.22991839821962085,0.4711267313333542,1.4489548288516505,-1.3886122230157554,0.009422137949136454,1.323172947773761,0.27861725719618774,0.08335471047825925,0.22658741001551455,-0.1653886421121006,1,0,0.0
0.0,0.0,0.0,0.0,1.0,0.0,0.0,0.0,1.0,0.0,0.0,1.0,0.0,0.0,0.0,1.0,0.0,0.0,0.0,0.0,0.0,0.0,1.0,-0.583651604336433,0.5497103669016589,-1.3747402980683554,-1.1537984036814481,0.7343919740363871,-0.8163013318467012,1.4316316397055602,0.43543531089099613,-0.30153320026594205,-1.205390628418888,-0.44033653410667667,-1.370779382671837,0,0,0.0
0.0,0.0,0.0,0.0,1.0,0.0,0.0,0.0,0.0,0.0,0.0,0.0,0.0,0.0,0.0,0.0,0.0,0.0,0.0,0.0,1.0,0.0,0.0,-1.288784361491485,0.6318254602819717,-0.22991839821962085,-0.341335836174047,0.019829119221123678,0.5000137178421235,-0.7016826129290754,-0.4523023259917688,-1.4618341151902017,0.801671784617653,1.560435298259897,-0.3301922841167624,0,1,1.0
1.0,0.0,0.0,0.0,0.0,0.0,0.0,0.0,1.0,0.0,0.0,0.0,1.0,0.0,1.0,0.0,1.0,0.0,0.0,0.0,0.0,0.0,0.0,-0.31922682040328854,-1.7092798125257977,1.2965108015786917,0.8773580150870548,-1.4092965904094032,0.3283204504914072,1.4316316397055602,-0.4523023259917688,0.8587677146583175,0.3087090866788533,0.004279428641450823,1.2069186076574847,0,1,1.0
0.0,1.0,0.0,0.0,1.0,0.0,0.0,0.0,0.0,1.0,0.0,0.0,0.0,0.0,1.0,1.0,0.0,0.0,0.0,0.0,0.0,1.0,0.0,-1.465067550780248,0.1762649160985079,-0.22991839821962085,0.4711267313333542,-1.4092965904094032,-0.18675935156074158,-1.4127873638072872,-1.3400399628745336,0.27861725719618774,-0.7124279304800886,-0.8849524968548041,-0.21609745503661199,1,1,1.0
0.0,0.0,0.0,0.0,1.0,0.0,0.0,0.0,0.0,1.0,1.0,0.0,0.0,0.0,1.0,0.0,1.0,0.0,1.0,0.0,0.0,0.0,0.0,-1.6413507400690108,-1.4500957979294968,-0.9931329981187772,-0.7475671199277476,0.019829119221123678,-0.41568370802836324,0.7205268888273483,0.43543531089099613,-0.30153320026594205,-1.057501819037248,1.3381273168858332,-1.1468154589219122,0,1,1.0
1.0,0.0,0.0,0.0,1.0,0.0,0.0,0.0,0.0,1.0,0.0,1.0,0.0,0.0,0.0,0.0,1.0,0.0,0.0,0.0,0.0,1.0,0.0,-0.054802036470144075,-1.4197316958756834,-1.7563475980179335,-0.7475671199277476,0.019829119221123678,-0.3012215297945524,-1.4127873638072872,-1.3400399628745336,-1.4618341151902017,-0.24763452956636323,-1.4407224502899634,-1.6612986233851827,0,1,1.0
0.0,1.0,1.0,0.0,0.0,0.0,0.0,0.0,0.0,0.0,0.0,0.0,0.0,1.0,1.0,0.0,0.0,0.0,0.0,0.0,1.0,0.0,0.0,-0.31922682040328854,-0.05331409899532494,-0.22991839821962085,-0.7475671199277476,1.4489548288516505,-1.045225688314323,-1.4127873638072872,1.323172947773761,-0.8816836577280718,-1.4589143016445563,-0.32918254341964476,-0.04178591060860474,1,1,1.0
1.0,0.0,0.0,1.0,0.0,0.0,0.0,1.0,0.0,0.0,0.0,0.0,1.0,0.0,0.0,1.0,0.0,0.0,0.0,0.0,0.0,0.0,1.0,1.6198882617731043,-0.05172988497512598,0.5332962016795355,-0.341335836174047,1.4489548288516505,0.3855515396083126,0.009422137949136454,-0.4523023259917688,0.27861725719618774,-1.6631417050763448,0.1154334193284827,0.5202367659713952,0,0,0.0
1.0,0.0,0.0,1.0,0.0,0.0,0.0,0.0,0.0,0.0,0.0,1.0,0.0,0.0,0.0,1.0,0.0,0.0,1.0,0.0,0.0,0.0,0.0,-0.14294363111452557,0.8702496703219155,0.9149035016291136,0.8773580150870548,0.019829119221123678,-1.3886122230157554,0.7205268888273483,1.323172947773761,-0.8816836577280718,0.09039703473452791,0.7823573634506739,0.7822322994147033,0,0,0.0
0.0,0.0,0.0,1.0,0.0,0.0,0.0,0.0,1.0,0.0,1.0,0.0,0.0,0.0,0.0,0.0,1.0,0.0,1.0,0.0,0.0,0.0,0.0,1.4436050724843412,1.211977836262333,0.1516889017299573,1.2835892988407553,1.4489548288516505,-0.7018391536128903,-0.7016826129290754,1.323172947773761,1.4389181721204474,0.71716389354243,0.22658741001551455,0.331135151107072,0,1,1.0
0.0,0.0,0.0,0.0,1.0,0.0,1.0,0.0,0.0,0.0,0.0,0.0,1.0,0.0,0.0,0.0,1.0,0.0,0.0,0.0,0.0,1.0,0.0,-1.465067550780248,0.8549025970012379,0.1516889017299573,-0.7475671199277476,0.7343919740363871,1.2440178763618939,0.7205268888273483,1.323172947773761,0.27861725719618774,-0.4589042572544202,0.22658741001551455,0.04484164480410205,0,0,0.0
0.0,0.0,0.0,0.0,0.0,0.0,0.0,1.0,0.0,0.0,0.0,0.0,0.0,0.0,0.0,0.0,0.0,0.0,0.0,1.0,0.0,0.0,0.0,-0.31922682040328854,-0.9073044692588276,-1.7563475980179335,-0.7475671199277476,0.7343919740363871,1.1867867872449884,0.009422137949136454,1.323172947773761,-0.8816836577280718,-0.05044945039084338,-1.4407224502899634,-1.5989690408321375,1,1,1.0
0.0,0.0,0.0,0.0,1.0,0.0,1.0,0.0,0.0,0.0,0.0,1.0,0.0,0.0,0.0,0.0,1.0,0.0,0.0,1.0,0.0,0.0,0.0,1.7080298564174856,-0.9194831145391071,1.67811810152827,2.908514433855558,0.019829119221123678,-1.5030744012495663,0.7205268888273483,0.43543531089099613,0.8587677146583175,0.4847671930855676,-0.8849524968548041,1.6041376422328228,0,1,1.0
0.0,0.0,1.0,0.0,0.0,0.0,0.0,0.0,0.0,1.0,0.0,0.0,0.0,0.0,0.0,0.0,1.0,0.0,1.0,0.0,0.0,0.0,0.0,0.2977643421073819,-0.016514127484453228,-0.22991839821962085,-1.1537984036814481,-1.4092965904094032,-0.644608064495985,-0.7016826129290754,1.323172947773761,1.4389181721204474,-0.9377823066806826,-1.3295684596029316,-0.1981380837925143,1,1,1.0
0.0,1.0,1.0,0.0,0.0,0.0,0.0,0.0,0.0,1.0,0.0,1.0,0.0,0.0,1.0,0.0,1.0,0.0,1.0,0.0,0.0,0.0,0.0,1.6198882617731043,0.15421793765073902,0.9149035016291136,0.0648954475796536,1.4489548288516505,-0.3012215297945524,0.009422137949136454,0.43543531089099613,-0.30153320026594205,-0.867359064117997,-0.5514905247937085,0.9058350309181995,0,0,0.0
1.0,0.0,0.0,0.0,0.0,0.0,0.0,0.0,0.0,1.0,0.0,0.0,0.0,1.0,1.0,1.0,0.0,0.0,0.0,1.0,0.0,0.0,0.0,0.2096227474630004,-0.025755375935613833,-0.9931329981187772,0.0648954475796536,1.4489548288516505,-0.243990440677647,0.009422137949136454,0.43543531089099613,1.4389181721204474,0.8791373514366069,-0.996106487541836,-1.098219513202589,0,1,1.0
0.0,1.0,0.0,0.0,1.0,0.0,0.0,1.0,0.0,0.0,0.0,0.0,1.0,0.0,1.0,1.0,0.0,1.0,0.0,0.0,0.0,0.0,0.0,0.1214811528186189,-0.8617913206368616,1.2965108015786917,1.2835892988407553,1.4489548288516505,0.7289380743097451,0.7205268888273483,-1.3400399628745336,-1.4618341151902017,-0.4800312300232259,-1.4407224502899634,1.3738351168673342,1,1,1.0
0.0,1.0,0.0,0.0,0.0,1.0,1.0,0.0,0.0,0.0,0.0,0.0,0.0,0.0,0.0,0.0,0.0,0.0,0.0,0.0,1.0,0.0,0.0,-1.465067550780248,1.4485537966120448,-0.611525698169199,-1.1537984036814481,0.019829119221123678,-0.3012215297945524,1.4316316397055602,0.43543531089099613,-0.30153320026594205,-0.592708418123523,0.6712033727636421,-0.6302194272534539,0,1,1.0
0.0,0.0,0.0,0.0,0.0,0.0,0.0,0.0,0.0,0.0,1.0,0.0,0.0,0.0,0.0,1.0,0.0,0.0,0.0,1.0,0.0,0.0,0.0,-0.8480763882695774,1.5373027862019406,1.2965108015786917,-1.1537984036814481,-1.4092965904094032,0.15662718314069093,0.009422137949136454,-1.3400399628745336,0.27861725719618774,-0.9518669551932197,0.004279428641450823,1.229103713311959,1,0,0.0
0.0,0.0,0.0,1.0,0.0,0.0,0.0,0.0,1.0,0.0,0.0,0.0,0.0,1.0,1.0,0.0,1.0,1.0,0.0,0.0,0.0,0.0,0.0,0.47404753139614486,1.2413518045535221,0.1516889017299573,0.4711267313333542,-0.6947337355941398,-1.33138113389885,-0.7016826129290754,0.43543531089099613,-1.4618341151902017,-0.0856610716721862,0.1154334193284827,0.014205070328876412,0,1,1.0
1.0,0.0,0.0,0.0,1.0,0.0,0.0,1.0,0.0,0.0,0.0,0.0,1.0,0.0,1.0,1.0,0.0,0.0,1.0,0.0,0.0,0.0,0.0,0.2096227474630004,1.4373982895531436,-0.611525698169199,-0.341335836174047,1.4489548288516505,-0.015066084210025312,-0.7016826129290754,1.323172947773761,-0.30153320026594205,-1.5997607867699275,-0.996106487541836,-0.5245760669940553,0,0,0.0
0.0,0.0,0.0,0.0,0.0,1.0,1.0,0.0,0.0,0.0,0.0,1.0,0.0,0.0,1.0,0.0,1.0,1.0,0.0,0.0,0.0,0.0,0.0,0.9147555046180523,1.373039594982561,0.1516889017299573,1.2835892988407553,-1.4092965904094032,-0.07229717332693072,0.7205268888273483,-0.4523023259917688,0.8587677146583175,-0.3391847448978546,1.1158193355117696,-0.002697867312627267,0,0,0.0
0.0,1.0,0.0,1.0,0.0,0.0,0.0,0.0,1.0,0.0,0.0,0.0,0.0,1.0,0.0,0.0,1.0,0.0,0.0,1.0,0.0,0.0,0.0,-0.936217982913959,0.7426874372371449,-1.7563475980179335,-0.7475671199277476,1.4489548288516505,-0.015066084210025312,-1.4127873638072872,-0.4523023259917688,1.4389181721204474,0.08335471047825925,-0.996106487541836,-1.626436314499581,1,1,1.0
1.0,0.0,0.0,1.0,0.0,0.0,0.0,0.0,0.0,1.0,0.0,0.0,1.0,0.0,0.0,1.0,0.0,0.0,0.0,0.0,1.0,0.0,0.0,-0.8480763882695774,0.5653214758923695,0.5332962016795355,0.4711267313333542,-1.4092965904094032,-1.1024567774312282,0.009422137949136454,-0.4523023259917688,-0.8816836577280718,1.491819561731972,-1.107260478228868,0.4505121482001921,0,0,0.0
0.0,1.0,0.0,0.0,1.0,0.0,1.0,0.0,0.0,0.0,0.0,1.0,0.0,0.0,0.0,1.0,0.0,0.0,1.0,0.0,0.0,0.0,0.0,0.1214811528186189,1.1167269682978704,1.67811810152827,-0.341335836174047,-0.6947337355941398,-0.41568370802836324,-1.4127873638072872,-1.3400399628745336,-0.30153320026594205,-1.6772263535888818,0.22658741001551455,1.69076519764553,1,1,1.0
0.0,0.0,0.0,0.0,0.0,0.0,0.0,0.0,0.0,0.0,0.0,0.0,0.0,0.0,0.0,1.0,0.0,0.0,0.0,0.0,0.0,1.0,0.0,1.0910386939068153,0.6660510840100201,-1.3747402980683554,-1.1537984036814481,1.4489548288516505,-0.5873769753790795,-1.4127873638072872,-1.3400399628745336,0.8587677146583175,-0.21242290828502042,1.2269733261988014,-1.4299396644171,0,1,1.0
1.0,0.0,0.0,1.0,0.0,0.0,0.0,1.0,0.0,0.0,0.0,1.0,0.0,0.0,1.0,1.0,0.0,0.0,0.0,0.0,1.0,0.0,0.0,-0.14294363111452557,1.074943323515123,-1.3747402980683554,-0.7475671199277476,-0.6947337355941398,0.3283204504914072,0.7205268888273483,-1.3400399628745336,0.8587677146583175,0.4284285990354188,1.4492813075728652,-1.3295784721706714,1,0,0.0
1.0,0.0,0.0,0.0,1.0,0.0,0.0,0.0,0.0,0.0,0.0,0.0,1.0,0.0,0.0,0.0,0.0,0.0,1.0,0.0,0.0,0.0,0.0,-0.4955100096920515,0.36174997429680295,-0.9931329981187772,-1.1537984036814481,-0.6947337355941398,-1.7319987577171878,0.009422137949136454,1.323172947773761,0.8587677146583175,-0.10678804444099195,0.22658741001551455,-1.1256867868700327,1,0,0.0
0.0,0.0,0.0,0.0,0.0,0.0,0.0,0.0,0.0,0.0,0.0,0.0,0.0,1.0,1.0,1.0,0.0,0.0,0.0,0.0,0.0,0.0,1.0,1.7080298564174856,-0.8876998207588654,-1.3747402980683554,-0.7475671199277476,0.7343919740363871,-0.07229717332693072,0.7205268888273483,1.323172947773761,1.4389181721204474,0.7594178390800416,-1.6630304316640272,-1.3454249762095813,0,0,0.0
1.0,0.0,0.0,0.0,1.0,0.0,0.0,1.0,0.0,0.0,1.0,0.0,0.0,0.0,0.0,0.0,0.0,0.0,0.0,0.0,1.0,0.0,0.0,1.0910386939068153,-0.8522200275981595,0.5332962016795355,0.4711267313333542,-1.4092965904094032,0.09939609402378552,1.4316316397055602,-0.4523023259917688,0.27861725719618774,0.21715887134736186,-1.2184144689158998,0.4103676713016206,0,0,0.0
0.0,0.0,0.0,0.0,1.0,0.0,0.0,1.0,0.0,0.0,0.0,1.0,0.0,0.0,1.0,0.0,0.0,0.0,0.0,0.0,1.0,0.0,0.0,-0.23108522575890705,0.9785703039530195,-0.9931329981187772,0.0648954475796536,-0.6947337355941398,-1.216918955665039,-0.7016826129290754,-1.3400399628745336,-0.8816836577280718,1.1115340518934698,-1.4407224502899634,-1.1277996540752204,0,1,1.0
0.0,1.0,1.0,0.0,0.0,0.0,0.0,0.0,1.0,0.0,0.0,1.0,0.0,0.0,1.0,1.0,0.0,0.0,0.0,0.0,0.0,0.0,1.0,1.7080298564174856,1.3980569747182028,-1.3747402980683554,-1.1537984036814481,-0.6947337355941398,-0.9879945991974174,-1.4127873638072872,1.323172947773761,-1.4618341151902017,1.7312585864451033,-0.32918254341964476,-1.3359170737862354,0,1,1.0
0.0,0.0,0.0,0.0,0.0,1.0,0.0,0.0,1.0,0.0,0.0,0.0,1.0,0.0,1.0,0.0,1.0,0.0,0.0,1.0,0.0,0.0,0.0,-0.936217982913959,0.5918570607307021,1.2965108015786917,-1.1537984036814481,0.7343919740363871,1.3012489654787993,-1.4127873638072872,-1.3400399628745336,-0.8816836577280718,0.5411057871357159,-1.5518764409769954,1.3664400816491764,1,1,1.0
0.0,1.0,0.0,0.0,0.0,1.0,0.0,0.0,0.0,0.0,1.0,0.0,0.0,0.0,0.0,0.0,1.0,0.0,0.0,1.0,0.0,0.0,0.0,0.9147555046180523,0.008602265627451141,0.1516889017299573,-0.341335836174047,-1.4092965904094032,-0.015066084210025312,1.4316316397055602,-1.3400399628745336,1.4389181721204474,0.21715887134736186,-0.10687456204558105,0.28676493979812434,1,0,0.0
0.0,0.0,0.0,0.0,0.0,0.0,0.0,0.0,1.0,0.0,0.0,1.0,0.0,0.0,0.0,0.0,1.0,0.0,0.0,1.0,0.0,0.0,0.0,1.5317466671287228,1.3525438260962368,-0.611525698169199,-1.1537984036814481,0.019829119221123678,-1.2741500447819445,-0.7016826129290754,1.323172947773761,0.27861725719618774,-0.17016896274740917,1.3381273168858332,-0.5214067661862737,0,0,0.0
0.0,1.0,1.0,0.0,0.0,0.0,0.0,0.0,1.0,0.0,0.0,1.0,0.0,0.0,0.0,0.0,0.0,0.0,0.0,0.0,0.0,0.0,1.0,-1.1125011722027218,1.4561118176667438,1.67811810152827,2.0960518663481564,1.4489548288516505,-0.015066084210025312,-0.7016826129290754,-0.4523023259917688,-1.4618341151902017,1.7171739379325663,1.1158193355117696,1.5608238645264696,1,0,0.0
0.0,1.0,0.0,1.0,0.0,0.0,0.0,0.0,0.0,0.0,0.0,0.0,1.0,0.0,1.0,0.0,0.0,0.0,0.0,0.0,0.0,1.0,0.0,-0.6717931989808145,-1.6487826396294498,-0.22991839821962085,0.8773580150870548,-1.4092965904094032,0.15662718314069093,0.7205268888273483,-0.4523023259917688,-0.30153320026594205,1.5974544255760006,0.4488953913895783,-0.09777689154608589,1,0,0.0
1.0,0.0,0.0,0.0,0.0,0.0,0.0,0.0,0.0,0.0,0.0,0.0,0.0,1.0,1.0,0.0,0.0,0.0,1.0,0.0,0.0,0.0,0.0,-0.4955100096920515,-0.6601010731902813,0.1516889017299573,-1.1537984036814481,-0.6947337355941398,-1.4458433121326608,0.7205268888273483,-0.4523023259917688,-1.4618341151902017,-0.7828511730427742,1.2269733261988014,0.21915318923210964,0,0,0.0
1.0,0.0,1.0,0.0,0.0,0.0,0.0,0.0,0.0,1.0,0.0,0.0,1.0,0.0,0.0,1.0,0.0,0.0,0.0,1.0,0.0,0.0,0.0,0.2977643421073819,-0.5347171343832844,-0.22991839821962085,0.0648954475796536,1.4489548288516505,1.4729422328295156,1.4316316397055602,1.323172947773761,-0.8816836577280718,0.09039703473452791,-0.5514905247937085,-0.39463473387499537,0,0,0.0
0.0,0.0,1.0,0.0,0.0,0.0,1.0,0.0,0.0,0.0,0.0,0.0,0.0,0.0,0.0,1.0,0.0,0.0,0.0,0.0,0.0,1.0,0.0,-0.23108522575890705,0.3138605046445385,-0.9931329981187772,-0.341335836174047,1.4489548288516505,-0.7018391536128903,0.7205268888273483,0.43543531089099613,0.27861725719618774,1.1749149701998867,-1.4407224502899634,-1.162661962960822,0,0,0.0
0.0,1.0,0.0,0.0,0.0,0.0,0.0,1.0,0.0,0.0,0.0,0.0,0.0,0.0,1.0,1.0,0.0,0.0,0.0,0.0,0.0,1.0,0.0,1.0028970992624338,-1.5398679257407712,-0.9931329981187772,-0.341335836174047,-0.6947337355941398,0.9578624307773668,-1.4127873638072872,-1.3400399628745336,0.27861725719618774,0.6819522722610872,-0.6626445154807404,-0.9144000663512357,0,1,1.0
0.0,0.0,1.0,0.0,0.0,0.0,0.0,1.0,0.0,0.0,0.0,1.0,0.0,0.0,1.0,0.0,1.0,0.0,0.0,0.0,0.0,1.0,0.0,-0.936217982913959,0.5328450884782908,0.1516889017299573,1.2835892988407553,0.7343919740363871,-1.5603054903664717,0.7205268888273483,-0.4523023259917688,-0.30153320026594205,1.4284386434255552,-0.5514905247937085,0.1050583601519593,0,0,0.0
1.0,0.0,0.0,0.0,0.0,1.0,0.0,0.0,0.0,1.0,0.0,1.0,0.0,0.0,1.0,0.0,0.0,1.0,0.0,0.0,0.0,0.0,0.0,0.1214811528186189,0.3737966017420659,1.2965108015786917,2.5022831501018574,-0.6947337355941398,-1.2741500447819445,-1.4127873638072872,-1.3400399628745336,-0.30153320026594205,-1.2758138709815738,1.2269733261988014,1.178394900387447,0,1,1.0
0.0,0.0,0.0,0.0,0.0,0.0,0.0,0.0,1.0,0.0,0.0,0.0,0.0,1.0,1.0,0.0,1.0,0.0,1.0,0.0,0.0,0.0,0.0,1.0910386939068153,0.010516524235191553,0.9149035016291136,1.689820582594456,1.4489548288516505,0.7861691634266506,0.009422137949136454,-1.3400399628745336,0.8587677146583175,0.9143489727179497,1.0046653448247376,0.9533745430349287,1,1,1.0
1.0,0.0,0.0,1.0,0.0,0.0,0.0,0.0,0.0,1.0,0.0,0.0,1.0,0.0,0.0,0.0,1.0,1.0,0.0,0.0,0.0,0.0,0.0,0.8266139099736708,0.9593287044993529,0.9149035016291136,1.689820582594456,0.7343919740363871,-0.644608064495985,1.4316316397055602,-1.3400399628745336,-1.4618341151902017,-0.3884810146917345,-1.2184144689158998,0.9935190199335003,0,0,0.0
0.0,1.0,1.0,0.0,0.0,0.0,1.0,0.0,0.0,0.0,0.0,1.0,0.0,0.0,0.0,0.0,0.0,1.0,0.0,0.0,0.0,0.0,0.0,-1.465067550780248,0.8888971895180073,-0.9931329981187772,-0.341335836174047,0.7343919740363871,1.0150935198942723,0.7205268888273483,1.323172947773761,-1.4618341151902017,-1.0152478734996369,1.4492813075728652,-0.8679169878371003,0,0,0.0
0.0,0.0,0.0,0.0,1.0,0.0,0.0,0.0,0.0,1.0,1.0,0.0,0.0,0.0,0.0,0.0,1.0,0.0,0.0,0.0,0.0,0.0,0.0,0.033339558174237414,0.7285285244316166,-0.611525698169199,-1.1537984036814481,-1.4092965904094032,-0.07229717332693072,1.4316316397055602,-0.4523023259917688,-0.8816836577280718,-0.33214242064158594,-1.4407224502899634,-0.4675286524539802,0,0,0.0
0.0,0.0,1.0,0.0,0.0,0.0,0.0,0.0,1.0,0.0,1.0,0.0,0.0,0.0,0.0,0.0,1.0,0.0,0.0,0.0,0.0,0.0,1.0,-0.054802036470144075,1.3080868201544034,1.2965108015786917,0.8773580150870548,-1.4092965904094032,1.5874044110633263,0.009422137949136454,0.43543531089099613,0.27861725719618774,1.5904121013197319,-1.107260478228868,1.385455886495868,0,0,0.0
1.0,0.0,0.0,1.0,0.0,0.0,1.0,0.0,0.0,0.0,0.0,0.0,0.0,0.0,1.0,0.0,1.0,0.0,1.0,0.0,0.0,0.0,0.0,-0.936217982913959,0.689913307689267,-0.22991839821962085,-1.1537984036814481,0.019829119221123678,-0.9307635100805121,0.009422137949136454,-0.4523023259917688,-0.30153320026594205,-0.4236926359730773,0.8935113541377058,-0.11256696198240153,0,0,0.0
1.0,0.0,0.0,1.0,0.0,0.0,0.0,1.0,0.0,0.0,0.0,0.0,0.0,0.0,0.0,0.0,0.0,0.0,0.0,0.0,0.0,1.0,0.0,-1.1125011722027218,1.1756729316327736,0.5332962016795355,0.4711267313333542,-0.6947337355941398,-1.7319987577171878,0.7205268888273483,1.323172947773761,0.27861725719618774,-1.4237026803632133,1.560435298259897,0.3765617960186132,0,1,1.0
0.0,1.0,1.0,0.0,0.0,0.0,0.0,0.0,0.0,1.0,0.0,0.0,0.0,1.0,1.0,0.0,1.0,0.0,0.0,0.0,1.0,0.0,0.0,-1.6413507400690108,-0.2910452154014316,0.1516889017299573,0.4711267313333542,-1.4092965904094032,-1.7319987577171878,1.4316316397055602,0.43543531089099613,-1.4618341151902017,-0.06453409890338072,-0.7737985061677722,0.21387102121913953,0,0,0.0
0.0,1.0,0.0,1.0,0.0,0.0,0.0,0.0,0.0,1.0,1.0,0.0,0.0,0.0,0.0,0.0,1.0,0.0,0.0,0.0,0.0,0.0,1.0,-1.288784361491485,0.20636498248228816,-1.3747402980683554,-1.1537984036814481,1.4489548288516505,1.4157111437126102,1.4316316397055602,0.43543531089099613,-0.8816836577280718,1.1608303216873495,-1.6630304316640272,-1.5746710679724756,1,1,1.0
1.0,0.0,0.0,0.0,0.0,1.0,1.0,0.0,0.0,0.0,0.0,1.0,0.0,0.0,0.0,1.0,0.0,0.0,0.0,0.0,0.0,1.0,0.0,-1.288784361491485,0.9325620884497412,0.1516889017299573,-0.7475671199277476,-0.6947337355941398,-1.2741500447819445,0.7205268888273483,1.323172947773761,0.8587677146583175,1.1256187004060065,0.33774140070254643,0.10188905934417722,0,0,0.0
0.0,0.0,0.0,0.0,0.0,0.0,0.0,0.0,0.0,0.0,0.0,1.0,0.0,0.0,0.0,0.0,1.0,0.0,0.0,0.0,0.0,0.0,0.0,0.1214811528186189,-1.5816185660647646,1.67811810152827,-1.1537984036814481,-1.4092965904094032,-1.5030744012495663,0.7205268888273483,-1.3400399628745336,-0.30153320026594205,-0.8391897670929227,0.6712033727636421,1.5164536532175221,0,0,0.0
0.0,1.0,0.0,1.0,0.0,0.0,0.0,0.0,0.0,1.0,0.0,1.0,0.0,0.0,0.0,1.0,0.0,0.0,1.0,0.0,0.0,0.0,0.0,-0.23108522575890705,-1.4855425866314484,0.1516889017299573,1.2835892988407553,0.019829119221123678,1.1867867872449884,1.4316316397055602,-1.3400399628745336,-0.8816836577280718,-0.9518669551932197,-0.32918254341964476,0.13780780183237262,0,0,0.0
1.0,0.0,0.0,0.0,0.0,0.0,0.0,0.0,0.0,1.0,0.0,1.0,0.0,0.0,0.0,0.0,1.0,0.0,0.0,0.0,1.0,0.0,0.0,0.033339558174237414,-1.738257727311937,0.5332962016795355,0.8773580150870548,1.4489548288516505,-0.4729147971452687,-1.4127873638072872,0.43543531089099613,-0.8816836577280718,-1.043417170524711,0.7823573634506739,0.7294106192850038,0,0,0.0
0.0,0.0,1.0,0.0,0.0,0.0,0.0,0.0,0.0,1.0,0.0,0.0,1.0,0.0,1.0,0.0,0.0,0.0,0.0,0.0,0.0,1.0,0.0,0.2096227474630004,0.7058874657262731,-0.611525698169199,0.4711267313333542,-0.6947337355941398,-0.7018391536128903,-0.7016826129290754,0.43543531089099613,1.4389181721204474,-1.6349724080512704,1.0046653448247376,-0.7041697794350328,1,1,1.0
0.0,1.0,1.0,0.0,0.0,0.0,0.0,0.0,1.0,0.0,0.0,1.0,0.0,0.0,0.0,0.0,0.0,0.0,0.0,1.0,0.0,0.0,0.0,0.1214811528186189,1.196465740647885,1.67811810152827,2.908514433855558,-0.6947337355941398,1.1867867872449884,-1.4127873638072872,-0.4523023259917688,0.8587677146583175,1.618581398344806,-1.5518764409769954,1.677031560811808,1,0,0.0
0.0,0.0,0.0,0.0,0.0,1.0,0.0,0.0,0.0,0.0,0.0,0.0,1.0,0.0,1.0,0.0,1.0,0.0,0.0,1.0,0.0,0.0,0.0,1.2673218831955781,-0.9973736371988894,0.9149035016291136,-0.341335836174047,-0.6947337355941398,-0.07229717332693072,-1.4127873638072872,0.43543531089099613,-0.8816836577280718,1.6467506953698807,1.0046653448247376,0.8456183155703426,1,1,1.0
0.0,0.0,0.0,0.0,0.0,1.0,0.0,0.0,1.0,0.0,0.0,0.0,1.0,0.0,0.0,0.0,0.0,0.0,1.0,0.0,0.0,0.0,0.0,0.5621891260405263,1.6412008223599892,-0.9931329981187772,-1.1537984036814481,-0.6947337355941398,-1.1024567774312282,-0.7016826129290754,1.323172947773761,0.27861725719618774,0.21011654709109345,-1.6630304316640272,-1.03483349704695,1,1,1.0
1.0,0.0,0.0,0.0,0.0,0.0,1.0,0.0,0.0,0.0,0.0,0.0,0.0,1.0,1.0,0.0,1.0,0.0,0.0,1.0,0.0,0.0,0.0,1.5317466671287228,-1.5374586002517185,0.5332962016795355,1.689820582594456,-0.6947337355941398,-0.5873769753790795,-0.7016826129290754,-1.3400399628745336,0.27861725719618774,0.6960369207736246,-0.8849524968548041,0.6586295679112071,1,1,1.0
0.0,0.0,1.0,0.0,0.0,0.0,0.0,0.0,0.0,0.0,0.0,0.0,0.0,1.0,0.0,0.0,1.0,0.0,0.0,1.0,0.0,0.0,0.0,-1.5532091454246293,0.529478633685368,-0.9931329981187772,-0.341335836174047,0.019829119221123678,1.7018665892971372,0.009422137949136454,-0.4523023259917688,1.4389181721204474,0.9354759454867556,-1.5518764409769954,-1.0464542666754837,0,0,0.0
1.0,0.0,0.0,0.0,0.0,0.0,0.0,0.0,0.0,0.0,0.0,1.0,0.0,0.0,0.0,0.0,1.0,0.0,0.0,0.0,0.0,1.0,0.0,-1.3769259561358664,-0.5189740075575572,-0.22991839821962085,-0.341335836174047,0.7343919740363871,-1.5603054903664717,0.7205268888273483,1.323172947773761,0.27861725719618774,1.7312585864451033,1.0046653448247376,-0.38090109704127373,1,1,1.0
0.0,0.0,0.0,0.0,0.0,1.0,0.0,0.0,0.0,1.0,0.0,0.0,1.0,0.0,1.0,0.0,1.0,0.0,0.0,1.0,0.0,0.0,0.0,-1.1125011722027218,0.71064010778687,1.2965108015786917,-0.341335836174047,0.019829119221123678,0.6144758960759343,-1.4127873638072872,1.323172947773761,-1.4618341151902017,-0.8321474428366541,-0.996106487541836,1.4129231601633119,1,1,1.0
0.0,1.0,0.0,0.0,1.0,0.0,1.0,0.0,0.0,0.0,0.0,1.0,0.0,0.0,1.0,1.0,0.0,0.0,0.0,0.0,0.0,0.0,0.0,-0.759934793625196,-1.6780245900856223,-0.9931329981187772,-0.7475671199277476,0.019829119221123678,1.5874044110633263,-0.7016826129290754,1.323172947773761,-0.8816836577280718,-1.3814487348256022,-0.21802855273261293,-0.8626348198241305,0,0,0.0
0.0,0.0,0.0,0.0,1.0,0.0,0.0,1.0,0.0,0.0,0.0,0.0,1.0,0.0,0.0,0.0,0.0,0.0,0.0,0.0,1.0,0.0,0.0,1.6198882617731043,-1.4689413438781136,0.1516889017299573,0.8773580150870548,-1.4092965904094032,1.4729422328295156,0.009422137949136454,-0.4523023259917688,-1.4618341151902017,-0.29693079936024314,1.1158193355117696,0.022656539149628594,1,1,1.0
1.0,0.0,0.0,0.0,0.0,0.0,0.0,0.0,0.0,0.0,0.0,0.0,0.0,1.0,1.0,1.0,0.0,0.0,0.0,0.0,1.0,0.0,0.0,-0.4955100096920515,-1.7034710277850682,1.2965108015786917,0.8773580150870548,1.4489548288516505,-0.18675935156074158,1.4316316397055602,-1.3400399628745336,-0.30153320026594205,1.3580154008628695,-0.6626445154807404,1.4203181953814696,1,1,1.0
0.0,1.0,0.0,0.0,0.0,0.0,0.0,0.0,0.0,1.0,0.0,0.0,0.0,1.0,1.0,0.0,1.0,0.0,1.0,0.0,0.0,0.0,0.0,-1.5532091454246293,0.9616060121533889,-0.22991839821962085,0.4711267313333542,0.019829119221123678,1.530173321946421,1.4316316397055602,-0.4523023259917688,1.4389181721204474,0.16082027729721354,0.8935113541377058,-0.29744284243634866,1,0,0.0
0.0,0.0,0.0,0.0,0.0,0.0,0.0,0.0,1.0,0.0,1.0,0.0,0.0,0.0,0.0,0.0,1.0,0.0,0.0,0.0,0.0,1.0,0.0,-1.5532091454246293,-0.9043670724297087,0.1516889017299573,-0.341335836174047,-0.6947337355941398,1.530173321946421,0.009422137949136454,-1.3400399628745336,0.8587677146583175,-0.34622706915412327,0.4488953913895783,0.22654822445026745,0,0,0.0
0.0,0.0,0.0,0.0,1.0,0.0,1.0,0.0,0.0,0.0,0.0,1.0,0.0,0.0,1.0,1.0,0.0,0.0,0.0,0.0,0.0,0.0,1.0,1.6198882617731043,-0.6151820048258899,0.1516889017299573,1.2835892988407553,-1.4092965904094032,-0.3012215297945524,0.009422137949136454,0.43543531089099613,0.27861725719618774,0.8580103786678014,-0.8849524968548041,0.34592522154338756,1,0,0.0
0.0,1.0,0.0,1.0,0.0,0.0,0.0,0.0,0.0,0.0,0.0,0.0,0.0,1.0,1.0,1.0,0.0,0.0,0.0,0.0,0.0,1.0,0.0,-1.288784361491485,1.604070806261576,-0.22991839821962085,-1.1537984036814481,0.7343919740363871,1.4729422328295156,0.7205268888273483,-0.4523023259917688,1.4389181721204474,1.0199838365619782,-0.32918254341964476,-0.2847656392052211,1,0,0.0
1.0,0.0,0.0,0.0,1.0,0.0,0.0,0.0,1.0,0.0,0.0,1.0,0.0,0.0,0.0,0.0,1.0,0.0,0.0,1.0,0.0,0.0,0.0,1.6198882617731043,-0.6323113189192912,0.1516889017299573,-1.1537984036814481,0.019829119221123678,-1.5030744012495663,-0.7016826129290754,0.43543531089099613,-1.4618341151902017,0.14673562878467622,1.1158193355117696,0.0712524848689516,0,0,0.0
0.0,1.0,1.0,0.0,0.0,0.0,0.0,0.0,0.0,1.0,0.0,0.0,0.0,0.0,0.0,0.0,0.0,0.0,0.0,0.0,0.0,0.0,0.0,1.3554634778399597,1.4164404582442616,0.9149035016291136,0.4711267313333542,-0.6947337355941398,0.21385827225759635,0.7205268888273483,0.43543531089099613,0.8587677146583175,-0.6208777151485972,-0.21802855273261293,1.0199298599983497,0,0,0.0
0.0,0.0,0.0,0.0,0.0,1.0,0.0,0.0,0.0,1.0,0.0,0.0,0.0,1.0,0.0,1.0,0.0,0.0,1.0,0.0,0.0,0.0,0.0,0.5621891260405263,-1.5999360406733152,0.5332962016795355,1.689820582594456,0.019829119221123678,1.0150935198942723,-1.4127873638072872,0.43543531089099613,0.8587677146583175,-1.5575068412323163,-0.7737985061677722,0.3776182296212072,0,0,0.0
0.0,1.0,0.0,0.0,0.0,0.0,0.0,0.0,0.0,0.0,0.0,0.0,0.0,1.0,0.0,0.0,0.0,0.0,0.0,0.0,0.0,0.0,0.0,-0.40736841504767,-0.6783525388813235,0.9149035016291136,0.0648954475796536,1.4489548288516505,-0.3584526189114578,-0.7016826129290754,0.43543531089099613,0.27861725719618774,0.2875821139100475,-1.4407224502899634,0.7494828577342896,0,0,0.0
0.0,1.0,0.0,0.0,0.0,0.0,0.0,0.0,0.0,0.0,0.0,0.0,1.0,0.0,0.0,1.0,0.0,0.0,0.0,0.0,0.0,1.0,0.0,1.0028970992624338,-1.0217969366769566,-0.611525698169199,0.0648954475796536,0.7343919740363871,0.9578624307773668,0.7205268888273483,-0.4523023259917688,0.8587677146583175,-1.3814487348256022,1.1158193355117696,-0.7865716004373636,0,1,1.0
0.0,0.0,0.0,0.0,0.0,1.0,0.0,0.0,1.0,0.0,1.0,0.0,0.0,0.0,1.0,1.0,0.0,0.0,0.0,1.0,0.0,0.0,0.0,-0.759934793625196,-0.1229205025078168,-1.3747402980683554,-1.1537984036814481,-1.4092965904094032,-0.8735324209636066,-1.4127873638072872,1.323172947773761,1.4389181721204474,1.1749149701998867,-0.44033653410667667,-1.29999833129804,1,1,1.0
0.0,0.0,0.0,0.0,1.0,0.0,0.0,0.0,0.0,0.0,1.0,0.0,0.0,0.0,0.0,0.0,0.0,0.0,0.0,0.0,1.0,0.0,0.0,-1.5532091454246293,0.17177630970794416,-0.611525698169199,0.4711267313333542,0.7343919740363871,-0.41568370802836324,1.4316316397055602,-1.3400399628745336,-0.30153320026594205,0.653782975236013,-1.107260478228868,-0.4400613787865366,0,0,0.0
0.0,1.0,1.0,0.0,0.0,0.0,1.0,0.0,0.0,0.0,0.0,1.0,0.0,0.0,0.0,0.0,0.0,0.0,0.0,0.0,1.0,0.0,0.0,0.2096227474630004,0.14735301022987685,-0.22991839821962085,-1.1537984036814481,1.4489548288516505,1.1867867872449884,-0.7016826129290754,-0.4523023259917688,-1.4618341151902017,-0.2898884751039747,0.33774140070254643,-0.17700941174063453,0,0,0.0
0.0,0.0,0.0,0.0,1.0,0.0,1.0,0.0,0.0,0.0,0.0,0.0,1.0,0.0,1.0,0.0,0.0,0.0,0.0,0.0,1.0,0.0,0.0,0.9147555046180523,-0.20411147104301358,0.5332962016795355,0.0648954475796536,-0.6947337355941398,-0.015066084210025312,1.4316316397055602,1.323172947773761,-1.4618341151902017,0.5270211386231786,0.22658741001551455,0.5836227821270341,0,0,0.0
0.0,0.0,0.0,0.0,0.0,0.0,0.0,0.0,0.0,0.0,1.0,0.0,0.0,0.0,1.0,0.0,0.0,0.0,1.0,0.0,0.0,0.0,0.0,-0.759934793625196,0.5444296535009957,-0.611525698169199,-0.7475671199277476,1.4489548288516505,-0.12952826244383614,0.009422137949136454,-1.3400399628745336,1.4389181721204474,0.7664601633363102,-0.7737985061677722,-0.4675286524539802,1,1,1.0
0.0,0.0,1.0,0.0,0.0,0.0,0.0,0.0,1.0,0.0,0.0,1.0,0.0,0.0,0.0,0.0,1.0,0.0,0.0,0.0,0.0,0.0,1.0,0.033339558174237414,-0.03803303459215578,-0.22991839821962085,0.8773580150870548,-1.4092965904094032,-0.9879945991974174,-0.7016826129290754,0.43543531089099613,1.4389181721204474,-1.0011632249870996,1.2269733261988014,-0.1939123493821382,0,1,1.0
0.0,1.0,0.0,1.0,0.0,0.0,0.0,0.0,0.0,0.0,0.0,0.0,0.0,0.0,1.0,1.0,0.0,0.0,0.0,0.0,0.0,0.0,1.0,-0.14294363111452557,-0.32794420028856575,1.67811810152827,1.689820582594456,0.019829119221123678,1.4729422328295156,-1.4127873638072872,0.43543531089099613,-1.4618341151902017,-1.3110254922629165,-0.44033653410667667,1.681257295222184,0,0,0.0
0.0,0.0,1.0,0.0,0.0,0.0,1.0,0.0,0.0,0.0,0.0,1.0,0.0,0.0,0.0,0.0,0.0,0.0,0.0,0.0,0.0,1.0,0.0,0.1214811528186189,-0.38953052032380037,0.5332962016795355,-0.7475671199277476,-1.4092965904094032,-1.216918955665039,1.4316316397055602,1.323172947773761,-1.4618341151902017,-0.7687665245302371,-0.8849524968548041,0.3522638231589517,0,0,0.0
0.0,0.0,0.0,0.0,0.0,1.0,0.0,1.0,0.0,0.0,0.0,0.0,1.0,0.0,1.0,0.0,1.0,0.0,0.0,0.0,0.0,1.0,0.0,1.3554634778399597,-0.9164797087924799,-0.611525698169199,0.4711267313333542,1.4489548288516505,0.6144758960759343,1.4316316397055602,-1.3400399628745336,-1.4618341151902017,0.991814539536904,1.0046653448247376,-0.7073390802428148,0,0,0.0
0.0,0.0,0.0,1.0,0.0,0.0,0.0,0.0,0.0,0.0,0.0,0.0,0.0,1.0,0.0,0.0,0.0,1.0,0.0,0.0,0.0,0.0,0.0,0.8266139099736708,-1.106981444721405,-0.22991839821962085,-0.7475671199277476,1.4489548288516505,-0.243990440677647,-1.4127873638072872,0.43543531089099613,0.8587677146583175,-1.1983483041626195,-1.6630304316640272,-0.14425997006022118,1,0,0.0
0.0,0.0,0.0,0.0,0.0,1.0,0.0,0.0,0.0,1.0,0.0,0.0,0.0,1.0,0.0,0.0,1.0,0.0,0.0,0.0,0.0,0.0,1.0,-0.31922682040328854,0.19722274740739,1.2965108015786917,0.0648954475796536,-0.6947337355941398,-1.1024567774312282,-1.4127873638072872,-0.4523023259917688,0.8587677146583175,0.04814308919691642,1.6715892889469288,1.3696093824569586,1,1,1.0
1.0,0.0,0.0,1.0,0.0,0.0,0.0,0.0,0.0,0.0,1.0,0.0,0.0,0.0,1.0,1.0,0.0,1.0,0.0,0.0,0.0,0.0,0.0,-1.2006427668471034,1.54852430217835,-1.7563475980179335,-0.7475671199277476,1.4489548288516505,-1.5603054903664717,1.4316316397055602,1.323172947773761,0.8587677146583175,-0.7265125789926257,0.22658741001551455,-1.5873482712036036,1,1,1.0
0.0,0.0,0.0,0.0,1.0,0.0,1.0,0.0,0.0,0.0,0.0,0.0,1.0,0.0,0.0,0.0,0.0,0.0,0.0,0.0,0.0,0.0,0.0,0.47404753139614486,-1.3656373879776396,-0.22991839821962085,0.4711267313333542,1.4489548288516505,-0.8163013318467012,0.009422137949136454,0.43543531089099613,-0.8816836577280718,-0.9096130096556083,0.004279428641450823,-0.18651731416398037,0,0,0.0
0.0,1.0,0.0,0.0,0.0,1.0,0.0,1.0,0.0,0.0,1.0,0.0,0.0,0.0,1.0,0.0,1.0,0.0,0.0,0.0,0.0,1.0,0.0,0.8266139099736708,-0.03384146833037937,-1.3747402980683554,-0.7475671199277476,1.4489548288516505,-0.18675935156074158,0.7205268888273483,1.323172947773761,1.4389181721204474,1.4073116706567492,0.4488953913895783,-1.2492895183735286,0,0,0.0
1.0,0.0,0.0,0.0,0.0,1.0,0.0,0.0,0.0,1.0,0.0,0.0,0.0,1.0,1.0,1.0,0.0,0.0,0.0,1.0,0.0,0.0,0.0,1.3554634778399597,-0.496398957769722,-1.3747402980683554,-1.1537984036814481,-0.6947337355941398,1.3012489654787993,0.7205268888273483,1.323172947773761,-0.8816836577280718,-0.31101544787278046,0.4488953913895783,-1.43522183243007,0,1,1.0
0.0,0.0,1.0,0.0,0.0,0.0,0.0,0.0,1.0,0.0,0.0,0.0,1.0,0.0,1.0,1.0,0.0,0.0,0.0,0.0,1.0,0.0,0.0,0.8266139099736708,0.49753031761135563,1.2965108015786917,1.2835892988407553,-1.4092965904094032,-1.2741500447819445,1.4316316397055602,-1.3400399628745336,-1.4618341151902017,0.04110076494064776,-1.4407224502899634,1.254458119774214,0,1,1.0
0.0,1.0,0.0,0.0,0.0,0.0,1.0,0.0,0.0,0.0,0.0,0.0,1.0,0.0,0.0,1.0,0.0,0.0,0.0,0.0,0.0,0.0,1.0,-1.3769259561358664,0.4690144652477743,-0.9931329981187772,-0.341335836174047,0.7343919740363871,-0.9307635100805121,-1.4127873638072872,-1.3400399628745336,-1.4618341151902017,-1.5434221927197793,0.22658741001551455,-1.1320253884855964,0,0,0.0
0.0,1.0,0.0,1.0,0.0,0.0,0.0,0.0,1.0,0.0,0.0,1.0,0.0,0.0,1.0,1.0,0.0,0.0,0.0,1.0,0.0,0.0,0.0,1.0910386939068153,-1.2707825735182268,-0.22991839821962085,0.4711267313333542,-1.4092965904094032,1.6446355001802317,0.7205268888273483,0.43543531089099613,0.27861725719618774,0.5833597326733274,0.33774140070254643,-0.08826898912274003,0,0,0.0
1.0,0.0,0.0,1.0,0.0,0.0,0.0,1.0,0.0,0.0,1.0,0.0,0.0,0.0,1.0,1.0,0.0,1.0,0.0,0.0,0.0,0.0,0.0,-0.8480763882695774,-1.0857265732837356,-0.611525698169199,0.0648954475796536,1.4489548288516505,1.530173321946421,-1.4127873638072872,-0.4523023259917688,1.4389181721204474,-0.10678804444099195,1.3381273168858332,-0.7379756547180404,1,0,0.0
0.0,0.0,0.0,0.0,0.0,0.0,1.0,0.0,0.0,0.0,0.0,0.0,0.0,0.0,1.0,1.0,0.0,0.0,0.0,0.0,1.0,0.0,0.0,1.5317466671287228,0.4595091811265805,0.1516889017299573,-0.7475671199277476,-0.6947337355941398,-0.7590702427297957,0.009422137949136454,-1.3400399628745336,0.27861725719618774,-0.06453409890338072,-0.5514905247937085,-0.030165140980070834,1,1,1.0
0.0,1.0,0.0,1.0,0.0,0.0,0.0,0.0,0.0,0.0,0.0,0.0,1.0,0.0,1.0,1.0,0.0,1.0,0.0,0.0,0.0,0.0,0.0,1.4436050724843412,-1.3570892331603162,-0.9931329981187772,0.0648954475796536,-0.6947337355941398,-0.644608064495985,-1.4127873638072872,1.323172947773761,0.8587677146583175,-0.6490470121736713,0.33774140070254643,-1.172169865384168,1,1,1.0
1.0,0.0,0.0,1.0,0.0,0.0,0.0,0.0,0.0,0.0,0.0,0.0,1.0,0.0,0.0,1.0,0.0,0.0,0.0,0.0,0.0,1.0,0.0,0.3859059367517634,-0.1591924026786222,-0.22991839821962085,0.4711267313333542,0.7343919740363871,0.5572448069590289,0.009422137949136454,0.43543531089099613,0.27861725719618774,-1.3391947892879907,0.4488953913895783,-0.36505459300236376,1,1,1.0
1.0,0.0,0.0,0.0,1.0,0.0,0.0,1.0,0.0,0.0,1.0,0.0,0.0,0.0,1.0,1.0,0.0,0.0,1.0,0.0,0.0,0.0,0.0,1.2673218831955781,-0.8808348933380032,1.67811810152827,2.5022831501018574,-0.6947337355941398,0.21385827225759635,0.7205268888273483,1.323172947773761,0.27861725719618774,1.7171739379325663,0.004279428641450823,1.6453385527339888,0,0,0.0
0.0,0.0,0.0,0.0,1.0,0.0,0.0,0.0,0.0,1.0,0.0,0.0,0.0,1.0,0.0,1.0,0.0,0.0,0.0,1.0,0.0,0.0,0.0,0.033339558174237414,-0.3518064239678126,1.2965108015786917,0.8773580150870548,1.4489548288516505,-0.41568370802836324,1.4316316397055602,-0.4523023259917688,-1.4618341151902017,1.6819623166512236,-0.32918254341964476,1.3231263039428232,0,0,0.0
0.0,1.0,0.0,1.0,0.0,0.0,0.0,0.0,0.0,1.0,0.0,0.0,0.0,0.0,1.0,1.0,0.0,0.0,0.0,1.0,0.0,0.0,0.0,-0.6717931989808145,-0.7784550622826454,-0.9931329981187772,-0.341335836174047,0.7343919740363871,1.1867867872449884,-1.4127873638072872,-1.3400399628745336,1.4389181721204474,0.6819522722610872,0.4488953913895783,-1.025325594623604,0,1,1.0
1.0,0.0,0.0,0.0,0.0,1.0,0.0,0.0,1.0,0.0,0.0,1.0,0.0,0.0,0.0,0.0,1.0,0.0,1.0,0.0,0.0,0.0,0.0,-0.054802036470144075,-0.6961419421498077,-0.611525698169199,-0.7475671199277476,0.7343919740363871,-1.2741500447819445,-1.4127873638072872,0.43543531089099613,-1.4618341151902017,0.3580053564727332,1.4492813075728652,-0.7179034162687546,0,0,0.0
1.0,0.0,0.0,1.0,0.0,0.0,0.0,0.0,0.0,1.0,0.0,0.0,1.0,0.0,0.0,1.0,0.0,0.0,0.0,0.0,0.0,0.0,1.0,-1.3769259561358664,0.9542790223099686,-0.22991839821962085,-0.7475671199277476,1.4489548288516505,-0.7018391536128903,-1.4127873638072872,0.43543531089099613,0.8587677146583175,0.35096303221646474,-1.107260478228868,-0.09038185632792774,0,0,0.0
0.0,0.0,0.0,0.0,0.0,1.0,0.0,0.0,0.0,1.0,0.0,0.0,1.0,0.0,1.0,0.0,0.0,0.0,1.0,0.0,0.0,0.0,0.0,-0.936217982913959,0.46607706841865537,-1.3747402980683554,-0.341335836174047,1.4489548288516505,-1.6175365794833771,0.7205268888273483,1.323172947773761,-1.4618341151902017,0.8791373514366069,-1.3295684596029316,-1.3718358162744309,0,0,0.0
0.0,1.0,0.0,0.0,0.0,1.0,0.0,0.0,0.0,0.0,0.0,0.0,0.0,1.0,1.0,0.0,0.0,1.0,0.0,0.0,0.0,0.0,0.0,0.8266139099736708,0.05296025819302206,0.1516889017299573,1.2835892988407553,0.019829119221123678,1.6446355001802317,-1.4127873638072872,0.43543531089099613,0.8587677146583175,1.231253564250035,-1.6630304316640272,0.34592522154338756,0,0,0.0
0.0,0.0,1.0,0.0,0.0,0.0,0.0,0.0,1.0,0.0,0.0,0.0,0.0,1.0,1.0,0.0,1.0,0.0,0.0,0.0,0.0,0.0,1.0,1.5317466671287228,-1.0659238980312487,0.1516889017299573,0.0648954475796536,0.7343919740363871,1.4729422328295156,0.7205268888273483,1.323172947773761,-0.8816836577280718,-0.07861874741591779,-1.4407224502899634,0.3353608855174477,0,0,0.0
1.0,0.0,0.0,0.0,0.0,1.0,0.0,0.0,0.0,0.0,0.0,0.0,0.0,0.0,1.0,0.0,0.0,0.0,0.0,1.0,0.0,0.0,0.0,-0.054802036470144075,0.03721713136729488,-1.3747402980683554,-0.341335836174047,0.7343919740363871,-0.41568370802836324,-0.7016826129290754,0.43543531089099613,0.27861725719618774,1.639708371113612,0.8935113541377058,-1.3792308514925888,0,0,0.0
0.0,0.0,0.0,1.0,0.0,0.0,0.0,0.0,0.0,0.0,0.0,0.0,0.0,0.0,1.0,0.0,1.0,0.0,0.0,0.0,0.0,0.0,1.0,0.033339558174237414,-1.6639976951151108,0.1516889017299573,0.0648954475796536,-1.4092965904094032,-1.3886122230157554,-1.4127873638072872,-1.3400399628745336,0.8587677146583175,0.9143489727179497,-1.3295684596029316,0.23711256047620735,1,1,1.0
0.0,0.0,0.0,0.0,0.0,1.0,0.0,0.0,0.0,0.0,0.0,0.0,0.0,1.0,1.0,0.0,1.0,0.0,0.0,1.0,0.0,0.0,0.0,-1.0243595775583405,-0.600858069726591,-0.611525698169199,-0.7475671199277476,-0.6947337355941398,-0.015066084210025312,-0.7016826129290754,0.43543531089099613,1.4389181721204474,0.5622327599045215,0.8935113541377058,-0.5266889341992435,1,1,1.0
0.0,0.0,1.0,0.0,0.0,0.0,0.0,0.0,1.0,0.0,0.0,1.0,0.0,0.0,0.0,1.0,0.0,0.0,0.0,0.0,0.0,0.0,1.0,-1.465067550780248,0.674203185322294,-1.7563475980179335,-0.7475671199277476,1.4489548288516505,-1.7319987577171878,-1.4127873638072872,-0.4523023259917688,0.8587677146583175,0.7594178390800416,-1.5518764409769954,-1.71623317072007,1,0,0.0
0.0,0.0,0.0,1.0,0.0,0.0,0.0,0.0,1.0,0.0,0.0,0.0,1.0,0.0,1.0,1.0,0.0,0.0,1.0,0.0,0.0,0.0,0.0,-0.054802036470144075,-1.5224085670598284,0.1516889017299573,-0.7475671199277476,0.019829119221123678,-0.9879945991974174,-0.7016826129290754,1.323172947773761,-0.8816836577280718,0.31575141093512193,0.004279428641450823,0.34381235433819957,0,0,0.0
0.0,1.0,0.0,0.0,0.0,0.0,0.0,0.0,0.0,0.0,0.0,0.0,0.0,0.0,0.0,1.0,0.0,0.0,0.0,1.0,0.0,0.0,0.0,-1.1125011722027218,0.47102773723177715,-1.7563475980179335,-0.7475671199277476,1.4489548288516505,0.09939609402378552,-0.7016826129290754,0.43543531089099613,0.8587677146583175,1.463650264706898,0.4488953913895783,-1.585235403998416,1,1,1.0
0.0,1.0,0.0,0.0,0.0,1.0,0.0,0.0,0.0,1.0,0.0,0.0,0.0,0.0,0.0,1.0,0.0,0.0,1.0,0.0,0.0,0.0,0.0,0.8266139099736708,0.5211285056205693,1.67811810152827,-0.341335836174047,0.019829119221123678,-1.2741500447819445,1.4316316397055602,-0.4523023259917688,0.27861725719618774,0.3227937351913903,0.33774140070254643,1.6664672247858678,0,1,1.0
0.0,0.0,0.0,0.0,0.0,0.0,1.0,0.0,0.0,0.0,0.0,0.0,0.0,1.0,1.0,1.0,0.0,0.0,0.0,0.0,0.0,0.0,0.0,-0.31922682040328854,-1.4333625373411452,-0.22991839821962085,0.0648954475796536,-0.6947337355941398,-1.7319987577171878,0.7205268888273483,-0.4523023259917688,1.4389181721204474,0.4636402203167616,1.4492813075728652,-0.12841346602131118,0,0,0.0
0.0,0.0,0.0,1.0,0.0,0.0,0.0,0.0,0.0,0.0,0.0,0.0,1.0,0.0,1.0,0.0,0.0,1.0,0.0,0.0,0.0,0.0,0.0,1.0028970992624338,1.0971553242566625,0.5332962016795355,1.689820582594456,-0.6947337355941398,-1.2741500447819445,0.7205268888273483,1.323172947773761,-0.30153320026594205,-0.5574967968421802,0.7823573634506739,0.6364444622567332,0,0,0.0
1.0,0.0,0.0,0.0,0.0,1.0,0.0,1.0,0.0,0.0,1.0,0.0,0.0,0.0,1.0,0.0,0.0,0.0,0.0,0.0,0.0,0.0,0.0,0.9147555046180523,1.490766499358596,-0.9931329981187772,0.0648954475796536,1.4489548288516505,0.3855515396083126,-0.7016826129290754,-0.4523023259917688,-1.4618341151902017,0.6256136782109389,-1.5518764409769954,-0.9830682505198447,0,0,0.0
0.0,1.0,0.0,0.0,0.0,1.0,1.0,0.0,0.0,0.0,0.0,1.0,0.0,0.0,0.0,1.0,0.0,1.0,0.0,0.0,0.0,0.0,0.0,0.9147555046180523,1.6895523544348117,-0.22991839821962085,0.0648954475796536,0.7343919740363871,1.6446355001802317,0.009422137949136454,1.323172947773761,-0.30153320026594205,0.4918095173418358,1.6715892889469288,-0.16750150931728866,0,1,1.0
1.0,0.0,0.0,0.0,0.0,1.0,0.0,0.0,1.0,0.0,0.0,0.0,0.0,0.0,1.0,1.0,0.0,0.0,0.0,0.0,0.0,0.0,1.0,0.47404753139614486,0.7774741367640138,0.5332962016795355,0.8773580150870548,0.7343919740363871,1.5874044110633263,-0.7016826129290754,-1.3400399628745336,-0.8816836577280718,1.3509730766066008,0.8935113541377058,0.46952795304688383,1,1,1.0
0.0,0.0,0.0,0.0,0.0,0.0,0.0,0.0,0.0,1.0,0.0,0.0,0.0,1.0,0.0,0.0,1.0,0.0,0.0,0.0,0.0,1.0,0.0,1.5317466671287228,0.5050553342073006,-1.7563475980179335,-0.7475671199277476,1.4489548288516505,0.042165004906880105,-0.7016826129290754,1.323172947773761,1.4389181721204474,-1.6983533263576875,-0.8849524968548041,-1.7384182763745435,1,1,1.0
0.0,0.0,0.0,1.0,0.0,0.0,0.0,0.0,0.0,0.0,0.0,0.0,0.0,1.0,1.0,1.0,0.0,0.0,0.0,1.0,0.0,0.0,0.0,1.5317466671287228,0.25019490370779274,0.5332962016795355,-1.1537984036814481,0.7343919740363871,-1.3886122230157554,0.7205268888273483,1.323172947773761,1.4389181721204474,0.4213862747791504,1.1158193355117696,0.45685074981575585,0,0,0.0
1.0,0.0,0.0,0.0,0.0,0.0,0.0,0.0,0.0,0.0,0.0,0.0,0.0,0.0,1.0,1.0,0.0,0.0,0.0,1.0,0.0,0.0,0.0,-1.6413507400690108,-0.5070924024060649,0.5332962016795355,1.2835892988407553,-0.6947337355941398,-1.5603054903664717,0.7205268888273483,0.43543531089099613,-0.8816836577280718,0.5199788143669104,-0.5514905247937085,0.6237672590256057,1,0,0.0
0.0,0.0,0.0,0.0,0.0,1.0,0.0,0.0,0.0,0.0,0.0,1.0,0.0,0.0,1.0,0.0,0.0,0.0,0.0,1.0,0.0,0.0,0.0,-1.2006427668471034,-1.625382478372761,0.1516889017299573,0.0648954475796536,0.019829119221123678,0.44278262872521806,1.4316316397055602,0.43543531089099613,-0.8816836577280718,-0.5574967968421802,-1.5518764409769954,0.3247965494915078,0,0,0.0
0.0,1.0,0.0,0.0,0.0,0.0,0.0,0.0,0.0,1.0,0.0,0.0,0.0,1.0,1.0,0.0,0.0,0.0,0.0,0.0,0.0,0.0,1.0,1.7080298564174856,-0.5711540568478605,-1.3747402980683554,-0.7475671199277476,1.4489548288516505,1.0723246090111775,-0.7016826129290754,-1.3400399628745336,-0.30153320026594205,-0.24763452956636323,1.2269733261988014,-1.3866258867107466,1,1,1.0
0.0,0.0,0.0,1.0,0.0,0.0,0.0,0.0,0.0,0.0,1.0,0.0,0.0,0.0,1.0,0.0,1.0,0.0,0.0,0.0,0.0,0.0,0.0,-1.3769259561358664,0.8221951783758803,0.9149035016291136,0.0648954475796536,0.019829119221123678,-0.3012215297945524,-0.7016826129290754,-0.4523023259917688,1.4389181721204474,0.22420119560363053,1.0046653448247376,0.7653293617731995,0,0,0.0
1.0,0.0,1.0,0.0,0.0,0.0,1.0,0.0,0.0,0.0,0.0,0.0,1.0,0.0,0.0,0.0,1.0,0.0,0.0,1.0,0.0,0.0,0.0,1.5317466671287228,0.2479506005125109,-0.611525698169199,-0.341335836174047,-1.4092965904094032,0.042165004906880105,0.7205268888273483,0.43543531089099613,1.4389181721204474,-1.6068031110261962,1.2269733261988014,-0.6703639041520254,0,0,0.0
1.0,0.0,0.0,0.0,0.0,1.0,0.0,1.0,0.0,0.0,0.0,1.0,0.0,0.0,0.0,0.0,1.0,0.0,0.0,0.0,0.0,1.0,0.0,0.9147555046180523,-1.5499672901195396,-0.611525698169199,-0.341335836174047,-1.4092965904094032,0.3283204504914072,0.7205268888273483,0.43543531089099613,0.8587677146583175,1.01294151230571,1.560435298259897,-0.6534609665105217,0,1,1.0
1.0,0.0,0.0,1.0,0.0,0.0,0.0,0.0,1.0,0.0,0.0,0.0,0.0,0.0,0.0,1.0,0.0,0.0,1.0,0.0,0.0,0.0,0.0,0.2977643421073819,-1.3556700414338878,0.9149035016291136,1.2835892988407553,0.7343919740363871,-0.3584526189114578,-1.4127873638072872,-1.3400399628745336,0.8587677146583175,1.0058991880494412,0.6712033727636421,1.0009140551516582,0,0,0.0
0.0,1.0,0.0,1.0,0.0,0.0,0.0,0.0,1.0,0.0,0.0,0.0,1.0,0.0,0.0,1.0,0.0,0.0,0.0,0.0,1.0,0.0,0.0,-1.1125011722027218,-1.5822126463223394,-1.7563475980179335,-0.7475671199277476,0.7343919740363871,-0.9307635100805121,-0.7016826129290754,0.43543531089099613,1.4389181721204474,1.5340735072695837,-1.107260478228868,-1.6053076424477013,1,1,1.0
0.0,1.0,1.0,0.0,0.0,0.0,0.0,0.0,0.0,1.0,1.0,0.0,0.0,0.0,1.0,0.0,0.0,1.0,0.0,0.0,0.0,0.0,0.0,1.0028970992624338,-0.3531596067767325,-1.3747402980683554,-1.1537984036814481,1.4489548288516505,0.9006313416604614,1.4316316397055602,1.323172947773761,0.27861725719618774,-0.205380584028752,-0.10687456204558105,-1.4552940708793558,0,0,0.0
1.0,0.0,0.0,0.0,0.0,0.0,1.0,0.0,0.0,0.0,0.0,0.0,1.0,0.0,0.0,1.0,0.0,0.0,0.0,0.0,0.0,1.0,0.0,0.9147555046180523,0.969362059960613,0.1516889017299573,-0.341335836174047,-1.4092965904094032,0.9006313416604614,-0.7016826129290754,0.43543531089099613,-0.8816836577280718,-1.5645491654885848,0.5600493820766101,0.2582412325280871,1,1,1.0
0.0,1.0,0.0,1.0,0.0,0.0,0.0,0.0,1.0,0.0,0.0,0.0,1.0,0.0,1.0,0.0,1.0,0.0,0.0,0.0,1.0,0.0,0.0,0.1214811528186189,-0.7379915958500636,-0.611525698169199,0.4711267313333542,0.7343919740363871,1.7018665892971372,-1.4127873638072872,-0.4523023259917688,-0.30153320026594205,1.2030842672249609,-0.10687456204558105,-0.5985264191756342,0,0,0.0
0.0,0.0,0.0,0.0,0.0,0.0,0.0,0.0,0.0,1.0,1.0,0.0,0.0,0.0,0.0,0.0,1.0,0.0,0.0,1.0,0.0,0.0,0.0,1.1791802885511968,1.6137411126765404,-0.22991839821962085,0.8773580150870548,-0.6947337355941398,-1.7319987577171878,0.009422137949136454,-1.3400399628745336,-1.4618341151902017,-1.4448296531320193,0.22658741001551455,-0.3175150808856344,0,1,1.0
1.0,0.0,0.0,0.0,0.0,0.0,0.0,1.0,0.0,0.0,0.0,1.0,0.0,0.0,0.0,1.0,0.0,1.0,0.0,0.0,0.0,0.0,0.0,0.7384723153292894,0.14837614845125535,0.9149035016291136,-0.341335836174047,-0.6947337355941398,-1.6175365794833771,0.009422137949136454,0.43543531089099613,-0.8816836577280718,-0.21946523254128908,0.22658741001551455,0.7346927872979739,0,0,0.0
1.0,0.0,0.0,1.0,0.0,0.0,0.0,0.0,1.0,0.0,0.0,0.0,0.0,1.0,0.0,0.0,0.0,0.0,1.0,0.0,0.0,0.0,0.0,-0.4955100096920515,0.6623215801708018,0.9149035016291136,1.689820582594456,-1.4092965904094032,-1.045225688314323,-0.7016826129290754,1.323172947773761,-0.8816836577280718,-0.8884860368868027,1.3381273168858332,1.0178169927931617,0,1,1.0
1.0,0.0,0.0,0.0,0.0,1.0,0.0,0.0,0.0,1.0,1.0,0.0,0.0,0.0,1.0,0.0,0.0,0.0,0.0,0.0,0.0,1.0,0.0,1.4436050724843412,0.8638468053236112,0.9149035016291136,1.689820582594456,-1.4092965904094032,-0.243990440677647,0.7205268888273483,1.323172947773761,0.8587677146583175,-0.881443712630534,1.560435298259897,1.010421957575004,0,0,0.0
0.0,1.0,0.0,0.0,1.0,0.0,0.0,1.0,0.0,0.0,0.0,0.0,1.0,0.0,1.0,1.0,0.0,0.0,0.0,0.0,0.0,0.0,1.0,-1.3769259561358664,1.0518402023872213,-1.7563475980179335,-0.7475671199277476,-0.6947337355941398,0.5572448069590289,0.7205268888273483,0.43543531089099613,0.27861725719618774,-1.4096180318506764,-0.5514905247937085,-1.6655243577955585,1,1,1.0
0.0,1.0,0.0,0.0,0.0,1.0,0.0,0.0,0.0,1.0,0.0,0.0,0.0,0.0,0.0,0.0,1.0,0.0,0.0,0.0,1.0,0.0,0.0,1.7080298564174856,1.1941224240763406,-0.9931329981187772,-0.7475671199277476,1.4489548288516505,-0.7018391536128903,-0.7016826129290754,0.43543531089099613,-0.8816836577280718,0.35096303221646474,-0.5514905247937085,-0.8404497141696567,0,0,0.0
1.0,0.0,0.0,0.0,0.0,0.0,0.0,0.0,1.0,0.0,0.0,0.0,0.0,0.0,0.0,1.0,0.0,0.0,0.0,0.0,0.0,0.0,0.0,1.7080298564174856,0.1572213433973662,-0.611525698169199,-0.341335836174047,-0.6947337355941398,1.0150935198942723,-1.4127873638072872,-1.3400399628745336,0.8587677146583175,1.2664651855313778,-0.5514905247937085,-0.6914925762039051,1,1,1.0
1.0,0.0,0.0,0.0,0.0,1.0,1.0,0.0,0.0,0.0,0.0,0.0,1.0,0.0,1.0,0.0,0.0,0.0,0.0,1.0,0.0,0.0,0.0,-0.14294363111452557,-0.7717221526967998,0.9149035016291136,0.0648954475796536,0.7343919740363871,-0.644608064495985,0.009422137949136454,1.323172947773761,-1.4618341151902017,1.0904070791246638,0.5600493820766101,0.9491488086245526,0,0,0.0
1.0,0.0,0.0,0.0,1.0,0.0,0.0,1.0,0.0,0.0,0.0,0.0,1.0,0.0,1.0,0.0,0.0,0.0,0.0,0.0,0.0,1.0,0.0,0.2096227474630004,1.1440216556875484,1.67811810152827,-0.341335836174047,0.7343919740363871,-0.3012215297945524,0.009422137949136454,-1.3400399628745336,-0.30153320026594205,-1.3603217620567964,-0.996106487541836,1.7002731000688758,0,1,1.0
0.0,0.0,0.0,0.0,0.0,0.0,0.0,0.0,0.0,0.0,1.0,0.0,0.0,0.0,1.0,0.0,1.0,0.0,0.0,0.0,1.0,0.0,0.0,-1.3769259561358664,0.45650577537995335,-0.22991839821962085,-1.1537984036814481,-1.4092965904094032,-0.41568370802836324,1.4316316397055602,-0.4523023259917688,0.27861725719618774,0.6960369207736246,1.2269733261988014,-0.3925218666698073,0,0,0.0
1.0,0.0,0.0,0.0,1.0,0.0,0.0,0.0,0.0,1.0,0.0,0.0,1.0,0.0,0.0,0.0,1.0,0.0,1.0,0.0,0.0,0.0,0.0,0.033339558174237414,-1.057837805636483,1.2965108015786917,-0.7475671199277476,-0.6947337355941398,0.6144758960759343,1.4316316397055602,-0.4523023259917688,-1.4618341151902017,1.4706925889631666,-1.6630304316640272,1.3706658160595524,0,0,0.0
0.0,1.0,1.0,0.0,0.0,0.0,1.0,0.0,0.0,0.0,0.0,0.0,1.0,0.0,0.0,0.0,0.0,0.0,0.0,0.0,0.0,0.0,0.0,-0.23108522575890705,-0.10351388076037953,0.9149035016291136,-0.7475671199277476,0.019829119221123678,-0.243990440677647,1.4316316397055602,-0.4523023259917688,0.8587677146583175,1.4284386434255552,-1.5518764409769954,1.0843723097565827,0,0,0.0
1.0,0.0,0.0,1.0,0.0,0.0,0.0,0.0,0.0,0.0,0.0,0.0,0.0,0.0,0.0,0.0,0.0,0.0,0.0,0.0,0.0,0.0,1.0,0.6503307206849078,0.2366630756185933,1.2965108015786917,2.5022831501018574,1.4489548288516505,-1.6747676686002824,1.4316316397055602,-1.3400399628745336,0.27861725719618774,1.2171689157374983,-0.10687456204558105,1.346367843199891,0,1,1.0
1.0,0.0,0.0,1.0,0.0,0.0,0.0,0.0,0.0,1.0,1.0,0.0,0.0,0.0,0.0,1.0,0.0,1.0,0.0,0.0,0.0,0.0,0.0,-1.465067550780248,-1.0783995834403155,1.2965108015786917,1.2835892988407553,-1.4092965904094032,-0.015066084210025312,0.7205268888273483,-0.4523023259917688,-1.4618341151902017,-0.7194702547363572,1.2269733261988014,1.4868735123448908,1,1,1.0
1.0,0.0,1.0,0.0,0.0,0.0,0.0,0.0,0.0,0.0,0.0,0.0,0.0,1.0,0.0,0.0,0.0,0.0,1.0,0.0,0.0,0.0,0.0,1.4436050724843412,0.6500769259730139,0.9149035016291136,0.0648954475796536,-1.4092965904094032,0.09939609402378552,0.009422137949136454,-0.4523023259917688,-0.30153320026594205,0.6960369207736246,-0.5514905247937085,0.8297718115314325,1,0,0.0
0.0,1.0,0.0,0.0,0.0,1.0,1.0,0.0,0.0,0.0,0.0,0.0,0.0,1.0,1.0,1.0,0.0,0.0,0.0,0.0,0.0,1.0,0.0,-1.288784361491485,-0.3294294009325023,0.5332962016795355,0.0648954475796536,0.019829119221123678,0.6717069851928397,0.7205268888273483,-0.4523023259917688,-0.8816836577280718,0.9425182697430243,-0.10687456204558105,0.6079207549866956,1,0,0.0
1.0,0.0,0.0,1.0,0.0,0.0,0.0,0.0,0.0,1.0,0.0,0.0,1.0,0.0,0.0,1.0,0.0,0.0,0.0,0.0,0.0,0.0,1.0,0.9147555046180523,0.7910389693119674,-1.7563475980179335,-0.7475671199277476,0.7343919740363871,-1.3886122230157554,-0.7016826129290754,-0.4523023259917688,1.4389181721204474,1.7030892894200291,-0.996106487541836,-1.612702677665859,1,1,1.0
1.0,0.0,1.0,0.0,0.0,0.0,0.0,0.0,0.0,1.0,0.0,1.0,0.0,0.0,1.0,1.0,0.0,0.0,0.0,0.0,0.0,0.0,1.0,0.9147555046180523,1.2092714706444931,-0.611525698169199,-0.341335836174047,-0.6947337355941398,-0.8163013318467012,0.7205268888273483,0.43543531089099613,0.27861725719618774,-1.254686898212768,-1.3295684596029316,-0.758047893167326,1,1,1.0
0.0,1.0,0.0,0.0,0.0,0.0,0.0,0.0,0.0,0.0,0.0,0.0,0.0,1.0,1.0,0.0,1.0,0.0,1.0,0.0,0.0,0.0,0.0,-1.6413507400690108,-1.1996249604442901,-1.7563475980179335,-0.7475671199277476,1.4489548288516505,0.3855515396083126,-1.4127873638072872,-1.3400399628745336,1.4389181721204474,1.5129465345007775,0.6712033727636421,-1.7363054091693553,1,1,1.0
1.0,0.0,1.0,0.0,0.0,0.0,1.0,0.0,0.0,0.0,0.0,0.0,1.0,0.0,0.0,0.0,0.0,0.0,0.0,0.0,0.0,0.0,1.0,-0.23108522575890705,-0.9534777070558764,1.2965108015786917,0.0648954475796536,1.4489548288516505,0.042165004906880105,0.009422137949136454,-0.4523023259917688,-0.8816836577280718,0.21715887134736186,0.5600493820766101,1.190015670015981,0,0,0.0
0.0,1.0,0.0,0.0,0.0,0.0,1.0,0.0,0.0,0.0,0.0,1.0,0.0,0.0,1.0,0.0,1.0,1.0,0.0,0.0,0.0,0.0,0.0,-1.465067550780248,0.5620540344757091,1.67811810152827,2.908514433855558,-1.4092965904094032,1.5874044110633263,-1.4127873638072872,0.43543531089099613,0.8587677146583175,-0.9448246309369511,-1.5518764409769954,1.6326613495028603,1,0,0.0
1.0,0.0,0.0,0.0,1.0,0.0,0.0,1.0,0.0,0.0,0.0,0.0,0.0,0.0,0.0,1.0,0.0,0.0,0.0,0.0,0.0,0.0,0.0,0.1214811528186189,-1.6340956554838553,-0.22991839821962085,0.4711267313333542,-0.6947337355941398,-1.3886122230157554,1.4316316397055602,1.323172947773761,-0.30153320026594205,-0.494115878535763,1.560435298259897,-0.38090109704127373,1,0,0.0
0.0,1.0,0.0,0.0,0.0,0.0,1.0,0.0,0.0,0.0,0.0,0.0,1.0,0.0,1.0,0.0,0.0,0.0,0.0,0.0,0.0,0.0,0.0,1.2673218831955781,1.1999972177345783,1.2965108015786917,0.8773580150870548,0.7343919740363871,1.530173321946421,0.7205268888273483,-0.4523023259917688,0.8587677146583175,-1.078628791806054,-1.3295684596029316,1.2882639950572214,0,0,0.0
1.0,0.0,0.0,0.0,0.0,0.0,0.0,0.0,0.0,0.0,0.0,0.0,0.0,1.0,0.0,1.0,0.0,0.0,0.0,0.0,0.0,0.0,0.0,0.2977643421073819,0.1545809866970346,-0.9931329981187772,-0.341335836174047,0.7343919740363871,-0.18675935156074158,-1.4127873638072872,-0.4523023259917688,-0.30153320026594205,1.2030842672249609,0.6712033727636421,-0.9460930744290552,1,0,0.0
1.0,0.0,0.0,0.0,0.0,0.0,0.0,0.0,1.0,0.0,0.0,0.0,0.0,1.0,1.0,1.0,0.0,0.0,0.0,1.0,0.0,0.0,0.0,-0.583651604336433,-1.3948463339750579,-0.22991839821962085,0.0648954475796536,1.4489548288516505,-1.7319987577171878,-1.4127873638072872,-0.4523023259917688,-1.4618341151902017,0.4918095173418358,0.1154334193284827,-0.0998897587512736,0,0,0.0
0.0,1.0,1.0,0.0,0.0,0.0,0.0,0.0,1.0,0.0,0.0,1.0,0.0,0.0,0.0,1.0,0.0,0.0,0.0,0.0,1.0,0.0,0.0,0.5621891260405263,0.40551388660479926,0.1516889017299573,-1.1537984036814481,-0.6947337355941398,-1.5030744012495663,0.009422137949136454,0.43543531089099613,1.4389181721204474,1.252380537018841,1.6715892889469288,0.26563626774624494,0,1,1.0
0.0,0.0,0.0,0.0,1.0,0.0,1.0,0.0,0.0,0.0,0.0,0.0,1.0,0.0,1.0,0.0,0.0,1.0,0.0,0.0,0.0,0.0,0.0,-0.23108522575890705,-0.529865478946425,-0.22991839821962085,0.4711267313333542,0.7343919740363871,-1.1596878665481336,-1.4127873638072872,0.43543531089099613,-1.4618341151902017,1.2946344825564526,-0.8849524968548041,-0.22666179106255188,0,0,0.0
1.0,0.0,0.0,0.0,0.0,1.0,0.0,1.0,0.0,0.0,0.0,0.0,1.0,0.0,0.0,0.0,0.0,0.0,0.0,0.0,0.0,0.0,1.0,-0.8480763882695774,0.015203157378280147,0.5332962016795355,0.4711267313333542,-0.6947337355941398,-1.216918955665039,-0.7016826129290754,-0.4523023259917688,1.4389181721204474,-0.6067930666360601,1.560435298259897,0.5603812428699664,1,0,0.0
0.0,1.0,0.0,0.0,0.0,0.0,0.0,1.0,0.0,0.0,0.0,1.0,0.0,0.0,0.0,1.0,0.0,0.0,0.0,0.0,0.0,1.0,0.0,1.4436050724843412,0.1878494811212128,-1.3747402980683554,-1.1537984036814481,0.7343919740363871,-0.4729147971452687,-0.7016826129290754,-1.3400399628745336,-1.4618341151902017,-0.3391847448978546,0.5600493820766101,-1.2735874912331904,0,0,0.0
0.0,1.0,0.0,0.0,0.0,1.0,0.0,1.0,0.0,0.0,1.0,0.0,0.0,0.0,1.0,0.0,1.0,0.0,0.0,1.0,0.0,0.0,0.0,1.2673218831955781,-0.47220668950293365,-0.22991839821962085,-0.341335836174047,0.019829119221123678,0.6144758960759343,1.4316316397055602,1.323172947773761,1.4389181721204474,-1.5082105714384364,-0.10687456204558105,-0.06397101626307819,0,0,0.0
1.0,0.0,0.0,0.0,0.0,0.0,0.0,1.0,0.0,0.0,0.0,0.0,0.0,0.0,0.0,1.0,0.0,0.0,0.0,0.0,0.0,0.0,0.0,-0.40736841504767,0.013387912146802171,0.1516889017299573,-1.1537984036814481,0.7343919740363871,-1.1596878665481336,0.7205268888273483,1.323172947773761,-0.8816836577280718,0.8509680544115327,-0.10687456204558105,0.05540598083004193,0,0,0.0
0.0,1.0,0.0,0.0,1.0,0.0,1.0,0.0,0.0,0.0,1.0,0.0,0.0,0.0,0.0,0.0,0.0,0.0,0.0,0.0,0.0,1.0,0.0,-1.0243595775583405,1.176234007431594,0.9149035016291136,2.0960518663481564,-0.6947337355941398,1.2440178763618939,1.4316316397055602,-1.3400399628745336,0.8587677146583175,-0.3884810146917345,0.004279428641450823,1.0178169927931617,0,0,0.0
1.0,0.0,0.0,0.0,0.0,0.0,0.0,1.0,0.0,0.0,0.0,0.0,1.0,0.0,1.0,0.0,1.0,0.0,0.0,1.0,0.0,0.0,0.0,1.3554634778399597,0.3606608271579162,1.2965108015786917,0.8773580150870548,1.4489548288516505,-0.5301458862621741,-0.7016826129290754,-1.3400399628745336,0.27861725719618774,1.231253564250035,-1.3295684596029316,1.1403632906940637,1,0,0.0
0.0,1.0,0.0,1.0,0.0,0.0,1.0,0.0,0.0,0.0,0.0,0.0,0.0,0.0,0.0,0.0,1.0,0.0,0.0,0.0,0.0,1.0,0.0,0.6503307206849078,1.6292532082909887,-0.22991839821962085,-1.1537984036814481,1.4489548288516505,0.5572448069590289,-0.7016826129290754,-0.4523023259917688,0.8587677146583175,-1.3744064105693337,0.8935113541377058,-0.05446311383973233,0,1,1.0
0.0,0.0,0.0,1.0,0.0,0.0,0.0,1.0,0.0,0.0,0.0,0.0,0.0,1.0,0.0,0.0,1.0,1.0,0.0,0.0,0.0,0.0,0.0,1.1791802885511968,-0.8519229874693722,-0.9931329981187772,-0.341335836174047,-1.4092965904094032,-0.4729147971452687,-0.7016826129290754,-0.4523023259917688,0.8587677146583175,0.2312435198598992,-1.6630304316640272,-1.0707522395351452,0,1,1.0
0.0,1.0,0.0,1.0,0.0,0.0,1.0,0.0,0.0,0.0,0.0,0.0,0.0,1.0,0.0,0.0,0.0,0.0,0.0,0.0,1.0,0.0,0.0,-0.23108522575890705,-0.44200760974289094,-0.9931329981187772,-1.1537984036814481,0.019829119221123678,-0.644608064495985,0.009422137949136454,-0.4523023259917688,1.4389181721204474,0.4918095173418358,-0.10687456204558105,-0.8605219526189425,0,0,0.0
0.0,0.0,0.0,1.0,0.0,0.0,0.0,0.0,0.0,0.0,1.0,0.0,0.0,0.0,1.0,1.0,0.0,0.0,1.0,0.0,0.0,0.0,0.0,1.3554634778399597,1.2656430861965728,1.67811810152827,-1.1537984036814481,0.7343919740363871,0.9578624307773668,1.4316316397055602,-1.3400399628745336,0.27861725719618774,-0.2898884751039747,0.004279428641450823,1.7034424008766575,1,1,1.0
1.0,0.0,0.0,0.0,0.0,1.0,0.0,0.0,1.0,0.0,1.0,0.0,0.0,0.0,1.0,0.0,1.0,0.0,0.0,1.0,0.0,0.0,0.0,0.033339558174237414,0.4348548504372342,0.1516889017299573,-0.7475671199277476,1.4489548288516505,-0.7018391536128903,0.009422137949136454,0.43543531089099613,0.8587677146583175,-0.07861874741591779,-0.8849524968548041,0.26141053333586883,0,0,0.0
0.0,0.0,0.0,1.0,0.0,0.0,0.0,0.0,0.0,0.0,0.0,0.0,0.0,0.0,0.0,1.0,0.0,0.0,0.0,0.0,1.0,0.0,0.0,-1.465067550780248,-0.8768083493699975,1.2965108015786917,-0.341335836174047,1.4489548288516505,-0.18675935156074158,0.7205268888273483,-0.4523023259917688,0.8587677146583175,-1.430745004619482,-0.5514905247937085,1.4731398755111689,0,1,1.0
1.0,0.0,1.0,0.0,0.0,0.0,0.0,0.0,1.0,0.0,0.0,0.0,0.0,0.0,0.0,1.0,0.0,0.0,0.0,0.0,0.0,1.0,0.0,-1.1125011722027218,0.17841020591752732,0.5332962016795355,0.8773580150870548,-0.6947337355941398,0.9578624307773668,1.4316316397055602,-0.4523023259917688,0.27861725719618774,0.29462443816631617,-1.4407224502899634,0.4420606793794402,0,1,1.0
0.0,1.0,0.0,0.0,0.0,1.0,0.0,0.0,1.0,0.0,0.0,1.0,0.0,0.0,1.0,1.0,0.0,0.0,0.0,0.0,1.0,0.0,0.0,-0.40736841504767,-1.0191565799766251,0.9149035016291136,0.4711267313333542,0.019829119221123678,1.1867867872449884,1.4316316397055602,-0.4523023259917688,-1.4618341151902017,1.674919992394955,-0.996106487541836,1.059017903294327,0,1,1.0
0.0,0.0,0.0,0.0,0.0,1.0,0.0,0.0,0.0,1.0,0.0,1.0,0.0,0.0,1.0,0.0,0.0,0.0,0.0,1.0,0.0,0.0,0.0,0.8266139099736708,0.2410526686328946,-0.9931329981187772,-1.1537984036814481,1.4489548288516505,0.6717069851928397,-0.7016826129290754,-0.4523023259917688,-0.8816836577280718,0.6185713539546702,-0.32918254341964476,-1.0126483913924762,0,0,0.0
0.0,1.0,0.0,0.0,1.0,0.0,0.0,1.0,0.0,0.0,1.0,0.0,0.0,0.0,1.0,0.0,1.0,0.0,0.0,0.0,0.0,0.0,1.0,1.7080298564174856,0.613904039178471,-0.9931329981187772,-0.341335836174047,-1.4092965904094032,0.6144758960759343,0.009422137949136454,-1.3400399628745336,-0.8816836577280718,0.03405844068437934,0.004279428641450823,-1.0221562938158222,1,1,1.0
1.0,0.0,0.0,0.0,1.0,0.0,0.0,0.0,0.0,0.0,0.0,0.0,0.0,1.0,1.0,0.0,0.0,0.0,0.0,1.0,0.0,0.0,0.0,1.6198882617731043,0.9520677235734409,0.1516889017299573,0.0648954475796536,0.019829119221123678,1.3012489654787993,-0.7016826129290754,0.43543531089099613,1.4389181721204474,-0.205380584028752,-0.5514905247937085,0.2878213734007184,0,0,0.0
0.0,1.0,0.0,0.0,1.0,0.0,1.0,0.0,0.0,0.0,0.0,1.0,0.0,0.0,0.0,0.0,0.0,1.0,0.0,0.0,0.0,0.0,0.0,-0.6717931989808145,-1.6478585147843337,0.5332962016795355,0.4711267313333542,0.019829119221123678,-1.216918955665039,0.009422137949136454,-1.3400399628745336,-1.4618341151902017,0.5058941658543731,-1.6630304316640272,0.5212931995739892,1,0,0.0
1.0,0.0,0.0,0.0,1.0,0.0,0.0,0.0,0.0,1.0,1.0,0.0,0.0,0.0,0.0,0.0,1.0,0.0,0.0,1.0,0.0,0.0,0.0,-1.5532091454246293,-0.4690052570037816,-0.611525698169199,-0.341335836174047,0.7343919740363871,-1.6175365794833771,0.009422137949136454,1.323172947773761,0.8587677146583175,1.0199838365619782,-0.7737985061677722,-0.5393661374303713,0,1,1.0
0.0,0.0,0.0,1.0,0.0,0.0,0.0,1.0,0.0,0.0,0.0,0.0,1.0,0.0,0.0,1.0,0.0,0.0,0.0,0.0,0.0,1.0,0.0,-0.8480763882695774,1.2517152046023237,0.1516889017299573,-0.7475671199277476,-0.6947337355941398,1.7018665892971372,-0.7016826129290754,-1.3400399628745336,-1.4618341151902017,1.7312585864451033,-1.107260478228868,0.31634508067075595,0,1,1.0
0.0,0.0,0.0,0.0,0.0,0.0,0.0,1.0,0.0,0.0,0.0,0.0,0.0,1.0,1.0,1.0,0.0,1.0,0.0,0.0,0.0,0.0,0.0,0.9147555046180523,1.0446122259200636,-0.9931329981187772,0.0648954475796536,0.7343919740363871,1.530173321946421,1.4316316397055602,1.323172947773761,-0.8816836577280718,-0.8955283611430712,-0.7737985061677722,-1.0760344075481152,0,0,0.0
0.0,0.0,0.0,0.0,0.0,0.0,0.0,0.0,0.0,1.0,0.0,0.0,0.0,0.0,0.0,1.0,0.0,0.0,0.0,0.0,0.0,0.0,1.0,-0.759934793625196,1.3255461788353462,-0.9931329981187772,0.0648954475796536,1.4489548288516505,-1.4458433121326608,0.7205268888273483,1.323172947773761,-0.30153320026594205,1.400269346400481,0.6712033727636421,-0.9429237736212733,0,0,0.0
1.0,0.0,0.0,0.0,0.0,0.0,0.0,0.0,0.0,0.0,0.0,0.0,0.0,0.0,0.0,0.0,1.0,0.0,0.0,0.0,0.0,1.0,0.0,0.8266139099736708,-0.7412920417254781,0.5332962016795355,-1.1537984036814481,-1.4092965904094032,0.6144758960759343,1.4316316397055602,0.43543531089099613,-1.4618341151902017,-0.6701739849424772,1.6715892889469288,0.3512073895563577,1,0,0.0
0.0,1.0,0.0,0.0,0.0,0.0,0.0,0.0,0.0,1.0,1.0,0.0,0.0,0.0,0.0,0.0,1.0,0.0,0.0,0.0,0.0,0.0,1.0,-1.0243595775583405,0.5675657790876514,-0.611525698169199,-1.1537984036814481,0.7343919740363871,-0.12952826244383614,1.4316316397055602,-0.4523023259917688,0.27861725719618774,-1.465956625900825,0.7823573634506739,-0.687266841793529,1,1,1.0
1.0,0.0,0.0,0.0,0.0,1.0,0.0,1.0,0.0,0.0,0.0,0.0,0.0,1.0,1.0,1.0,0.0,1.0,0.0,0.0,0.0,0.0,0.0,-0.6717931989808145,1.3078227844843702,-0.9931329981187772,0.0648954475796536,0.019829119221123678,-1.33138113389885,-0.7016826129290754,-1.3400399628745336,-0.30153320026594205,0.8368834058989958,-1.107260478228868,-0.8203774757203711,1,1,1.0
0.0,1.0,0.0,0.0,0.0,1.0,0.0,0.0,1.0,0.0,1.0,0.0,0.0,0.0,1.0,0.0,0.0,0.0,0.0,0.0,1.0,0.0,0.0,-1.1125011722027218,0.36884593292894413,0.9149035016291136,2.0960518663481564,0.7343919740363871,-1.2741500447819445,-0.7016826129290754,1.323172947773761,0.8587677146583175,-0.6772163091987458,-0.10687456204558105,0.869916288430004,0,0,0.0
1.0,0.0,1.0,0.0,0.0,0.0,0.0,0.0,0.0,1.0,0.0,0.0,0.0,1.0,1.0,0.0,0.0,1.0,0.0,0.0,0.0,0.0,0.0,1.4436050724843412,1.5507356009148776,-0.9931329981187772,-0.7475671199277476,-1.4092965904094032,-0.07229717332693072,0.009422137949136454,0.43543531089099613,1.4389181721204474,-0.015237829109500558,-0.44033653410667667,-0.9101743319408598,1,1,1.0
1.0,0.0,0.0,0.0,1.0,0.0,0.0,0.0,1.0,0.0,0.0,0.0,0.0,1.0,1.0,0.0,1.0,1.0,0.0,0.0,0.0,0.0,0.0,-0.6717931989808145,0.3029360287969165,-0.22991839821962085,-0.7475671199277476,-0.6947337355941398,-1.6747676686002824,0.009422137949136454,1.323172947773761,0.27861725719618774,-0.3039731236165118,-0.10687456204558105,-0.13475206763687533,0,0,0.0
1.0,0.0,1.0,0.0,0.0,0.0,0.0,1.0,0.0,0.0,0.0,0.0,1.0,0.0,1.0,0.0,1.0,0.0,0.0,0.0,1.0,0.0,0.0,-1.1125011722027218,0.4286170077327008,0.9149035016291136,0.0648954475796536,0.019829119221123678,-1.1596878665481336,1.4316316397055602,-1.3400399628745336,0.27861725719618774,1.2171689157374983,0.4488953913895783,1.1150088842318084,1,1,1.0
0.0,1.0,0.0,0.0,0.0,0.0,0.0,1.0,0.0,0.0,0.0,0.0,0.0,1.0,0.0,0.0,0.0,0.0,0.0,1.0,0.0,0.0,0.0,1.3554634778399597,1.4248235907678144,0.1516889017299573,-1.1537984036814481,1.4489548288516505,1.0150935198942723,1.4316316397055602,-0.4523023259917688,-0.30153320026594205,-1.6490570565638076,-0.5514905247937085,0.30155501023444037,1,0,0.0
0.0,0.0,0.0,0.0,1.0,0.0,0.0,0.0,1.0,0.0,0.0,1.0,0.0,0.0,0.0,0.0,1.0,0.0,1.0,0.0,0.0,0.0,0.0,0.47404753139614486,0.9898908333056912,-0.9931329981187772,-0.341335836174047,-0.6947337355941398,-0.18675935156074158,-1.4127873638072872,0.43543531089099613,0.27861725719618774,-0.7265125789926257,1.3381273168858332,-0.828828944541123,0,1,1.0
0.0,0.0,0.0,0.0,0.0,0.0,0.0,0.0,1.0,0.0,0.0,0.0,0.0,0.0,1.0,1.0,0.0,0.0,0.0,0.0,0.0,1.0,0.0,0.2096227474630004,1.3044893341502015,-1.3747402980683554,-0.7475671199277476,0.019829119221123678,-1.5030744012495663,1.4316316397055602,-0.4523023259917688,-0.30153320026594205,-0.14904198997860343,0.1154334193284827,-1.2767567920409724,0,0,0.0
0.0,0.0,0.0,0.0,0.0,0.0,1.0,0.0,0.0,0.0,0.0,0.0,0.0,0.0,1.0,0.0,1.0,0.0,0.0,0.0,0.0,1.0,0.0,-0.31922682040328854,0.4940648494421704,-1.3747402980683554,-0.7475671199277476,0.019829119221123678,-1.3886122230157554,0.7205268888273483,0.43543531089099613,-1.4618341151902017,-0.4236926359730773,1.3381273168858332,-1.550373095112814,0,0,0.0
0.0,0.0,0.0,0.0,0.0,1.0,0.0,0.0,1.0,0.0,0.0,1.0,0.0,0.0,1.0,1.0,0.0,0.0,0.0,0.0,0.0,1.0,0.0,-1.465067550780248,0.1294315891263761,-0.611525698169199,0.4711267313333542,-0.6947337355941398,1.530173321946421,0.7205268888273483,0.43543531089099613,-0.8816836577280718,1.3721000493754063,-0.44033653410667667,-0.6016957199834163,0,1,1.0
0.0,1.0,1.0,0.0,0.0,0.0,0.0,0.0,0.0,0.0,0.0,0.0,1.0,0.0,0.0,0.0,0.0,0.0,0.0,0.0,0.0,0.0,1.0,0.47404753139614486,1.441160797851116,0.9149035016291136,1.2835892988407553,1.4489548288516505,-1.5030744012495663,0.7205268888273483,0.43543531089099613,-0.8816836577280718,0.843925730155264,0.004279428641450823,0.9597131446504923,1,1,1.0
0.0,0.0,0.0,1.0,0.0,0.0,0.0,0.0,1.0,0.0,0.0,0.0,1.0,0.0,1.0,1.0,0.0,0.0,0.0,0.0,0.0,0.0,1.0,0.5621891260405263,1.2498009459945834,1.2965108015786917,1.2835892988407553,-1.4092965904094032,-0.5301458862621741,0.7205268888273483,0.43543531089099613,-0.8816836577280718,0.5974443811858643,0.4488953913895783,1.4277132305996276,0,1,1.0
0.0,0.0,0.0,0.0,1.0,0.0,0.0,0.0,0.0,0.0,0.0,0.0,0.0,0.0,0.0,0.0,0.0,0.0,0.0,0.0,1.0,0.0,0.0,0.2096227474630004,-0.22873279727360576,-0.611525698169199,0.4711267313333542,-1.4092965904094032,-0.243990440677647,-0.7016826129290754,-0.4523023259917688,-1.4618341151902017,1.4706925889631666,1.560435298259897,-0.685153974588341,1,1,1.0
0.0,1.0,0.0,0.0,0.0,0.0,0.0,0.0,0.0,1.0,1.0,0.0,0.0,0.0,1.0,0.0,1.0,0.0,0.0,1.0,0.0,0.0,0.0,-1.0243595775583405,0.5778961746776987,1.67811810152827,0.4711267313333542,0.7343919740363871,-0.3012215297945524,0.009422137949136454,-0.4523023259917688,1.4389181721204474,0.4425132475479561,-1.3295684596029316,1.5132843524097404,0,0,0.0
0.0,1.0,0.0,0.0,0.0,0.0,0.0,1.0,0.0,0.0,0.0,1.0,0.0,0.0,0.0,0.0,1.0,0.0,0.0,0.0,0.0,0.0,1.0,-0.054802036470144075,1.2875580468093253,-0.9931329981187772,-1.1537984036814481,0.7343919740363871,-0.9879945991974174,-1.4127873638072872,0.43543531089099613,0.8587677146583175,-0.5504544725859115,0.8935113541377058,-0.9556009768524011,0,0,0.0
1.0,0.0,1.0,0.0,0.0,0.0,0.0,1.0,0.0,0.0,0.0,0.0,0.0,0.0,1.0,1.0,0.0,0.0,0.0,0.0,0.0,0.0,1.0,-0.6717931989808145,-0.8938716545458906,-1.3747402980683554,-0.341335836174047,-1.4092965904094032,0.9578624307773668,0.009422137949136454,-0.4523023259917688,0.8587677146583175,0.6608252994922817,1.0046653448247376,-1.2598538543994686,0,0,0.0
1.0,0.0,1.0,0.0,0.0,0.0,0.0,0.0,0.0,0.0,1.0,0.0,0.0,0.0,0.0,1.0,0.0,1.0,0.0,0.0,0.0,0.0,0.0,-1.3769259561358664,1.3777262281256495,0.1516889017299573,0.4711267313333542,-0.6947337355941398,0.5000137178421235,-1.4127873638072872,1.323172947773761,0.8587677146583175,0.03405844068437934,-1.2184144689158998,-0.02593940656969474,1,1,1.0
1.0,0.0,0.0,0.0,0.0,0.0,1.0,0.0,0.0,0.0,0.0,0.0,0.0,1.0,1.0,0.0,0.0,0.0,0.0,0.0,0.0,1.0,0.0,-0.23108522575890705,0.9426614528285097,1.2965108015786917,-0.7475671199277476,-1.4092965904094032,1.0723246090111775,-1.4127873638072872,-0.4523023259917688,0.27861725719618774,1.188999618712424,0.33774140070254643,1.4372211330229734,1,0,0.0
0.0,1.0,0.0,1.0,0.0,0.0,0.0,0.0,1.0,0.0,0.0,0.0,0.0,0.0,1.0,0.0,1.0,0.0,1.0,0.0,0.0,0.0,0.0,0.2977643421073819,1.1169249950503954,-1.7563475980179335,-1.1537984036814481,-0.6947337355941398,0.09939609402378552,1.4316316397055602,0.43543531089099613,-1.4618341151902017,-0.8532744156054599,-1.6630304316640272,-1.7458133115927013,1,1,1.0
0.0,1.0,0.0,0.0,0.0,0.0,0.0,0.0,1.0,0.0,0.0,1.0,0.0,0.0,1.0,0.0,1.0,1.0,0.0,0.0,0.0,0.0,0.0,0.1214811528186189,-0.9408369993530389,-0.22991839821962085,-0.7475671199277476,0.019829119221123678,1.129555698128083,-1.4127873638072872,1.323172947773761,0.27861725719618774,-0.268761502335169,0.1154334193284827,-0.4083683707087173,0,0,0.0
0.0,0.0,1.0,0.0,0.0,0.0,0.0,0.0,0.0,1.0,0.0,0.0,0.0,1.0,1.0,0.0,1.0,1.0,0.0,0.0,0.0,0.0,0.0,-1.3769259561358664,0.29079038797539114,-0.9931329981187772,0.0648954475796536,-0.6947337355941398,1.5874044110633263,0.009422137949136454,1.323172947773761,-1.4618341151902017,1.104491727637201,-0.7737985061677722,-0.9228515351719876,0,0,0.0
1.0,0.0,0.0,1.0,0.0,0.0,0.0,0.0,1.0,0.0,0.0,1.0,0.0,0.0,0.0,0.0,0.0,0.0,0.0,0.0,0.0,0.0,1.0,-0.14294363111452557,1.1094329829132044,0.1516889017299573,-0.341335836174047,0.019829119221123678,-0.9307635100805121,-0.7016826129290754,-1.3400399628745336,0.27861725719618774,0.08335471047825925,1.2269733261988014,0.2233789236424854,1,1,1.0
1.0,0.0,0.0,0.0,0.0,1.0,0.0,0.0,1.0,0.0,1.0,0.0,0.0,0.0,1.0,0.0,1.0,0.0,0.0,0.0,0.0,1.0,0.0,-0.759934793625196,-1.2910143067345177,-0.611525698169199,0.4711267313333542,-0.6947337355941398,1.3584800545957048,0.7205268888273483,-0.4523023259917688,-0.8816836577280718,-1.480041274413362,-0.8849524968548041,-0.6302194272534539,0,0,0.0
1.0,0.0,0.0,0.0,0.0,0.0,1.0,0.0,0.0,0.0,0.0,0.0,0.0,1.0,0.0,0.0,1.0,0.0,0.0,0.0,0.0,0.0,0.0,-0.583651604336433,0.7044682739998449,-1.3747402980683554,-1.1537984036814481,-1.4092965904094032,1.6446355001802317,1.4316316397055602,1.323172947773761,-0.8816836577280718,-1.1279250615999339,0.33774140070254643,-1.5165672198298068,0,0,0.0
0.0,0.0,0.0,0.0,1.0,0.0,0.0,0.0,1.0,0.0,0.0,0.0,1.0,0.0,0.0,0.0,1.0,0.0,0.0,0.0,0.0,0.0,1.0,-0.31922682040328854,-0.1727572352265758,0.5332962016795355,0.0648954475796536,-0.6947337355941398,-1.5603054903664717,0.7205268888273483,-0.4523023259917688,1.4389181721204474,-1.5927184625136592,-0.7737985061677722,0.5202367659713952,1,0,0.0
0.0,1.0,0.0,0.0,1.0,0.0,0.0,0.0,0.0,1.0,0.0,0.0,1.0,0.0,0.0,0.0,1.0,0.0,0.0,0.0,0.0,0.0,1.0,0.6503307206849078,-1.0119616079682214,0.5332962016795355,0.8773580150870548,-1.4092965904094032,0.042165004906880105,0.009422137949136454,0.43543531089099613,-0.30153320026594205,0.2734974653975104,-0.5514905247937085,0.7188462832590643,0,0,0.0
1.0,0.0,0.0,0.0,0.0,0.0,1.0,0.0,0.0,0.0,0.0,0.0,1.0,0.0,0.0,1.0,0.0,0.0,1.0,0.0,0.0,0.0,0.0,-0.583651604336433,1.2907594793084773,0.1516889017299573,-0.341335836174047,1.4489548288516505,0.7861691634266506,1.4316316397055602,1.323172947773761,1.4389181721204474,0.38617465349780755,-0.21802855273261293,0.12196129779346297,0,0,0.0
0.0,1.0,0.0,0.0,0.0,1.0,0.0,0.0,1.0,0.0,0.0,0.0,0.0,1.0,1.0,0.0,1.0,0.0,0.0,1.0,0.0,0.0,0.0,-1.1125011722027218,-1.5005926198233386,1.2965108015786917,-0.7475671199277476,1.4489548288516505,-0.4729147971452687,-1.4127873638072872,-1.3400399628745336,-1.4618341151902017,1.653793019626149,-1.4407224502899634,1.1403632906940637,1,1,1.0
0.0,1.0,0.0,0.0,0.0,1.0,1.0,0.0,0.0,0.0,1.0,0.0,0.0,0.0,1.0,1.0,0.0,0.0,0.0,0.0,0.0,1.0,0.0,0.5621891260405263,0.9804845625607599,-0.22991839821962085,-0.341335836174047,1.4489548288516505,0.6717069851928397,1.4316316397055602,-1.3400399628745336,-0.30153320026594205,0.3720900049852705,-0.5514905247937085,-0.14954213807319097,1,1,1.0
1.0,0.0,0.0,0.0,0.0,1.0,0.0,0.0,1.0,0.0,0.0,0.0,0.0,1.0,0.0,0.0,0.0,0.0,0.0,1.0,0.0,0.0,0.0,-0.4955100096920515,1.5055855013392072,-0.22991839821962085,0.4711267313333542,-0.6947337355941398,0.843400252543556,-1.4127873638072872,-1.3400399628745336,-0.30153320026594205,-1.465956625900825,1.3381273168858332,-0.16116290770172487,1,1,1.0
1.0,0.0,0.0,0.0,0.0,0.0,0.0,0.0,0.0,0.0,0.0,0.0,0.0,1.0,0.0,1.0,0.0,0.0,0.0,0.0,0.0,0.0,1.0,1.4436050724843412,1.4592472412483877,-0.22991839821962085,-0.7475671199277476,1.4489548288516505,0.15662718314069093,1.4316316397055602,1.323172947773761,0.8587677146583175,-0.17016896274740917,-0.10687456204558105,-0.34075662014270225,1,0,0.0
0.0,0.0,0.0,0.0,0.0,1.0,0.0,1.0,0.0,0.0,0.0,0.0,0.0,0.0,1.0,1.0,0.0,1.0,0.0,0.0,0.0,0.0,0.0,0.6503307206849078,-0.5651142408958519,-0.611525698169199,-0.7475671199277476,0.7343919740363871,-1.6747676686002824,1.4316316397055602,0.43543531089099613,1.4389181721204474,1.379142373631675,1.3381273168858332,-0.7601607603725139,1,0,0.0
1.0,0.0,0.0,0.0,0.0,1.0,1.0,0.0,0.0,0.0,0.0,0.0,0.0,0.0,0.0,0.0,0.0,0.0,1.0,0.0,0.0,0.0,0.0,-1.0243595775583405,-1.471317664908412,0.1516889017299573,0.8773580150870548,1.4489548288516505,-0.9307635100805121,-0.7016826129290754,-0.4523023259917688,-0.8816836577280718,1.343930752350332,-0.32918254341964476,0.34381235433819957,0,1,1.0
0.0,1.0,1.0,0.0,0.0,0.0,0.0,0.0,1.0,0.0,1.0,0.0,0.0,0.0,1.0,0.0,0.0,0.0,1.0,0.0,0.0,0.0,0.0,0.9147555046180523,-1.240979547263234,0.9149035016291136,1.2835892988407553,1.4489548288516505,0.3855515396083126,0.009422137949136454,1.323172947773761,-0.30153320026594205,1.5340735072695837,0.1154334193284827,0.865690554019628,1,0,0.0
0.0,0.0,0.0,1.0,0.0,0.0,1.0,0.0,0.0,0.0,0.0,0.0,0.0,0.0,1.0,0.0,1.0,0.0,0.0,0.0,0.0,0.0,1.0,0.6503307206849078,0.6238383812634687,0.5332962016795355,0.4711267313333542,-0.6947337355941398,0.3855515396083126,-0.7016826129290754,-0.4523023259917688,1.4389181721204474,-0.8955283611430712,-1.107260478228868,0.5846792157296282,1,1,1.0
0.0,0.0,0.0,1.0,0.0,0.0,0.0,0.0,0.0,0.0,0.0,0.0,1.0,0.0,1.0,1.0,0.0,1.0,0.0,0.0,0.0,0.0,0.0,-0.14294363111452557,1.0092644505943742,0.1516889017299573,-1.1537984036814481,-1.4092965904094032,-0.644608064495985,0.7205268888273483,-1.3400399628745336,-0.30153320026594205,0.9143489727179497,0.6712033727636421,0.0036407343029368697,0,1,1.0
0.0,1.0,0.0,1.0,0.0,0.0,0.0,1.0,0.0,0.0,0.0,1.0,0.0,0.0,1.0,1.0,0.0,0.0,1.0,0.0,0.0,0.0,0.0,0.1214811528186189,-0.4838242589843927,0.1516889017299573,0.8773580150870548,-1.4092965904094032,0.5000137178421235,-1.4127873638072872,-0.4523023259917688,0.27861725719618774,-0.28284615084770603,1.0046653448247376,0.3110629126577862,0,1,1.0
0.0,1.0,0.0,0.0,0.0,1.0,0.0,0.0,0.0,0.0,0.0,0.0,0.0,1.0,1.0,1.0,0.0,0.0,1.0,0.0,0.0,0.0,0.0,-1.2006427668471034,-0.32900034296869834,-0.611525698169199,0.0648954475796536,1.4489548288516505,-1.5603054903664717,0.009422137949136454,0.43543531089099613,0.8587677146583175,0.4847671930855676,0.004279428641450823,-0.5457047390459351,1,0,0.0
0.0,1.0,0.0,1.0,0.0,0.0,0.0,1.0,0.0,0.0,1.0,0.0,0.0,0.0,0.0,1.0,0.0,0.0,0.0,0.0,1.0,0.0,0.0,-0.936217982913959,0.8707777416619817,-1.3747402980683554,-0.341335836174047,1.4489548288516505,1.7018665892971372,-1.4127873638072872,-1.3400399628745336,0.8587677146583175,-1.480041274413362,0.5600493820766101,-1.4045852579548443,0,0,0.0
0.0,0.0,1.0,0.0,0.0,0.0,0.0,0.0,0.0,0.0,0.0,1.0,0.0,0.0,0.0,0.0,1.0,1.0,0.0,0.0,0.0,0.0,0.0,-0.759934793625196,1.3068656551805,1.67811810152827,0.0648954475796536,-1.4092965904094032,1.5874044110633263,0.009422137949136454,1.323172947773761,-1.4618341151902017,1.1608303216873495,-1.4407224502899634,1.6199841462717328,0,0,0.0
0.0,0.0,0.0,0.0,0.0,0.0,0.0,0.0,0.0,0.0,0.0,0.0,0.0,0.0,0.0,1.0,0.0,0.0,0.0,0.0,1.0,0.0,0.0,-1.5532091454246293,1.0986075204418448,0.9149035016291136,0.0648954475796536,0.7343919740363871,0.7861691634266506,1.4316316397055602,1.323172947773761,-0.8816836577280718,-1.6631417050763448,-1.2184144689158998,0.883649925263726,0,0,0.0
0.0,0.0,0.0,0.0,1.0,0.0,0.0,0.0,1.0,0.0,0.0,0.0,0.0,0.0,1.0,0.0,0.0,0.0,0.0,0.0,1.0,0.0,0.0,0.3859059367517634,0.35712935007122265,1.2965108015786917,0.0648954475796536,-1.4092965904094032,0.6717069851928397,-1.4127873638072872,-0.4523023259917688,-0.30153320026594205,0.18194725006601906,1.3381273168858332,1.3632707808413946,0,1,1.0
0.0,0.0,1.0,0.0,0.0,0.0,0.0,0.0,0.0,1.0,0.0,0.0,1.0,0.0,1.0,0.0,0.0,1.0,0.0,0.0,0.0,0.0,0.0,-0.583651604336433,0.12821042415247272,-0.611525698169199,-0.341335836174047,1.4489548288516505,-0.41568370802836324,-0.7016826129290754,-0.4523023259917688,0.8587677146583175,-0.9729939279620254,-0.996106487541836,-0.6312758608560479,0,0,0.0
0.0,1.0,0.0,0.0,1.0,0.0,0.0,0.0,1.0,0.0,0.0,1.0,0.0,0.0,0.0,1.0,0.0,1.0,0.0,0.0,0.0,0.0,0.0,-0.936217982913959,0.36986907115032264,0.9149035016291136,0.0648954475796536,0.7343919740363871,-1.7319987577171878,1.4316316397055602,-1.3400399628745336,-0.30153320026594205,-0.5856660938672544,-1.107260478228868,0.867803421224816,0,0,0.0
1.0,0.0,0.0,0.0,0.0,1.0,0.0,0.0,1.0,0.0,0.0,1.0,0.0,0.0,1.0,0.0,1.0,0.0,0.0,0.0,0.0,1.0,0.0,0.2977643421073819,1.7025231067251907,1.67811810152827,0.8773580150870548,0.019829119221123678,1.0150935198942723,1.4316316397055602,-1.3400399628745336,0.27861725719618774,-0.1631266384911405,-0.8849524968548041,1.5312437236538383,1,1,1.0
0.0,1.0,0.0,1.0,0.0,0.0,0.0,0.0,0.0,0.0,1.0,0.0,0.0,0.0,0.0,0.0,0.0,0.0,0.0,0.0,0.0,1.0,0.0,1.0910386939068153,-1.6449211179552148,-0.22991839821962085,0.4711267313333542,-0.6947337355941398,0.3283204504914072,-0.7016826129290754,-0.4523023259917688,1.4389181721204474,-1.1560943586250083,-0.6626445154807404,-0.2277182246651459,1,1,1.0
0.0,0.0,0.0,0.0,1.0,0.0,0.0,1.0,0.0,0.0,1.0,0.0,0.0,0.0,1.0,0.0,0.0,0.0,0.0,0.0,0.0,0.0,1.0,1.0028970992624338,1.2988455717032428,0.5332962016795355,1.2835892988407553,0.7343919740363871,-0.3584526189114578,1.4316316397055602,1.323172947773761,0.8587677146583175,1.4566079404506294,-0.5514905247937085,0.5540426412544025,1,0,0.0
0.0,0.0,0.0,1.0,0.0,0.0,1.0,0.0,0.0,0.0,0.0,0.0,1.0,0.0,1.0,0.0,1.0,0.0,1.0,0.0,0.0,0.0,0.0,-1.0243595775583405,-1.7433404139600754,-0.611525698169199,-0.341335836174047,1.4489548288516505,1.3012489654787993,-1.4127873638072872,-0.4523023259917688,-0.30153320026594205,-1.4025757075944079,-0.996106487541836,-0.5583819422770631,1,0,0.0
1.0,0.0,0.0,0.0,0.0,0.0,1.0,0.0,0.0,0.0,1.0,0.0,0.0,0.0,0.0,1.0,0.0,0.0,0.0,1.0,0.0,0.0,0.0,-1.1125011722027218,-0.2794606503787267,-0.22991839821962085,-0.7475671199277476,1.4489548288516505,-0.41568370802836324,-0.7016826129290754,0.43543531089099613,-0.30153320026594205,1.3368884280940636,1.4492813075728652,-0.2224360566521758,0,1,1.0
0.0,1.0,0.0,0.0,0.0,1.0,0.0,0.0,0.0,0.0,1.0,0.0,0.0,0.0,1.0,0.0,0.0,0.0,1.0,0.0,0.0,0.0,0.0,0.3859059367517634,-0.6435328348957005,-0.22991839821962085,-0.341335836174047,0.019829119221123678,-0.644608064495985,-0.7016826129290754,-1.3400399628745336,0.8587677146583175,1.2805498340439152,-1.3295684596029316,-0.29321710802597295,1,0,0.0
1.0,0.0,0.0,0.0,0.0,0.0,0.0,0.0,0.0,1.0,1.0,0.0,0.0,0.0,0.0,0.0,0.0,0.0,0.0,0.0,0.0,0.0,0.0,1.6198882617731043,-0.44771738110735804,-0.611525698169199,-1.1537984036814481,0.019829119221123678,-0.41568370802836324,0.009422137949136454,0.43543531089099613,1.4389181721204474,-0.7124279304800886,-0.44033653410667667,-0.49922166053179984,0,0,0.0
1.0,0.0,0.0,1.0,0.0,0.0,0.0,0.0,0.0,0.0,0.0,0.0,0.0,1.0,1.0,0.0,0.0,0.0,1.0,0.0,0.0,0.0,0.0,0.5621891260405263,-1.317021820232784,1.67811810152827,0.0648954475796536,-1.4092965904094032,-0.243990440677647,0.009422137949136454,-0.4523023259917688,-0.30153320026594205,1.2805498340439152,0.1154334193284827,1.5249051220382743,0,1,1.0
0.0,1.0,1.0,0.0,0.0,0.0,0.0,1.0,0.0,0.0,1.0,0.0,0.0,0.0,0.0,0.0,1.0,0.0,0.0,1.0,0.0,0.0,0.0,1.6198882617731043,0.948206201899206,-0.611525698169199,-0.7475671199277476,0.019829119221123678,-0.644608064495985,1.4316316397055602,0.43543531089099613,-0.30153320026594205,1.618581398344806,-0.10687456204558105,-0.6249372592404842,1,0,0.0
0.0,1.0,0.0,0.0,0.0,1.0,0.0,0.0,0.0,1.0,0.0,0.0,1.0,0.0,0.0,0.0,0.0,0.0,0.0,0.0,1.0,0.0,0.0,-0.8480763882695774,1.4951230879141433,0.9149035016291136,-0.7475671199277476,-1.4092965904094032,1.4157111437126102,0.7205268888273483,1.323172947773761,-0.30153320026594205,1.0340684850745154,1.0046653448247376,0.980841816702372,0,1,1.0
1.0,0.0,0.0,1.0,0.0,0.0,0.0,0.0,0.0,0.0,0.0,0.0,1.0,0.0,1.0,0.0,0.0,0.0,0.0,1.0,0.0,0.0,0.0,-0.6717931989808145,0.9193603049480832,0.9149035016291136,-1.1537984036814481,-1.4092965904094032,1.6446355001802317,0.7205268888273483,-1.3400399628745336,1.4389181721204474,0.5692750841607901,-0.8849524968548041,0.9079478981233875,1,0,0.0
1.0,0.0,0.0,1.0,0.0,0.0,1.0,0.0,0.0,0.0,0.0,0.0,0.0,0.0,0.0,0.0,1.0,0.0,0.0,0.0,0.0,0.0,1.0,-0.759934793625196,-1.1134173141784633,1.2965108015786917,-1.1537984036814481,-1.4092965904094032,0.9578624307773668,-0.7016826129290754,0.43543531089099613,0.27861725719618774,0.47068254457303027,0.8935113541377058,1.1540969275277857,1,0,0.0
0.0,1.0,1.0,0.0,0.0,0.0,0.0,0.0,1.0,0.0,1.0,0.0,0.0,0.0,0.0,1.0,0.0,0.0,1.0,0.0,0.0,0.0,0.0,0.2977643421073819,-0.33477612325067374,0.5332962016795355,-1.1537984036814481,0.7343919740363871,-0.243990440677647,1.4316316397055602,1.323172947773761,0.27861725719618774,-1.318067816519185,0.5600493820766101,0.7188462832590643,0,0,0.0
1.0,0.0,0.0,0.0,0.0,0.0,0.0,0.0,0.0,0.0,0.0,1.0,0.0,0.0,0.0,1.0,0.0,0.0,0.0,1.0,0.0,0.0,0.0,-1.0243595775583405,-1.6222800592498714,1.67811810152827,1.2835892988407553,-1.4092965904094032,0.15662718314069093,0.009422137949136454,-1.3400399628745336,1.4389181721204474,-1.416660356106945,-0.10687456204558105,1.665410791183274,0,0,0.0
0.0,1.0,0.0,0.0,0.0,1.0,0.0,0.0,0.0,1.0,1.0,0.0,0.0,0.0,0.0,0.0,0.0,1.0,0.0,0.0,0.0,0.0,0.0,1.0028970992624338,-0.22711557879465266,1.2965108015786917,0.0648954475796536,0.019829119221123678,1.0723246090111775,-0.7016826129290754,0.43543531089099613,-1.4618341151902017,0.18194725006601906,1.3381273168858332,1.3738351168673342,0,1,1.0
0.0,1.0,0.0,0.0,1.0,0.0,0.0,0.0,0.0,0.0,0.0,0.0,1.0,0.0,0.0,0.0,1.0,1.0,0.0,0.0,0.0,0.0,0.0,0.5621891260405263,0.5820877409394751,0.1516889017299573,-1.1537984036814481,-0.6947337355941398,1.5874044110633263,0.7205268888273483,-0.4523023259917688,0.27861725719618774,-0.008195504853232144,-0.44033653410667667,0.02899514076519239,0,0,0.0
0.0,1.0,0.0,0.0,0.0,0.0,1.0,0.0,0.0,0.0,0.0,0.0,1.0,0.0,1.0,1.0,0.0,0.0,0.0,0.0,0.0,0.0,0.0,1.6198882617731043,1.0097595174756864,-0.9931329981187772,-0.341335836174047,1.4489548288516505,-0.18675935156074158,-0.7016826129290754,-0.4523023259917688,0.27861725719618774,0.7312485420549674,-0.21802855273261293,-0.9703910472887168,0,1,1.0
1.0,0.0,0.0,1.0,0.0,0.0,0.0,1.0,0.0,0.0,0.0,0.0,1.0,0.0,1.0,1.0,0.0,0.0,0.0,0.0,0.0,0.0,0.0,1.0028970992624338,-1.6477595014080713,1.2965108015786917,0.4711267313333542,-0.6947337355941398,0.21385827225759635,1.4316316397055602,1.323172947773761,-0.8816836577280718,1.1608303216873495,-0.6626445154807404,1.217482943683425,0,0,0.0
0.0,0.0,0.0,0.0,0.0,1.0,0.0,0.0,0.0,1.0,1.0,0.0,0.0,0.0,1.0,0.0,1.0,0.0,1.0,0.0,0.0,0.0,0.0,0.033339558174237414,0.6850616522524077,-1.3747402980683554,-1.1537984036814481,0.7343919740363871,-0.015066084210025312,-0.7016826129290754,-0.4523023259917688,-0.30153320026594205,0.10448168324706499,0.5600493820766101,-1.494382114175333,0,0,0.0
0.0,1.0,0.0,0.0,0.0,0.0,1.0,0.0,0.0,0.0,0.0,0.0,1.0,0.0,1.0,1.0,0.0,1.0,0.0,0.0,0.0,0.0,0.0,-0.759934793625196,-1.1774789686202587,0.1516889017299573,0.4711267313333542,0.019829119221123678,0.6144758960759343,1.4316316397055602,1.323172947773761,0.8587677146583175,0.21011654709109345,-0.21802855273261293,0.3290222839018839,0,0,0.0
1.0,0.0,1.0,0.0,0.0,0.0,1.0,0.0,0.0,0.0,0.0,0.0,1.0,0.0,1.0,0.0,0.0,1.0,0.0,0.0,0.0,0.0,0.0,-1.0243595775583405,1.622289267493864,-0.22991839821962085,0.0648954475796536,-1.4092965904094032,-0.644608064495985,-1.4127873638072872,1.323172947773761,-0.30153320026594205,-1.254686898212768,1.0046653448247376,-0.23616969348589775,1,1,1.0
0.0,0.0,0.0,1.0,0.0,0.0,1.0,0.0,0.0,0.0,0.0,0.0,0.0,0.0,1.0,0.0,0.0,0.0,0.0,0.0,1.0,0.0,0.0,1.4436050724843412,-0.24470695531061196,0.9149035016291136,0.8773580150870548,0.7343919740363871,0.7289380743097451,-1.4127873638072872,0.43543531089099613,0.8587677146583175,0.8720950271803387,0.8935113541377058,0.8413925811599665,0,0,0.0
0.0,0.0,1.0,0.0,0.0,0.0,1.0,0.0,0.0,0.0,0.0,0.0,1.0,0.0,1.0,0.0,1.0,0.0,1.0,0.0,0.0,0.0,0.0,0.2096227474630004,0.6301092284267562,-1.3747402980683554,-0.7475671199277476,-1.4092965904094032,0.44278262872521806,0.009422137949136454,-1.3400399628745336,0.27861725719618774,1.4284386434255552,0.33774140070254643,-1.2482330847709349,1,1,1.0
0.0,1.0,0.0,0.0,0.0,0.0,0.0,0.0,1.0,0.0,0.0,0.0,0.0,1.0,1.0,1.0,0.0,0.0,0.0,0.0,0.0,0.0,1.0,0.2977643421073819,-1.4848494929976115,-0.611525698169199,-0.7475671199277476,0.019829119221123678,-0.7018391536128903,0.7205268888273483,1.323172947773761,1.4389181721204474,-1.430745004619482,1.1158193355117696,-0.6492352321001456,0,0,0.0
0.0,0.0,0.0,1.0,0.0,0.0,0.0,1.0,0.0,0.0,0.0,0.0,0.0,0.0,1.0,0.0,1.0,0.0,0.0,0.0,0.0,0.0,1.0,1.4436050724843412,1.42016996208348,-1.7563475980179335,-1.1537984036814481,-0.6947337355941398,0.3283204504914072,0.7205268888273483,-0.4523023259917688,-0.8816836577280718,-0.7969358215553113,-0.10687456204558105,-1.6042512088451075,0,0,0.0
0.0,0.0,1.0,0.0,0.0,0.0,0.0,1.0,0.0,0.0,1.0,0.0,0.0,0.0,0.0,0.0,0.0,0.0,1.0,0.0,0.0,0.0,0.0,0.2977643421073819,-1.260122133340638,1.67811810152827,-0.7475671199277476,0.7343919740363871,-1.33138113389885,0.7205268888273483,1.323172947773761,1.4389181721204474,-1.5434221927197793,-0.8849524968548041,1.6485078535417705,0,0,0.0
1.0,0.0,1.0,0.0,0.0,0.0,1.0,0.0,0.0,0.0,0.0,1.0,0.0,0.0,1.0,0.0,1.0,0.0,0.0,0.0,0.0,0.0,0.0,-1.2006427668471034,-1.6297720713870623,-0.22991839821962085,-0.7475671199277476,-0.6947337355941398,-0.5301458862621741,0.7205268888273483,-0.4523023259917688,0.27861725719618774,1.6960469651637604,0.1154334193284827,-0.04918094582676256,0,1,1.0
0.0,1.0,0.0,1.0,0.0,0.0,0.0,0.0,0.0,1.0,0.0,1.0,0.0,0.0,1.0,0.0,0.0,0.0,0.0,0.0,0.0,0.0,1.0,1.5317466671287228,-1.1549039188324235,-0.611525698169199,0.4711267313333542,-0.6947337355941398,0.09939609402378552,-0.7016826129290754,1.323172947773761,-1.4618341151902017,1.653793019626149,-0.996106487541836,-0.7781201316166118,1,0,0.0
0.0,0.0,0.0,1.0,0.0,0.0,0.0,1.0,0.0,0.0,0.0,0.0,0.0,1.0,1.0,1.0,0.0,0.0,1.0,0.0,0.0,0.0,0.0,-0.31922682040328854,-1.1059583065000265,0.1516889017299573,-0.341335836174047,-1.4092965904094032,-0.41568370802836324,-0.7016826129290754,0.43543531089099613,0.8587677146583175,1.639708371113612,1.6715892889469288,0.2022502515906056,1,1,1.0
0.0,1.0,0.0,0.0,0.0,1.0,1.0,0.0,0.0,0.0,1.0,0.0,0.0,0.0,0.0,0.0,0.0,0.0,0.0,0.0,0.0,0.0,0.0,-0.23108522575890705,1.0807851127146066,-0.611525698169199,-1.1537984036814481,-0.6947337355941398,1.6446355001802317,-0.7016826129290754,-0.4523023259917688,-1.4618341151902017,1.6256237226010748,-0.5514905247937085,-0.5277453678018375,1,0,0.0
0.0,1.0,0.0,1.0,0.0,0.0,1.0,0.0,0.0,0.0,0.0,0.0,1.0,0.0,1.0,1.0,0.0,0.0,0.0,1.0,0.0,0.0,0.0,1.6198882617731043,-0.5326708579405274,0.5332962016795355,0.0648954475796536,0.7343919740363871,-0.9879945991974174,0.7205268888273483,0.43543531089099613,0.8587677146583175,1.1749149701998867,-0.21802855273261293,0.3607152919797036,0,0,0.0
0.0,1.0,0.0,0.0,1.0,0.0,1.0,0.0,0.0,0.0,0.0,1.0,0.0,0.0,1.0,0.0,0.0,0.0,0.0,0.0,0.0,0.0,1.0,0.5621891260405263,-0.4218088809853542,0.1516889017299573,-0.341335836174047,1.4489548288516505,1.3012489654787993,-1.4127873638072872,1.323172947773761,1.4389181721204474,-0.6138353908923285,-0.10687456204558105,0.1937987827698538,0,1,1.0
0.0,0.0,0.0,0.0,0.0,0.0,1.0,0.0,0.0,0.0,1.0,0.0,0.0,0.0,0.0,0.0,0.0,0.0,0.0,0.0,0.0,0.0,1.0,-1.6413507400690108,1.3620161057586764,1.67811810152827,-0.341335836174047,0.019829119221123678,-0.18675935156074158,0.009422137949136454,-1.3400399628745336,-0.30153320026594205,1.0833647548683956,-0.6626445154807404,1.5777268021679733,0,0,0.0
1.0,0.0,0.0,0.0,1.0,0.0,0.0,0.0,0.0,0.0,0.0,1.0,0.0,0.0,1.0,0.0,1.0,0.0,0.0,1.0,0.0,0.0,0.0,0.6503307206849078,1.2118128139685624,0.9149035016291136,0.4711267313333542,-0.6947337355941398,-1.5030744012495663,-1.4127873638072872,0.43543531089099613,-0.8816836577280718,-1.1279250615999339,-0.21802855273261293,1.0843723097565827,1,1,1.0
0.0,0.0,0.0,0.0,1.0,0.0,0.0,0.0,1.0,0.0,1.0,0.0,0.0,0.0,0.0,0.0,0.0,0.0,0.0,0.0,0.0,1.0,0.0,-1.465067550780248,-0.7154825549797367,-1.7563475980179335,-0.7475671199277476,0.019829119221123678,-1.7319987577171878,0.7205268888273483,1.323172947773761,0.8587677146583175,1.6819623166512236,-1.3295684596029316,-1.6581293225774008,1,1,1.0
0.0,1.0,0.0,0.0,0.0,1.0,1.0,0.0,0.0,0.0,0.0,1.0,0.0,0.0,1.0,1.0,0.0,1.0,0.0,0.0,0.0,0.0,0.0,-0.31922682040328854,-1.2788686659129924,-0.22991839821962085,-0.7475671199277476,0.7343919740363871,-1.216918955665039,0.7205268888273483,-0.4523023259917688,-0.30153320026594205,-1.6490570565638076,-0.10687456204558105,-0.29321710802597295,1,0,0.0
1.0,0.0,0.0,0.0,0.0,1.0,0.0,1.0,0.0,0.0,0.0,0.0,0.0,0.0,1.0,1.0,0.0,0.0,1.0,0.0,0.0,0.0,0.0,0.3859059367517634,0.973025554882323,1.2965108015786917,1.2835892988407553,1.4489548288516505,0.5000137178421235,1.4316316397055602,-0.4523023259917688,0.8587677146583175,-1.430745004619482,0.6712033727636421,1.4889863795500788,0,1,1.0
0.0,0.0,0.0,0.0,1.0,0.0,0.0,0.0,1.0,0.0,0.0,0.0,1.0,0.0,1.0,0.0,1.0,0.0,0.0,0.0,0.0,1.0,0.0,1.0028970992624338,-0.5308886171678036,-0.22991839821962085,0.0648954475796536,1.4489548288516505,-1.7319987577171878,0.009422137949136454,0.43543531089099613,0.27861725719618774,-0.5715814453547173,1.4492813075728652,-0.23511325988330373,1,1,1.0
0.0,1.0,0.0,0.0,0.0,1.0,0.0,0.0,0.0,1.0,0.0,0.0,0.0,1.0,0.0,0.0,1.0,0.0,0.0,0.0,0.0,0.0,0.0,-0.23108522575890705,-0.07687928254578448,-1.3747402980683554,-0.341335836174047,1.4489548288516505,1.4729422328295156,0.7205268888273483,0.43543531089099613,0.8587677146583175,1.527031183013315,-0.21802855273261293,-1.497551414983115,0,0,0.0
0.0,0.0,0.0,0.0,1.0,0.0,0.0,1.0,0.0,0.0,0.0,0.0,0.0,1.0,1.0,1.0,0.0,0.0,1.0,0.0,0.0,0.0,0.0,1.6198882617731043,-0.7443614563896136,0.5332962016795355,1.2835892988407553,0.019829119221123678,1.1867867872449884,-1.4127873638072872,-0.4523023259917688,0.27861725719618774,1.3580154008628695,-0.6626445154807404,0.43572207776387645,0,0,0.0
0.0,0.0,0.0,0.0,0.0,0.0,0.0,1.0,0.0,0.0,0.0,0.0,0.0,1.0,0.0,1.0,0.0,0.0,0.0,0.0,0.0,0.0,0.0,-1.6413507400690108,0.508322775623961,-1.3747402980683554,-0.7475671199277476,-1.4092965904094032,1.3584800545957048,0.009422137949136454,-0.4523023259917688,-0.8816836577280718,-1.3744064105693337,0.6712033727636421,-1.2292172799242431,0,0,0.0
0.0,1.0,0.0,0.0,0.0,1.0,0.0,1.0,0.0,0.0,0.0,0.0,1.0,0.0,1.0,0.0,0.0,0.0,1.0,0.0,0.0,0.0,0.0,0.5621891260405263,-1.2690993461217654,-0.611525698169199,-0.7475671199277476,0.019829119221123678,1.0150935198942723,1.4316316397055602,0.43543531089099613,-0.8816836577280718,-0.7335549032488942,0.004279428641450823,-0.4696415196591682,0,0,0.0
1.0,0.0,1.0,0.0,0.0,0.0,1.0,0.0,0.0,0.0,1.0,0.0,0.0,0.0,0.0,0.0,1.0,0.0,0.0,0.0,0.0,0.0,1.0,1.0910386939068153,0.845562335173815,0.9149035016291136,-1.1537984036814481,0.7343919740363871,0.843400252543556,-0.7016826129290754,0.43543531089099613,0.27861725719618774,-0.5434121483296429,1.4492813075728652,1.0230991608061315,1,0,0.0
0.0,0.0,0.0,0.0,0.0,1.0,0.0,0.0,0.0,1.0,0.0,0.0,0.0,0.0,1.0,0.0,1.0,0.0,1.0,0.0,0.0,0.0,0.0,0.6503307206849078,1.3618510834649056,-1.3747402980683554,-0.7475671199277476,-0.6947337355941398,-0.7018391536128903,-0.7016826129290754,0.43543531089099613,0.27861725719618774,-0.268761502335169,-1.3295684596029316,-1.4552940708793558,0,1,1.0
1.0,0.0,1.0,0.0,0.0,0.0,1.0,0.0,0.0,0.0,0.0,1.0,0.0,0.0,1.0,0.0,1.0,0.0,0.0,0.0,1.0,0.0,0.0,-1.3769259561358664,-0.3089996409636865,0.5332962016795355,-0.341335836174047,0.019829119221123678,-1.4458433121326608,0.7205268888273483,0.43543531089099613,0.8587677146583175,-0.5293274998171058,-0.6626445154807404,0.6005257197685379,0,0,0.0
0.0,0.0,0.0,0.0,0.0,1.0,1.0,0.0,0.0,0.0,1.0,0.0,0.0,0.0,1.0,0.0,1.0,0.0,0.0,0.0,1.0,0.0,0.0,0.7384723153292894,-1.733043022828782,0.9149035016291136,-0.7475671199277476,-0.6947337355941398,-1.045225688314323,0.009422137949136454,-0.4523023259917688,-1.4618341151902017,0.8087141088739211,-0.5514905247937085,0.803360971466583,0,1,1.0
1.0,0.0,0.0,0.0,0.0,1.0,0.0,0.0,0.0,0.0,0.0,0.0,1.0,0.0,0.0,0.0,1.0,0.0,1.0,0.0,0.0,0.0,0.0,0.6503307206849078,1.2025385610586476,-1.3747402980683554,-1.1537984036814481,0.7343919740363871,0.09939609402378552,0.7205268888273483,1.323172947773761,0.8587677146583175,-1.205390628418888,-0.8849524968548041,-1.5123414854194308,0,0,0.0
0.0,1.0,0.0,0.0,1.0,0.0,0.0,0.0,0.0,0.0,0.0,0.0,0.0,0.0,1.0,0.0,0.0,0.0,0.0,0.0,0.0,0.0,1.0,-0.8480763882695774,-0.9621578797082166,-0.22991839821962085,-1.1537984036814481,0.019829119221123678,1.1867867872449884,1.4316316397055602,-1.3400399628745336,-1.4618341151902017,-0.21242290828502042,-1.6630304316640272,-0.1759529781380405,1,1,1.0
0.0,0.0,0.0,0.0,1.0,0.0,1.0,0.0,0.0,0.0,0.0,0.0,1.0,0.0,1.0,0.0,1.0,0.0,0.0,0.0,1.0,0.0,0.0,-0.31922682040328854,-1.1658613991387998,1.2965108015786917,2.0960518663481564,-1.4092965904094032,-0.4729147971452687,-1.4127873638072872,0.43543531089099613,0.27861725719618774,0.7875871361051157,-0.6626445154807404,1.2248779789015827,1,1,1.0
1.0,0.0,0.0,0.0,1.0,0.0,0.0,0.0,0.0,1.0,0.0,1.0,0.0,0.0,0.0,1.0,0.0,0.0,0.0,0.0,0.0,0.0,0.0,-0.054802036470144075,0.6000091620429759,-0.611525698169199,0.4711267313333542,-0.6947337355941398,0.09939609402378552,-0.7016826129290754,0.43543531089099613,-0.8816836577280718,1.4143539949130177,-1.6630304316640272,-0.553099774264093,1,1,1.0
1.0,0.0,1.0,0.0,0.0,0.0,0.0,0.0,0.0,0.0,0.0,1.0,0.0,0.0,1.0,0.0,0.0,1.0,0.0,0.0,0.0,0.0,0.0,-1.465067550780248,1.4644949501902966,-0.9931329981187772,-0.7475671199277476,0.7343919740363871,-0.7018391536128903,-1.4127873638072872,-0.4523023259917688,-0.8816836577280718,0.14673562878467622,-0.5514905247937085,-1.1520976269348822,0,0,0.0
0.0,0.0,1.0,0.0,0.0,0.0,1.0,0.0,0.0,0.0,0.0,1.0,0.0,0.0,1.0,1.0,0.0,0.0,0.0,0.0,0.0,0.0,0.0,-1.3769259561358664,1.5431775798601783,1.2965108015786917,-0.341335836174047,0.7343919740363871,-1.7319987577171878,-1.4127873638072872,1.323172947773761,-0.8816836577280718,1.5340735072695837,0.4488953913895783,1.4689141411007927,1,1,1.0
0.0,0.0,0.0,0.0,0.0,1.0,0.0,0.0,0.0,0.0,0.0,0.0,0.0,1.0,1.0,0.0,0.0,0.0,1.0,0.0,0.0,0.0,0.0,-0.14294363111452557,-1.7033060054912974,0.1516889017299573,-0.341335836174047,-1.4092965904094032,-0.9307635100805121,0.009422137949136454,-0.4523023259917688,-0.8816836577280718,0.04814308919691642,1.4492813075728652,0.1166791297804932,0,0,0.0
1.0,0.0,0.0,1.0,0.0,0.0,0.0,0.0,0.0,1.0,0.0,1.0,0.0,0.0,1.0,0.0,1.0,0.0,0.0,0.0,0.0,0.0,0.0,-0.8480763882695774,-0.4130296949567516,-0.22991839821962085,-0.341335836174047,-1.4092965904094032,0.9006313416604614,0.009422137949136454,1.323172947773761,-1.4618341151902017,-0.8039781458115799,1.0046653448247376,-0.17912227894582258,0,1,1.0
0.0,1.0,0.0,0.0,0.0,0.0,1.0,0.0,0.0,0.0,0.0,1.0,0.0,0.0,1.0,1.0,0.0,0.0,0.0,0.0,0.0,1.0,0.0,1.3554634778399597,1.1611839742397039,0.9149035016291136,-0.341335836174047,0.019829119221123678,-0.4729147971452687,0.7205268888273483,1.323172947773761,-1.4618341151902017,-1.2758138709815738,1.4492813075728652,1.1076138490136507,0,0,0.0
0.0,1.0,1.0,0.0,0.0,0.0,0.0,0.0,0.0,0.0,0.0,1.0,0.0,0.0,0.0,0.0,1.0,0.0,0.0,1.0,0.0,0.0,0.0,-1.1125011722027218,-0.7724152463306369,0.1516889017299573,-1.1537984036814481,0.019829119221123678,0.15662718314069093,-0.7016826129290754,-0.4523023259917688,-1.4618341151902017,-1.0997557645748597,0.5600493820766101,0.17900871233353816,0,1,1.0
0.0,1.0,0.0,0.0,0.0,1.0,1.0,0.0,0.0,0.0,1.0,0.0,0.0,0.0,1.0,1.0,0.0,0.0,0.0,0.0,0.0,0.0,0.0,1.3554634778399597,-0.3370204264459556,-1.3747402980683554,-1.1537984036814481,1.4489548288516505,1.3012489654787993,0.7205268888273483,-1.3400399628745336,0.8587677146583175,1.2664651855313778,0.6712033727636421,-1.571501767164694,1,1,1.0
0.0,1.0,0.0,0.0,0.0,1.0,0.0,0.0,0.0,0.0,0.0,0.0,0.0,0.0,1.0,0.0,0.0,0.0,0.0,0.0,0.0,0.0,0.0,0.033339558174237414,0.22131600229791587,1.2965108015786917,0.4711267313333542,-0.6947337355941398,-0.3584526189114578,0.7205268888273483,-0.4523023259917688,-0.8816836577280718,-1.2898985194941108,1.560435298259897,1.2914332958650037,1,0,0.0
0.0,0.0,0.0,0.0,1.0,0.0,0.0,1.0,0.0,0.0,0.0,0.0,0.0,1.0,0.0,0.0,1.0,1.0,0.0,0.0,0.0,0.0,0.0,-0.8480763882695774,0.9580415306079412,-1.7563475980179335,-0.7475671199277476,1.4489548288516505,0.042165004906880105,-1.4127873638072872,0.43543531089099613,-0.8816836577280718,0.991814539536904,0.6712033727636421,-1.71623317072007,0,1,1.0
1.0,0.0,0.0,0.0,0.0,1.0,0.0,0.0,1.0,0.0,0.0,1.0,0.0,0.0,0.0,0.0,0.0,1.0,0.0,0.0,0.0,0.0,0.0,-0.23108522575890705,0.6670082133138904,-1.3747402980683554,-1.1537984036814481,1.4489548288516505,0.7289380743097451,-1.4127873638072872,0.43543531089099613,1.4389181721204474,1.4988618859882408,-1.107260478228868,-1.2778132256435661,1,1,1.0
0.0,1.0,1.0,0.0,0.0,0.0,1.0,0.0,0.0,0.0,1.0,0.0,0.0,0.0,0.0,1.0,0.0,0.0,0.0,0.0,1.0,0.0,0.0,0.6503307206849078,-1.6830742722750065,-0.22991839821962085,0.4711267313333542,0.7343919740363871,-1.216918955665039,0.009422137949136454,-1.3400399628745336,-1.4618341151902017,-1.430745004619482,0.6712033727636421,-0.3090636120648826,0,0,0.0
0.0,1.0,0.0,0.0,0.0,1.0,0.0,1.0,0.0,0.0,1.0,0.0,0.0,0.0,0.0,0.0,0.0,0.0,0.0,0.0,0.0,0.0,1.0,-0.14294363111452557,-0.3711470367977416,1.67811810152827,0.0648954475796536,0.7343919740363871,-0.4729147971452687,0.7205268888273483,0.43543531089099613,1.4389181721204474,-0.5715814453547173,0.22658741001551455,1.6875958968377476,0,0,0.0
0.0,1.0,0.0,0.0,0.0,0.0,0.0,0.0,1.0,0.0,0.0,0.0,0.0,1.0,0.0,0.0,1.0,0.0,0.0,0.0,1.0,0.0,0.0,-1.5532091454246293,-0.6491435928839051,0.9149035016291136,0.8773580150870548,-0.6947337355941398,1.3584800545957048,0.009422137949136454,0.43543531089099613,-0.8816836577280718,1.400269346400481,0.33774140070254643,1.1055009818084627,1,1,1.0
1.0,0.0,0.0,1.0,0.0,0.0,0.0,1.0,0.0,0.0,0.0,0.0,1.0,0.0,0.0,0.0,1.0,0.0,0.0,0.0,0.0,0.0,0.0,0.033339558174237414,0.7713023029769887,-0.9931329981187772,0.0648954475796536,-0.6947337355941398,0.2710893613745018,1.4316316397055602,-1.3400399628745336,0.27861725719618774,-0.881443712630534,0.4488953913895783,-0.8372804133618749,0,0,0.0
0.0,1.0,0.0,0.0,0.0,0.0,0.0,0.0,1.0,0.0,0.0,0.0,0.0,1.0,0.0,0.0,0.0,0.0,0.0,0.0,0.0,1.0,0.0,1.1791802885511968,1.0275489207441706,-1.7563475980179335,-0.7475671199277476,0.019829119221123678,-0.4729147971452687,0.7205268888273483,0.43543531089099613,0.8587677146583175,1.611539074088538,0.7823573634506739,-1.6412263849358968,1,1,1.0
1.0,0.0,0.0,0.0,0.0,0.0,0.0,0.0,0.0,0.0,1.0,0.0,0.0,0.0,0.0,0.0,1.0,0.0,1.0,0.0,0.0,0.0,0.0,1.5317466671287228,-0.8412955517505375,-0.22991839821962085,-0.7475671199277476,-0.6947337355941398,-1.3886122230157554,0.7205268888273483,1.323172947773761,-1.4618341151902017,0.801671784617653,0.8935113541377058,-0.2203231894469881,0,1,1.0
1.0,0.0,1.0,0.0,0.0,0.0,0.0,0.0,0.0,0.0,1.0,0.0,0.0,0.0,1.0,0.0,0.0,0.0,1.0,0.0,0.0,0.0,0.0,-0.23108522575890705,-0.30434601227935204,-0.22991839821962085,0.0648954475796536,-1.4092965904094032,1.5874044110633263,0.7205268888273483,0.43543531089099613,-1.4618341151902017,-1.4589143016445563,-1.3295684596029316,-0.04812451222416854,0,0,0.0
1.0,0.0,0.0,1.0,0.0,0.0,0.0,0.0,1.0,0.0,0.0,0.0,0.0,1.0,0.0,1.0,0.0,0.0,0.0,1.0,0.0,0.0,0.0,0.9147555046180523,-1.7413931508935807,1.2965108015786917,-0.7475671199277476,1.4489548288516505,-1.33138113389885,1.4316316397055602,0.43543531089099613,0.8587677146583175,0.04814308919691642,-1.6630304316640272,1.4340518322151916,0,1,1.0
1.0,0.0,0.0,0.0,1.0,0.0,0.0,0.0,0.0,0.0,0.0,0.0,0.0,1.0,0.0,0.0,0.0,0.0,0.0,0.0,0.0,0.0,1.0,1.5317466671287228,1.0810491483846398,-1.3747402980683554,-1.1537984036814481,-1.4092965904094032,-0.4729147971452687,1.4316316397055602,1.323172947773761,-0.30153320026594205,-1.1701790071375453,1.3381273168858332,-1.2809825264513484,0,0,0.0
0.0,1.0,1.0,0.0,0.0,0.0,1.0,0.0,0.0,0.0,0.0,0.0,1.0,0.0,0.0,1.0,0.0,0.0,1.0,0.0,0.0,0.0,0.0,1.5317466671287228,0.7532488640384714,-1.3747402980683554,-0.7475671199277476,1.4489548288516505,1.2440178763618939,0.009422137949136454,0.43543531089099613,-1.4618341151902017,0.5551904356482532,-1.5518764409769954,-1.4045852579548443,0,1,1.0
0.0,0.0,1.0,0.0,0.0,0.0,0.0,0.0,1.0,0.0,0.0,0.0,0.0,0.0,0.0,0.0,0.0,0.0,0.0,0.0,0.0,1.0,0.0,-1.288784361491485,-0.4138218019668511,-1.3747402980683554,-1.1537984036814481,-0.6947337355941398,1.1867867872449884,-1.4127873638072872,-0.4523023259917688,0.8587677146583175,-1.057501819037248,-0.32918254341964476,-1.2482330847709349,1,1,1.0
0.0,1.0,0.0,1.0,0.0,0.0,0.0,1.0,0.0,0.0,0.0,0.0,0.0,0.0,0.0,1.0,0.0,0.0,0.0,0.0,0.0,0.0,0.0,0.5621891260405263,1.3749538535903012,0.9149035016291136,-1.1537984036814481,-1.4092965904094032,1.7018665892971372,-0.7016826129290754,-0.4523023259917688,0.27861725719618774,0.7664601633363102,-0.6626445154807404,0.8942142612896655,1,0,0.0
0.0,0.0,0.0,0.0,1.0,0.0,0.0,1.0,0.0,0.0,0.0,0.0,0.0,1.0,1.0,0.0,0.0,0.0,0.0,0.0,0.0,0.0,0.0,0.8266139099736708,-0.5319447598479362,-1.3747402980683554,-0.7475671199277476,-1.4092965904094032,1.0150935198942723,0.009422137949136454,0.43543531089099613,-0.30153320026594205,1.7030892894200291,-0.21802855273261293,-1.3665536482614609,0,0,0.0
1.0,0.0,0.0,1.0,0.0,0.0,0.0,0.0,0.0,0.0,1.0,0.0,0.0,0.0,0.0,1.0,0.0,0.0,0.0,1.0,0.0,0.0,0.0,-0.054802036470144075,0.8913395194658141,-1.3747402980683554,-0.341335836174047,1.4489548288516505,-1.6175365794833771,-0.7016826129290754,0.43543531089099613,1.4389181721204474,1.0833647548683956,-0.6626445154807404,-1.2640795888098444,1,0,0.0
0.0,1.0,0.0,1.0,0.0,0.0,0.0,1.0,0.0,0.0,0.0,0.0,0.0,1.0,0.0,0.0,0.0,0.0,0.0,0.0,1.0,0.0,0.0,-1.1125011722027218,-0.6262715029672826,0.1516889017299573,0.0648954475796536,0.019829119221123678,0.15662718314069093,1.4316316397055602,-0.4523023259917688,-0.8816836577280718,-0.7617242002739685,1.4492813075728652,0.16527507549981618,1,0,0.0
0.0,0.0,0.0,1.0,0.0,0.0,0.0,0.0,1.0,0.0,0.0,0.0,0.0,1.0,0.0,1.0,0.0,0.0,0.0,0.0,0.0,1.0,0.0,1.2673218831955781,0.18560517792593093,-0.9931329981187772,-0.341335836174047,1.4489548288516505,-1.5603054903664717,0.7205268888273483,0.43543531089099613,-0.8816836577280718,1.0904070791246638,0.1154334193284827,-0.8467883157852206,0,0,0.0
1.0,0.0,0.0,0.0,0.0,1.0,1.0,0.0,0.0,0.0,0.0,0.0,1.0,0.0,0.0,1.0,0.0,0.0,1.0,0.0,0.0,0.0,0.0,1.0910386939068153,0.30524634090970665,-1.3747402980683554,-1.1537984036814481,-0.6947337355941398,-0.5301458862621741,0.7205268888273483,-0.4523023259917688,-1.4618341151902017,-0.13495734146606636,-1.3295684596029316,-1.4711405749182653,0,0,0.0
1.0,0.0,0.0,1.0,0.0,0.0,1.0,0.0,0.0,0.0,0.0,0.0,1.0,0.0,0.0,1.0,0.0,0.0,0.0,1.0,0.0,0.0,0.0,0.2096227474630004,-1.261277289397033,-1.3747402980683554,-0.341335836174047,-0.6947337355941398,-1.6175365794833771,0.009422137949136454,0.43543531089099613,-0.8816836577280718,0.21011654709109345,-0.10687456204558105,-1.4162060275833783,0,0,0.0
0.0,0.0,0.0,0.0,0.0,1.0,0.0,0.0,0.0,0.0,0.0,0.0,0.0,0.0,1.0,1.0,0.0,0.0,1.0,0.0,0.0,0.0,0.0,-1.0243595775583405,-0.22094374500762753,1.2965108015786917,0.4711267313333542,0.7343919740363871,0.21385827225759635,-0.7016826129290754,-0.4523023259917688,-0.8816836577280718,-1.5082105714384364,-1.4407224502899634,1.1952978380289507,0,0,0.0
1.0,0.0,1.0,0.0,0.0,0.0,0.0,0.0,0.0,0.0,0.0,0.0,1.0,0.0,0.0,0.0,1.0,0.0,0.0,0.0,1.0,0.0,0.0,0.2977643421073819,-1.1357943372137735,0.5332962016795355,1.2835892988407553,0.019829119221123678,-1.1024567774312282,0.7205268888273483,-1.3400399628745336,-1.4618341151902017,1.1256187004060065,-1.107260478228868,0.3733924952108312,0,1,1.0
0.0,1.0,0.0,1.0,0.0,0.0,0.0,0.0,0.0,1.0,0.0,0.0,0.0,0.0,1.0,0.0,0.0,0.0,0.0,0.0,0.0,0.0,0.0,-0.759934793625196,1.4487848278233237,0.1516889017299573,0.4711267313333542,-0.6947337355941398,0.2710893613745018,-0.7016826129290754,0.43543531089099613,-0.8816836577280718,-0.7405972275051628,-0.10687456204558105,0.2962728422214702,0,1,1.0
0.0,0.0,0.0,0.0,0.0,0.0,0.0,0.0,0.0,1.0,0.0,0.0,0.0,1.0,0.0,1.0,0.0,0.0,0.0,0.0,0.0,1.0,0.0,1.0910386939068153,1.6557887931293214,0.9149035016291136,1.2835892988407553,-1.4092965904094032,-1.7319987577171878,-1.4127873638072872,-1.3400399628745336,-1.4618341151902017,-0.5152428513045687,-0.6626445154807404,0.7695550961835753,1,1,1.0
0.0,0.0,0.0,0.0,1.0,0.0,0.0,0.0,1.0,0.0,0.0,0.0,1.0,0.0,1.0,0.0,0.0,0.0,0.0,0.0,1.0,0.0,0.0,0.7384723153292894,-0.9271731534288229,-1.7563475980179335,-0.7475671199277476,0.7343919740363871,0.843400252543556,-1.4127873638072872,-1.3400399628745336,-0.8816836577280718,-0.13495734146606636,-1.6630304316640272,-1.6296056153073633,1,0,0.0
0.0,0.0,0.0,1.0,0.0,0.0,0.0,1.0,0.0,0.0,1.0,0.0,0.0,0.0,1.0,0.0,1.0,0.0,1.0,0.0,0.0,0.0,0.0,-0.8480763882695774,-0.7655173144510206,-1.3747402980683554,-1.1537984036814481,0.019829119221123678,-1.7319987577171878,-0.7016826129290754,-0.4523023259917688,-0.30153320026594205,1.4847772374757036,0.22658741001551455,-1.4373346996352578,0,0,0.0
0.0,1.0,0.0,1.0,0.0,0.0,1.0,0.0,0.0,0.0,0.0,0.0,0.0,0.0,0.0,0.0,1.0,0.0,0.0,0.0,1.0,0.0,0.0,1.5317466671287228,0.2883480580275844,-0.9931329981187772,0.0648954475796536,0.019829119221123678,1.129555698128083,1.4316316397055602,0.43543531089099613,-1.4618341151902017,-1.3532794378005277,-0.10687456204558105,-1.0707522395351452,0,0,0.0
0.0,0.0,0.0,0.0,0.0,0.0,0.0,1.0,0.0,0.0,0.0,0.0,0.0,0.0,1.0,0.0,1.0,0.0,0.0,0.0,0.0,0.0,1.0,-0.8480763882695774,0.28306734462692124,-0.22991839821962085,0.4711267313333542,-0.6947337355941398,0.15662718314069093,-0.7016826129290754,0.43543531089099613,0.8587677146583175,-0.015237829109500558,-1.6630304316640272,-0.29744284243634866,1,0,0.0
1.0,0.0,0.0,0.0,0.0,0.0,1.0,0.0,0.0,0.0,0.0,0.0,1.0,0.0,1.0,0.0,0.0,1.0,0.0,0.0,0.0,0.0,0.0,-1.6413507400690108,-0.37824299542988277,1.67811810152827,0.8773580150870548,-0.6947337355941398,-1.3886122230157554,-1.4127873638072872,1.323172947773761,1.4389181721204474,-0.23354988105382615,-1.2184144689158998,1.6411128183236126,1,1,1.0
0.0,0.0,0.0,0.0,0.0,0.0,0.0,0.0,0.0,0.0,0.0,0.0,1.0,0.0,1.0,0.0,1.0,1.0,0.0,0.0,0.0,0.0,0.0,-1.288784361491485,-1.6494097243457786,-1.7563475980179335,-1.1537984036814481,0.7343919740363871,-0.7018391536128903,0.7205268888273483,-1.3400399628745336,-1.4618341151902017,-1.3814487348256022,0.8935113541377058,-1.715176737117476,0,0,0.0
1.0,0.0,0.0,1.0,0.0,0.0,0.0,0.0,0.0,1.0,0.0,0.0,1.0,0.0,1.0,1.0,0.0,0.0,0.0,0.0,0.0,0.0,1.0,-1.465067550780248,0.3272273104399673,-0.9931329981187772,0.0648954475796536,-1.4092965904094032,0.7861691634266506,-0.7016826129290754,0.43543531089099613,0.27861725719618774,1.2946344825564526,-0.32918254341964476,-1.0855423099714612,0,1,1.0
0.0,1.0,0.0,0.0,0.0,1.0,0.0,1.0,0.0,0.0,0.0,0.0,0.0,1.0,0.0,1.0,0.0,0.0,0.0,0.0,1.0,0.0,0.0,0.9147555046180523,-1.5438944697087769,-0.22991839821962085,0.8773580150870548,0.019829119221123678,1.4157111437126102,-0.7016826129290754,1.323172947773761,0.8587677146583175,-0.19129593551621468,0.8935113541377058,-0.282652772000033,1,0,0.0
1.0,0.0,0.0,1.0,0.0,0.0,0.0,1.0,0.0,0.0,1.0,0.0,0.0,0.0,0.0,0.0,1.0,0.0,0.0,0.0,0.0,1.0,0.0,1.5317466671287228,-1.05080785592185,0.9149035016291136,0.4711267313333542,-1.4092965904094032,-0.18675935156074158,0.009422137949136454,0.43543531089099613,0.8587677146583175,-0.5645391210984486,1.3381273168858332,0.9195686677519215,1,0,0.0
0.0,1.0,0.0,1.0,0.0,0.0,0.0,0.0,1.0,0.0,0.0,1.0,0.0,0.0,0.0,0.0,0.0,0.0,0.0,0.0,1.0,0.0,0.0,-1.0243595775583405,1.016261395850253,-1.3747402980683554,-0.341335836174047,0.019829119221123678,-1.5603054903664717,-0.7016826129290754,-1.3400399628745336,-0.30153320026594205,1.5411158315258522,-0.32918254341964476,-1.499664282188303,1,1,1.0
0.0,0.0,0.0,0.0,0.0,0.0,0.0,1.0,0.0,0.0,0.0,0.0,0.0,0.0,0.0,0.0,1.0,0.0,0.0,0.0,0.0,1.0,0.0,0.2096227474630004,0.8149672019087225,-0.22991839821962085,-0.7475671199277476,0.7343919740363871,0.6144758960759343,-0.7016826129290754,-0.4523023259917688,0.8587677146583175,0.04814308919691642,-1.6630304316640272,-0.1579936068939428,1,0,0.0
0.0,1.0,1.0,0.0,0.0,0.0,0.0,0.0,0.0,1.0,0.0,0.0,0.0,0.0,0.0,0.0,1.0,0.0,1.0,0.0,0.0,0.0,0.0,0.47404753139614486,0.8416348045820717,-0.22991839821962085,0.4711267313333542,-0.6947337355941398,0.7861691634266506,0.7205268888273483,-0.4523023259917688,-1.4618341151902017,0.6608252994922817,1.6715892889469288,-0.34181305374529625,0,1,1.0
0.0,1.0,0.0,0.0,0.0,1.0,0.0,0.0,0.0,0.0,1.0,0.0,0.0,0.0,0.0,0.0,1.0,0.0,0.0,0.0,1.0,0.0,0.0,0.2096227474630004,-0.8493156352277947,-0.9931329981187772,0.0648954475796536,1.4489548288516505,-0.7590702427297957,1.4316316397055602,-1.3400399628745336,0.8587677146583175,-1.0222901977559053,-1.6630304316640272,-0.9682781800835288,1,0,0.0
0.0,0.0,0.0,1.0,0.0,0.0,0.0,0.0,0.0,1.0,1.0,0.0,0.0,0.0,1.0,1.0,0.0,0.0,1.0,0.0,0.0,0.0,0.0,1.3554634778399597,1.7012689372925331,0.9149035016291136,-1.1537984036814481,0.7343919740363871,0.9006313416604614,0.009422137949136454,-0.4523023259917688,-1.4618341151902017,-0.38143869043546613,-0.21802855273261293,0.8244896435184628,0,1,1.0
0.0,1.0,0.0,1.0,0.0,0.0,0.0,0.0,0.0,1.0,0.0,0.0,0.0,0.0,0.0,0.0,1.0,1.0,0.0,0.0,0.0,0.0,0.0,-0.583651604336433,0.07639342390846503,-0.22991839821962085,-1.1537984036814481,1.4489548288516505,-1.6747676686002824,0.009422137949136454,0.43543531089099613,1.4389181721204474,1.1326610246622753,-0.44033653410667667,-0.410481237913905,0,0,0.0
0.0,0.0,0.0,1.0,0.0,0.0,0.0,0.0,0.0,0.0,0.0,1.0,0.0,0.0,0.0,0.0,1.0,0.0,0.0,0.0,0.0,0.0,0.0,-0.23108522575890705,1.0529953584436165,-1.7563475980179335,-1.1537984036814481,-1.4092965904094032,-0.015066084210025312,0.7205268888273483,-0.4523023259917688,-1.4618341151902017,1.4143539949130177,0.5600493820766101,-1.70566883469413,0,0,0.0
0.0,1.0,0.0,0.0,0.0,0.0,0.0,0.0,0.0,0.0,1.0,0.0,0.0,0.0,1.0,0.0,0.0,0.0,0.0,0.0,0.0,0.0,1.0,-0.054802036470144075,-1.6899391996958686,-1.7563475980179335,-1.1537984036814481,1.4489548288516505,-1.5603054903664717,0.7205268888273483,1.323172947773761,-0.30153320026594205,-0.5786237696109857,1.3381273168858332,-1.71623317072007,1,0,0.0
0.0,0.0,0.0,0.0,1.0,0.0,1.0,0.0,0.0,0.0,0.0,0.0,1.0,0.0,1.0,0.0,1.0,0.0,0.0,0.0,0.0,0.0,0.0,-1.2006427668471034,-1.5705290679233719,1.67811810152827,1.689820582594456,0.7343919740363871,0.3283204504914072,-0.7016826129290754,1.323172947773761,0.8587677146583175,-0.9166553339118768,-0.21802855273261293,1.6706929591962438,1,1,1.0
0.0,1.0,1.0,0.0,0.0,0.0,1.0,0.0,0.0,0.0,0.0,0.0,0.0,1.0,1.0,0.0,1.0,0.0,0.0,0.0,0.0,1.0,0.0,-1.465067550780248,1.648461803285901,1.2965108015786917,-0.341335836174047,-1.4092965904094032,1.4157111437126102,0.009422137949136454,-0.4523023259917688,0.8587677146583175,0.7242062177986988,0.22658741001551455,1.4932121139604548,1,1,1.0
0.0,0.0,0.0,1.0,0.0,0.0,0.0,0.0,0.0,1.0,0.0,0.0,0.0,0.0,0.0,0.0,1.0,0.0,0.0,0.0,0.0,0.0,1.0,1.0028970992624338,-0.7927459929231901,0.5332962016795355,0.8773580150870548,0.019829119221123678,-0.7590702427297957,-0.7016826129290754,0.43543531089099613,1.4389181721204474,-0.9870785764745625,0.8935113541377058,0.655460267103425,0,0,0.0
1.0,0.0,0.0,0.0,0.0,0.0,0.0,0.0,0.0,1.0,0.0,0.0,0.0,0.0,1.0,1.0,0.0,0.0,1.0,0.0,0.0,0.0,0.0,-0.40736841504767,1.4759805018367391,1.2965108015786917,0.0648954475796536,0.7343919740363871,-0.12952826244383614,1.4316316397055602,0.43543531089099613,0.8587677146583175,0.3580053564727332,0.004279428641450823,1.24283735014568,0,1,1.0
0.0,0.0,0.0,0.0,0.0,1.0,0.0,1.0,0.0,0.0,0.0,1.0,0.0,0.0,0.0,0.0,1.0,0.0,0.0,0.0,0.0,0.0,0.0,-0.054802036470144075,-0.15391168927795898,0.1516889017299573,0.4711267313333542,1.4489548288516505,1.3584800545957048,1.4316316397055602,-1.3400399628745336,0.8587677146583175,-0.6279200394048658,-0.8849524968548041,-0.0016414337100332443,0,0,0.0
1.0,0.0,0.0,1.0,0.0,0.0,0.0,1.0,0.0,0.0,0.0,1.0,0.0,0.0,0.0,0.0,1.0,0.0,0.0,0.0,0.0,1.0,0.0,-0.936217982913959,-0.002421223596433299,-0.22991839821962085,-0.7475671199277476,-1.4092965904094032,0.7289380743097451,-1.4127873638072872,-0.4523023259917688,-1.4618341151902017,1.6044967498322693,1.1158193355117696,-0.09566402434089785,1,0,0.0
0.0,0.0,1.0,0.0,0.0,0.0,0.0,1.0,0.0,0.0,1.0,0.0,0.0,0.0,0.0,0.0,1.0,0.0,0.0,0.0,0.0,0.0,0.0,1.5317466671287228,-1.3817105593909083,-0.22991839821962085,0.4711267313333542,0.019829119221123678,0.5572448069590289,0.009422137949136454,0.43543531089099613,0.8587677146583175,-1.6983533263576875,1.6715892889469288,-0.2921606744233789,0,0,0.0
0.0,0.0,0.0,0.0,1.0,0.0,0.0,0.0,1.0,0.0,0.0,1.0,0.0,0.0,1.0,0.0,0.0,1.0,0.0,0.0,0.0,0.0,0.0,1.1791802885511968,1.381719767634901,-0.611525698169199,-0.341335836174047,-0.6947337355941398,-1.6175365794833771,0.7205268888273483,0.43543531089099613,-0.8816836577280718,1.5692851285509264,1.560435298259897,-0.5340839694174012,1,0,0.0
0.0,1.0,0.0,0.0,0.0,1.0,0.0,0.0,0.0,0.0,0.0,0.0,0.0,0.0,1.0,0.0,0.0,0.0,0.0,0.0,0.0,0.0,0.0,1.5317466671287228,-1.074009990426014,1.67811810152827,2.5022831501018574,0.019829119221123678,1.3584800545957048,-1.4127873638072872,1.323172947773761,0.27861725719618774,0.19603189857855638,-1.5518764409769954,1.7203453385181613,0,0,0.0
0.0,0.0,1.0,0.0,0.0,0.0,0.0,0.0,0.0,1.0,0.0,1.0,0.0,0.0,0.0,1.0,0.0,0.0,0.0,0.0,0.0,1.0,0.0,-0.23108522575890705,1.3978589479656778,1.2965108015786917,2.0960518663481564,0.019829119221123678,-0.12952826244383614,0.009422137949136454,-0.4523023259917688,0.27861725719618774,-0.4448196087418831,0.7823573634506739,1.3379163743791387,0,0,0.0
0.0,0.0,0.0,0.0,0.0,0.0,0.0,0.0,1.0,0.0,0.0,0.0,0.0,0.0,0.0,0.0,1.0,0.0,0.0,0.0,0.0,1.0,0.0,-0.759934793625196,1.1328331441698933,-0.611525698169199,0.4711267313333542,-1.4092965904094032,0.2710893613745018,-1.4127873638072872,0.43543531089099613,0.27861725719618774,-1.3955333833381394,0.22658741001551455,-0.6196550912275139,1,1,1.0
0.0,0.0,1.0,0.0,0.0,0.0,0.0,0.0,0.0,0.0,0.0,0.0,1.0,0.0,1.0,0.0,0.0,0.0,0.0,0.0,0.0,1.0,0.0,1.4436050724843412,-0.4083100573549089,0.1516889017299573,1.2835892988407553,0.019829119221123678,0.2710893613745018,0.7205268888273483,1.323172947773761,-0.8816836577280718,-1.6068031110261962,0.7823573634506739,0.3269094166966959,0,0,0.0
0.0,0.0,0.0,0.0,0.0,0.0,0.0,0.0,0.0,1.0,0.0,0.0,1.0,0.0,1.0,0.0,1.0,0.0,0.0,0.0,1.0,0.0,0.0,-0.23108522575890705,-1.3341181298674312,0.5332962016795355,0.0648954475796536,0.019829119221123678,-1.216918955665039,-1.4127873638072872,-1.3400399628745336,0.8587677146583175,-1.318067816519185,1.560435298259897,0.5952435517555681,0,0,0.0
0.0,0.0,0.0,0.0,0.0,1.0,0.0,1.0,0.0,0.0,0.0,0.0,0.0,1.0,1.0,0.0,0.0,0.0,0.0,1.0,0.0,0.0,0.0,-1.2006427668471034,1.635689077748047,-0.611525698169199,-1.1537984036814481,0.7343919740363871,-1.6175365794833771,1.4316316397055602,-0.4523023259917688,-0.8816836577280718,0.09743935899079632,0.4488953913895783,-0.5224631997888673,0,0,0.0
1.0,0.0,0.0,1.0,0.0,0.0,0.0,0.0,0.0,1.0,0.0,0.0,0.0,1.0,0.0,1.0,0.0,0.0,0.0,1.0,0.0,0.0,0.0,-0.14294363111452557,-0.2819689892440417,0.9149035016291136,0.8773580150870548,-0.6947337355941398,-0.8163013318467012,-0.7016826129290754,0.43543531089099613,-0.8816836577280718,0.2875821139100475,0.004279428641450823,0.9354151717908308,1,1,1.0
1.0,0.0,0.0,0.0,0.0,0.0,1.0,0.0,0.0,0.0,0.0,0.0,1.0,0.0,1.0,0.0,1.0,0.0,0.0,0.0,0.0,1.0,0.0,-1.1125011722027218,1.1123373752835692,-0.611525698169199,0.4711267313333542,1.4489548288516505,-1.216918955665039,0.009422137949136454,-0.4523023259917688,-0.30153320026594205,-0.28284615084770603,-0.10687456204558105,-0.8087567060918373,0,0,0.0
0.0,0.0,0.0,0.0,0.0,1.0,0.0,0.0,0.0,1.0,0.0,0.0,1.0,0.0,0.0,1.0,0.0,0.0,0.0,0.0,0.0,0.0,1.0,-1.5532091454246293,0.2835954159669875,0.5332962016795355,1.689820582594456,1.4489548288516505,1.3584800545957048,-0.7016826129290754,1.323172947773761,1.4389181721204474,-0.7969358215553113,0.22658741001551455,0.5498169068440268,0,0,0.0
1.0,0.0,1.0,0.0,0.0,0.0,1.0,0.0,0.0,0.0,0.0,0.0,1.0,0.0,1.0,1.0,0.0,0.0,0.0,0.0,0.0,0.0,0.0,0.7384723153292894,0.5364755789412468,0.1516889017299573,0.4711267313333542,1.4489548288516505,-1.6747676686002824,0.009422137949136454,1.323172947773761,-0.30153320026594205,-1.1701790071375453,1.1158193355117696,0.05963171524041802,0,0,0.0
0.0,1.0,0.0,0.0,0.0,1.0,0.0,0.0,0.0,0.0,0.0,1.0,0.0,0.0,1.0,0.0,0.0,1.0,0.0,0.0,0.0,0.0,0.0,-1.2006427668471034,1.5165099771868293,1.67811810152827,-1.1537984036814481,-0.6947337355941398,-1.4458433121326608,0.009422137949136454,1.323172947773761,-0.30153320026594205,0.6960369207736246,0.6712033727636421,1.65907218956771,0,0,0.0
0.0,0.0,0.0,0.0,0.0,1.0,0.0,0.0,0.0,0.0,0.0,1.0,0.0,0.0,0.0,0.0,0.0,0.0,0.0,1.0,0.0,0.0,0.0,1.3554634778399597,-0.9156545973236263,-1.7563475980179335,-0.7475671199277476,-1.4092965904094032,0.3283204504914072,0.009422137949136454,0.43543531089099613,0.8587677146583175,1.639708371113612,0.4488953913895783,-1.638057084128115,0,1,1.0
1.0,0.0,0.0,0.0,0.0,1.0,0.0,0.0,0.0,0.0,0.0,0.0,0.0,0.0,1.0,0.0,1.0,0.0,1.0,0.0,0.0,0.0,0.0,-1.288784361491485,-1.5287784275993785,1.2965108015786917,-0.341335836174047,-1.4092965904094032,-0.12952826244383614,-1.4127873638072872,-1.3400399628745336,-0.30153320026594205,0.86505270292407,-1.4407224502899634,1.3748915504699284,1,1,1.0
1.0,0.0,0.0,0.0,1.0,0.0,1.0,0.0,0.0,0.0,0.0,1.0,0.0,0.0,0.0,0.0,1.0,1.0,0.0,0.0,0.0,0.0,0.0,-0.936217982913959,0.7026860332271211,-0.22991839821962085,0.0648954475796536,1.4489548288516505,1.3012489654787993,-1.4127873638072872,0.43543531089099613,-0.30153320026594205,0.6326560024672071,0.1154334193284827,-0.19496878298473222,0,0,0.0
1.0,0.0,0.0,1.0,0.0,0.0,0.0,0.0,0.0,0.0,0.0,0.0,0.0,0.0,0.0,0.0,1.0,0.0,0.0,0.0,1.0,0.0,0.0,-1.288784361491485,-0.23533368902443477,-0.611525698169199,0.4711267313333542,0.019829119221123678,1.0723246090111775,1.4316316397055602,0.43543531089099613,-0.8816836577280718,-1.4941259229258992,-0.21802855273261293,-0.4400613787865366,0,0,0.0
1.0,0.0,0.0,0.0,1.0,0.0,0.0,0.0,0.0,0.0,0.0,0.0,0.0,1.0,0.0,1.0,0.0,0.0,0.0,1.0,0.0,0.0,0.0,1.7080298564174856,-0.35259853097791205,1.67811810152827,-0.341335836174047,1.4489548288516505,-0.5873769753790795,-1.4127873638072872,-0.4523023259917688,-0.8816836577280718,0.9988568637931726,1.2269733261988014,1.5977990406172595,1,0,0.0
0.0,0.0,0.0,0.0,0.0,0.0,1.0,0.0,0.0,0.0,1.0,0.0,0.0,0.0,1.0,0.0,0.0,0.0,0.0,0.0,0.0,1.0,0.0,1.6198882617731043,0.626643760257571,-0.22991839821962085,0.0648954475796536,1.4489548288516505,0.21385827225759635,-0.7016826129290754,0.43543531089099613,-1.4618341151902017,-0.47298890576695723,1.1158193355117696,-0.09460759073830383,0,1,1.0
1.0,0.0,0.0,0.0,0.0,1.0,1.0,0.0,0.0,0.0,0.0,0.0,0.0,0.0,0.0,1.0,0.0,0.0,0.0,1.0,0.0,0.0,0.0,-1.288784361491485,-0.6246212800295754,1.2965108015786917,1.2835892988407553,0.019829119221123678,1.3012489654787993,0.7205268888273483,0.43543531089099613,-0.8816836577280718,1.139703348918544,0.6712033727636421,1.1974107052341387,1,0,0.0
0.0,1.0,0.0,0.0,0.0,0.0,0.0,1.0,0.0,0.0,0.0,0.0,1.0,0.0,0.0,1.0,0.0,0.0,0.0,0.0,0.0,0.0,0.0,0.1214811528186189,-0.701455660009225,-1.3747402980683554,-1.1537984036814481,1.4489548288516505,-1.6175365794833771,1.4316316397055602,-0.4523023259917688,1.4389181721204474,0.4918095173418358,0.33774140070254643,-1.3993030899418744,0,1,1.0
0.0,0.0,0.0,1.0,0.0,0.0,0.0,0.0,1.0,0.0,0.0,0.0,0.0,1.0,0.0,0.0,1.0,0.0,0.0,0.0,1.0,0.0,0.0,-1.465067550780248,-0.0026852592664664593,0.5332962016795355,-0.7475671199277476,0.019829119221123678,0.9578624307773668,1.4316316397055602,-0.4523023259917688,-0.8816836577280718,1.611539074088538,1.4492813075728652,0.4325527769560944,0,0,0.0
0.0,0.0,0.0,0.0,1.0,0.0,0.0,0.0,1.0,0.0,0.0,0.0,0.0,0.0,1.0,0.0,0.0,0.0,0.0,0.0,0.0,0.0,0.0,0.5621891260405263,1.3631052528975631,-0.611525698169199,-1.1537984036814481,0.7343919740363871,1.2440178763618939,0.7205268888273483,-1.3400399628745336,0.27861725719618774,-0.24059220531009481,-1.107260478228868,-0.7168469826661606,1,1,1.0
0.0,0.0,0.0,0.0,0.0,1.0,0.0,0.0,0.0,1.0,0.0,0.0,1.0,0.0,0.0,0.0,1.0,0.0,0.0,0.0,0.0,0.0,0.0,0.8266139099736708,0.31851413332887296,-0.9931329981187772,-1.1537984036814481,-0.6947337355941398,0.7861691634266506,0.009422137949136454,-1.3400399628745336,0.8587677146583175,0.9566029182555611,0.6712033727636421,-1.03483349704695,0,1,1.0
0.0,0.0,0.0,0.0,0.0,0.0,0.0,0.0,1.0,0.0,0.0,1.0,0.0,0.0,0.0,0.0,0.0,0.0,0.0,1.0,0.0,0.0,0.0,0.7384723153292894,-1.3892685804456075,1.67811810152827,0.0648954475796536,1.4489548288516505,1.3012489654787993,-1.4127873638072872,1.323172947773761,1.4389181721204474,0.5833597326733274,0.6712033727636421,1.5787832357705678,0,0,0.0
0.0,1.0,0.0,1.0,0.0,0.0,0.0,0.0,1.0,0.0,0.0,0.0,1.0,0.0,1.0,0.0,1.0,0.0,0.0,0.0,1.0,0.0,0.0,0.033339558174237414,-0.8026803350081878,1.2965108015786917,2.0960518663481564,-0.6947337355941398,-1.3886122230157554,-1.4127873638072872,1.323172947773761,-0.8816836577280718,0.0622277377094535,0.1154334193284827,1.1720562987718837,0,1,1.0
1.0,0.0,1.0,0.0,0.0,0.0,0.0,1.0,0.0,0.0,0.0,1.0,0.0,0.0,1.0,1.0,0.0,1.0,0.0,0.0,0.0,0.0,0.0,-0.40736841504767,0.01602826884713377,-1.7563475980179335,-0.7475671199277476,-0.6947337355941398,0.2710893613745018,1.4316316397055602,-0.4523023259917688,-1.4618341151902017,-1.0082055492433684,-0.996106487541836,-1.6010819080373255,0,0,0.0
0.0,0.0,0.0,0.0,0.0,0.0,1.0,0.0,0.0,0.0,0.0,0.0,0.0,0.0,0.0,1.0,0.0,0.0,0.0,0.0,0.0,0.0,0.0,1.7080298564174856,-1.2475474345553086,-0.9931329981187772,-0.7475671199277476,-0.6947337355941398,0.9006313416604614,1.4316316397055602,0.43543531089099613,-1.4618341151902017,0.40025930201034465,0.4488953913895783,-1.1742827325893557,1,1,1.0
0.0,0.0,0.0,0.0,1.0,0.0,0.0,1.0,0.0,0.0,0.0,0.0,0.0,1.0,1.0,0.0,1.0,0.0,0.0,0.0,1.0,0.0,0.0,-0.936217982913959,0.15649524530477502,-1.7563475980179335,-1.1537984036814481,0.7343919740363871,-1.1596878665481336,-1.4127873638072872,-0.4523023259917688,-1.4618341151902017,0.2453281683724363,0.4488953913895783,-1.7088381355019118,1,0,0.0
0.0,1.0,0.0,0.0,1.0,0.0,0.0,0.0,0.0,0.0,1.0,0.0,0.0,0.0,1.0,1.0,0.0,0.0,0.0,0.0,0.0,1.0,0.0,1.5317466671287228,0.9048713475550135,-0.611525698169199,0.0648954475796536,1.4489548288516505,0.09939609402378552,-0.7016826129290754,1.323172947773761,1.4389181721204474,1.104491727637201,0.22658741001551455,-0.6703639041520254,0,0,0.0
0.0,0.0,0.0,0.0,0.0,1.0,0.0,1.0,0.0,0.0,0.0,0.0,1.0,0.0,0.0,0.0,1.0,0.0,0.0,1.0,0.0,0.0,0.0,-1.6413507400690108,-1.0178694060852134,0.9149035016291136,-1.1537984036814481,1.4489548288516505,0.44278262872521806,1.4316316397055602,-1.3400399628745336,1.4389181721204474,1.0974494033809323,-1.4407224502899634,0.8825934916611317,0,1,1.0
0.0,1.0,0.0,0.0,1.0,0.0,0.0,0.0,1.0,0.0,0.0,0.0,0.0,1.0,0.0,1.0,0.0,0.0,0.0,0.0,0.0,1.0,0.0,-1.288784361491485,0.2831663580031836,0.9149035016291136,-1.1537984036814481,0.019829119221123678,-1.7319987577171878,-1.4127873638072872,1.323172947773761,-0.30153320026594205,-0.37439636617919747,0.8935113541377058,1.0822594425513947,0,0,0.0
0.0,1.0,0.0,0.0,1.0,0.0,0.0,0.0,0.0,1.0,0.0,0.0,0.0,0.0,1.0,0.0,1.0,0.0,0.0,0.0,1.0,0.0,0.0,0.9147555046180523,-0.2478753833510099,1.2965108015786917,2.0960518663481564,-1.4092965904094032,1.2440178763618939,0.7205268888273483,-0.4523023259917688,0.27861725719618774,0.38617465349780755,0.1154334193284827,1.4562369378696651,0,1,1.0
0.0,0.0,0.0,1.0,0.0,0.0,0.0,0.0,0.0,1.0,0.0,1.0,0.0,0.0,1.0,0.0,1.0,1.0,0.0,0.0,0.0,0.0,0.0,1.1791802885511968,1.3786503529707654,-0.611525698169199,-0.7475671199277476,-1.4092965904094032,-1.1596878665481336,0.7205268888273483,-1.3400399628745336,0.8587677146583175,-1.4377873288757508,-0.21802855273261293,-0.7031133458324387,1,0,0.0
0.0,1.0,0.0,0.0,0.0,1.0,1.0,0.0,0.0,0.0,0.0,0.0,1.0,0.0,0.0,0.0,1.0,0.0,0.0,0.0,0.0,0.0,0.0,1.7080298564174856,0.32079144098290896,-0.611525698169199,0.0648954475796536,1.4489548288516505,0.042165004906880105,-1.4127873638072872,-0.4523023259917688,-0.30153320026594205,0.9495605939992925,-1.5518764409769954,-0.61859865762492,0,0,0.0
0.0,0.0,0.0,0.0,0.0,0.0,1.0,0.0,0.0,0.0,0.0,1.0,0.0,0.0,1.0,0.0,1.0,0.0,0.0,0.0,0.0,1.0,0.0,-0.40736841504767,-0.36929878710750946,-1.7563475980179335,-1.1537984036814481,1.4489548288516505,-1.045225688314323,-1.4127873638072872,1.323172947773761,-1.4618341151902017,-1.1208827373436652,-1.5518764409769954,-1.7225717723356337,0,0,0.0
0.0,0.0,0.0,0.0,0.0,1.0,0.0,0.0,0.0,0.0,0.0,0.0,0.0,0.0,1.0,0.0,0.0,0.0,0.0,0.0,1.0,0.0,0.0,0.033339558174237414,1.309836056468373,-0.9931329981187772,0.0648954475796536,-1.4092965904094032,-1.045225688314323,1.4316316397055602,-1.3400399628745336,1.4389181721204474,-1.2758138709815738,0.5600493820766101,-0.8309418117463109,0,0,0.0
1.0,0.0,0.0,0.0,0.0,0.0,0.0,0.0,1.0,0.0,0.0,0.0,1.0,0.0,1.0,1.0,0.0,1.0,0.0,0.0,0.0,0.0,0.0,1.7080298564174856,1.258151074059382,0.5332962016795355,0.0648954475796536,0.7343919740363871,0.9578624307773668,-0.7016826129290754,-0.4523023259917688,-0.30153320026594205,-1.5715914897448533,-1.107260478228868,0.6998304784123726,0,0,0.0
0.0,0.0,0.0,0.0,1.0,0.0,1.0,0.0,0.0,0.0,1.0,0.0,0.0,0.0,0.0,1.0,0.0,1.0,0.0,0.0,0.0,0.0,0.0,-0.14294363111452557,-1.09945642812546,-0.22991839821962085,0.8773580150870548,0.7343919740363871,-1.7319987577171878,1.4316316397055602,1.323172947773761,0.8587677146583175,0.4847671930855676,-0.7737985061677722,-0.1875737477665744,0,0,0.0
1.0,0.0,0.0,1.0,0.0,0.0,0.0,0.0,1.0,0.0,1.0,0.0,0.0,0.0,0.0,0.0,1.0,0.0,0.0,1.0,0.0,0.0,0.0,1.1791802885511968,0.660539339398078,0.1516889017299573,1.2835892988407553,1.4489548288516505,-1.7319987577171878,-0.7016826129290754,0.43543531089099613,-0.8816836577280718,0.5340634628794473,-0.996106487541836,0.058575281637824,1,1,1.0
0.0,1.0,0.0,0.0,0.0,0.0,1.0,0.0,0.0,0.0,0.0,0.0,0.0,1.0,1.0,0.0,1.0,0.0,0.0,0.0,0.0,1.0,0.0,0.2977643421073819,-1.0060208053924753,-0.22991839821962085,-0.341335836174047,0.019829119221123678,-1.045225688314323,0.009422137949136454,-1.3400399628745336,1.4389181721204474,-1.3673640863130652,-0.996106487541836,-0.3217408152960105,0,1,1.0
0.0,0.0,0.0,1.0,0.0,0.0,0.0,0.0,0.0,0.0,0.0,0.0,0.0,0.0,0.0,1.0,0.0,1.0,0.0,0.0,0.0,0.0,0.0,-0.14294363111452557,-0.958824429374048,-1.7563475980179335,-1.1537984036814481,0.019829119221123678,-1.33138113389885,0.7205268888273483,-1.3400399628745336,-0.30153320026594205,0.4425132475479561,-1.3295684596029316,-1.6845401626422503,0,0,0.0
0.0,0.0,0.0,0.0,0.0,1.0,0.0,0.0,1.0,0.0,0.0,0.0,0.0,1.0,1.0,0.0,0.0,0.0,1.0,0.0,0.0,0.0,0.0,-0.759934793625196,-0.2967219823071445,-0.9931329981187772,0.0648954475796536,1.4489548288516505,-1.33138113389885,-1.4127873638072872,0.43543531089099613,-0.8816836577280718,-0.27580382659143765,0.33774140070254643,-0.9196822343642055,0,0,0.0
1.0,0.0,0.0,0.0,0.0,1.0,0.0,1.0,0.0,0.0,0.0,0.0,0.0,1.0,0.0,0.0,0.0,1.0,0.0,0.0,0.0,0.0,0.0,-0.6717931989808145,1.486442915261803,0.1516889017299573,-1.1537984036814481,-0.6947337355941398,-0.644608064495985,0.009422137949136454,0.43543531089099613,-0.8816836577280718,1.2453382127625723,-1.3295684596029316,0.2751441701695908,0,0,0.0
0.0,1.0,1.0,0.0,0.0,0.0,1.0,0.0,0.0,0.0,0.0,0.0,1.0,0.0,1.0,1.0,0.0,0.0,0.0,0.0,0.0,0.0,1.0,1.3554634778399597,-0.8378300835813522,0.9149035016291136,2.0960518663481564,-1.4092965904094032,-0.41568370802836324,1.4316316397055602,-1.3400399628745336,0.27861725719618774,0.30166676242258483,0.004279428641450823,0.8192074755054923,1,0,0.0
0.0,0.0,1.0,0.0,0.0,0.0,0.0,0.0,0.0,0.0,0.0,0.0,0.0,1.0,1.0,0.0,1.0,0.0,0.0,1.0,0.0,0.0,0.0,0.8266139099736708,-0.4778174474911383,0.9149035016291136,1.689820582594456,-0.6947337355941398,-0.7018391536128903,0.7205268888273483,-1.3400399628745336,-1.4618341151902017,1.3721000493754063,0.4488953913895783,0.801248104261395,1,1,1.0
1.0,0.0,1.0,0.0,0.0,0.0,0.0,1.0,0.0,0.0,0.0,1.0,0.0,0.0,0.0,0.0,1.0,0.0,0.0,0.0,0.0,0.0,0.0,1.3554634778399597,0.8833854449060652,1.2965108015786917,2.5022831501018574,-0.6947337355941398,-0.7018391536128903,-1.4127873638072872,0.43543531089099613,0.8587677146583175,1.0270261608182467,1.4492813075728652,1.3241827375454174,1,1,1.0
0.0,0.0,0.0,0.0,0.0,0.0,0.0,0.0,0.0,0.0,0.0,0.0,1.0,0.0,1.0,0.0,0.0,0.0,0.0,1.0,0.0,0.0,0.0,-1.0243595775583405,-1.2644457174374308,-0.611525698169199,-0.341335836174047,0.019829119221123678,-0.7018391536128903,0.7205268888273483,-1.3400399628745336,0.27861725719618774,1.188999618712424,0.004279428641450823,-0.76438649478289,1,1,1.0
0.0,1.0,1.0,0.0,0.0,0.0,0.0,0.0,0.0,1.0,1.0,0.0,0.0,0.0,1.0,1.0,0.0,0.0,0.0,0.0,0.0,0.0,0.0,-1.5532091454246293,-1.6436999529813114,-0.22991839821962085,-0.7475671199277476,-1.4092965904094032,-1.5030744012495663,0.009422137949136454,1.323172947773761,-0.8816836577280718,0.6889945965173558,0.4488953913895783,-0.4041426362983412,0,0,0.0
0.0,1.0,0.0,0.0,0.0,0.0,1.0,0.0,0.0,0.0,1.0,0.0,0.0,0.0,0.0,1.0,0.0,0.0,0.0,0.0,0.0,0.0,1.0,0.1214811528186189,-1.7557170859928797,-0.22991839821962085,0.8773580150870548,-0.6947337355941398,1.4729422328295156,1.4316316397055602,0.43543531089099613,-1.4618341151902017,-0.881443712630534,0.33774140070254643,-0.08509968831495797,0,0,0.0
0.0,0.0,0.0,0.0,0.0,1.0,0.0,1.0,0.0,0.0,0.0,0.0,0.0,1.0,0.0,0.0,0.0,0.0,0.0,0.0,1.0,0.0,0.0,-1.5532091454246293,0.8405786619019391,-0.611525698169199,-0.7475671199277476,0.019829119221123678,-1.33138113389885,1.4316316397055602,-1.3400399628745336,-1.4618341151902017,0.4636402203167616,1.560435298259897,-0.45273858201766454,0,0,0.0
0.0,0.0,1.0,0.0,0.0,0.0,0.0,0.0,0.0,1.0,0.0,0.0,1.0,0.0,1.0,0.0,0.0,0.0,1.0,0.0,0.0,0.0,0.0,1.4436050724843412,-0.3802892718726397,0.5332962016795355,0.4711267313333542,0.019829119221123678,-1.6175365794833771,0.7205268888273483,1.323172947773761,-1.4618341151902017,-0.13495734146606636,1.560435298259897,0.5741148797036884,1,0,0.0
0.0,0.0,1.0,0.0,0.0,0.0,0.0,0.0,0.0,1.0,1.0,0.0,0.0,0.0,1.0,1.0,0.0,0.0,0.0,0.0,1.0,0.0,0.0,1.5317466671287228,0.5185211533789919,1.2965108015786917,1.2835892988407553,0.019829119221123678,-1.2741500447819445,0.009422137949136454,-1.3400399628745336,-0.8816836577280718,-0.9518669551932197,0.1154334193284827,1.2343858813249287,1,0,0.0
1.0,0.0,0.0,1.0,0.0,0.0,0.0,0.0,1.0,0.0,0.0,1.0,0.0,0.0,0.0,1.0,0.0,0.0,0.0,0.0,0.0,0.0,1.0,1.0910386939068153,-1.5879224176868063,1.2965108015786917,1.689820582594456,0.019829119221123678,0.9006313416604614,-0.7016826129290754,-1.3400399628745336,-1.4618341151902017,-0.05044945039084338,0.6712033727636421,1.2755867918260937,0,0,0.0
1.0,0.0,0.0,0.0,1.0,0.0,0.0,0.0,0.0,0.0,0.0,0.0,0.0,1.0,0.0,1.0,0.0,0.0,1.0,0.0,0.0,0.0,0.0,-0.31922682040328854,0.8751343302175288,0.1516889017299573,-0.341335836174047,1.4489548288516505,-1.1024567774312282,1.4316316397055602,-1.3400399628745336,-0.30153320026594205,-1.0152478734996369,0.004279428641450823,0.09555045772861342,1,0,0.0
0.0,1.0,0.0,0.0,0.0,0.0,0.0,0.0,0.0,1.0,0.0,0.0,1.0,0.0,1.0,0.0,1.0,0.0,0.0,0.0,1.0,0.0,0.0,-0.759934793625196,-1.567591671094253,-0.9931329981187772,-0.341335836174047,1.4489548288516505,-0.4729147971452687,-1.4127873638072872,0.43543531089099613,-1.4618341151902017,-1.6490570565638076,0.22658741001551455,-1.0686393723299574,0,1,1.0
1.0,0.0,0.0,1.0,0.0,0.0,0.0,0.0,0.0,1.0,0.0,0.0,0.0,1.0,0.0,0.0,0.0,0.0,1.0,0.0,0.0,0.0,0.0,-1.465067550780248,0.020912928742747236,-1.7563475980179335,-1.1537984036814481,0.7343919740363871,0.9578624307773668,-0.7016826129290754,-0.4523023259917688,-0.30153320026594205,-1.226517601187694,-0.996106487541836,-1.688765897052626,1,0,0.0
0.0,1.0,0.0,1.0,0.0,0.0,1.0,0.0,0.0,0.0,1.0,0.0,0.0,0.0,0.0,0.0,1.0,0.0,0.0,1.0,0.0,0.0,0.0,1.2673218831955781,-1.2996284704693495,-0.9931329981187772,-0.341335836174047,1.4489548288516505,0.5572448069590289,0.009422137949136454,-0.4523023259917688,0.8587677146583175,1.1678726459436182,1.2269733261988014,-1.0601879035092057,0,0,0.0
0.0,1.0,0.0,0.0,0.0,0.0,0.0,0.0,1.0,0.0,0.0,0.0,1.0,0.0,1.0,0.0,0.0,0.0,0.0,1.0,0.0,0.0,0.0,-1.5532091454246293,1.0304863175732895,0.9149035016291136,2.0960518663481564,-0.6947337355941398,1.129555698128083,0.7205268888273483,1.323172947773761,0.27861725719618774,-0.9025706853993398,0.6712033727636421,0.9132300661363573,0,0,0.0
1.0,0.0,0.0,0.0,0.0,1.0,0.0,0.0,1.0,0.0,0.0,0.0,1.0,0.0,1.0,0.0,1.0,0.0,0.0,0.0,0.0,1.0,0.0,1.0910386939068153,-1.5824106730748642,-0.22991839821962085,-0.7475671199277476,1.4489548288516505,1.1867867872449884,-0.7016826129290754,-1.3400399628745336,-0.30153320026594205,-0.05044945039084338,-1.2184144689158998,-0.24356472870405557,1,0,0.0
0.0,0.0,0.0,0.0,1.0,0.0,1.0,0.0,0.0,0.0,0.0,0.0,0.0,1.0,1.0,1.0,0.0,0.0,0.0,0.0,1.0,0.0,0.0,-0.23108522575890705,1.2377543185493203,-1.3747402980683554,-1.1537984036814481,-0.6947337355941398,1.3012489654787993,-0.7016826129290754,1.323172947773761,-0.30153320026594205,-0.8391897670929227,0.8935113541377058,-1.5176236534324008,1,1,1.0
0.0,1.0,0.0,0.0,0.0,0.0,0.0,0.0,1.0,0.0,0.0,0.0,1.0,0.0,0.0,0.0,1.0,0.0,0.0,0.0,0.0,1.0,0.0,0.8266139099736708,-1.6583539326681518,-1.3747402980683554,-1.1537984036814481,0.7343919740363871,-0.07229717332693072,0.009422137949136454,0.43543531089099613,0.8587677146583175,-1.5575068412323163,1.2269733261988014,-1.5820661031906338,0,0,0.0
0.0,0.0,0.0,1.0,0.0,0.0,0.0,0.0,0.0,0.0,0.0,0.0,0.0,1.0,1.0,1.0,0.0,0.0,0.0,0.0,0.0,1.0,0.0,-1.5532091454246293,0.9498894292956674,1.2965108015786917,-1.1537984036814481,0.7343919740363871,0.2710893613745018,1.4316316397055602,-1.3400399628745336,0.8587677146583175,0.36504768072900184,-0.5514905247937085,1.4710270083059809,1,0,0.0
1.0,0.0,0.0,0.0,0.0,1.0,1.0,0.0,0.0,0.0,0.0,0.0,0.0,1.0,1.0,0.0,0.0,0.0,0.0,1.0,0.0,0.0,0.0,-1.288784361491485,-0.43877317278498473,-0.9931329981187772,-0.341335836174047,-0.6947337355941398,0.09939609402378552,-1.4127873638072872,-0.4523023259917688,1.4389181721204474,-1.226517601187694,0.8935113541377058,-1.1214610524596567,1,1,1.0
0.0,1.0,0.0,0.0,0.0,1.0,0.0,0.0,1.0,0.0,1.0,0.0,0.0,0.0,0.0,0.0,0.0,0.0,0.0,0.0,0.0,0.0,0.0,0.033339558174237414,-1.5334650607424671,0.9149035016291136,-1.1537984036814481,-1.4092965904094032,-1.1024567774312282,-1.4127873638072872,-0.4523023259917688,-0.30153320026594205,1.343930752350332,0.1154334193284827,0.9554874102401169,0,1,1.0
0.0,0.0,0.0,0.0,1.0,0.0,1.0,0.0,0.0,0.0,1.0,0.0,0.0,0.0,0.0,0.0,1.0,0.0,0.0,0.0,0.0,0.0,0.0,-0.31922682040328854,-1.4638586572299752,0.1516889017299573,0.8773580150870548,1.4489548288516505,-0.5873769753790795,1.4316316397055602,0.43543531089099613,-0.8816836577280718,0.5481481113919846,0.22658741001551455,0.09343759052342539,1,0,0.0
0.0,0.0,0.0,0.0,0.0,0.0,0.0,0.0,0.0,1.0,0.0,0.0,0.0,1.0,1.0,0.0,0.0,0.0,0.0,0.0,0.0,1.0,0.0,-1.3769259561358664,-1.0936476433847304,0.5332962016795355,-0.341335836174047,0.7343919740363871,0.15662718314069093,0.009422137949136454,1.323172947773761,-1.4618341151902017,-0.17016896274740917,1.4492813075728652,0.59313068455038,0,0,0.0
1.0,0.0,1.0,0.0,0.0,0.0,0.0,1.0,0.0,0.0,0.0,0.0,1.0,0.0,0.0,0.0,0.0,0.0,1.0,0.0,0.0,0.0,0.0,-1.465067550780248,0.07975987870138783,0.9149035016291136,2.0960518663481564,0.7343919740363871,0.09939609402378552,-0.7016826129290754,0.43543531089099613,-0.30153320026594205,-1.4729989501570937,-0.10687456204558105,0.9216815349571088,0,0,0.0
0.0,1.0,1.0,0.0,0.0,0.0,0.0,1.0,0.0,0.0,0.0,1.0,0.0,0.0,1.0,0.0,0.0,0.0,1.0,0.0,0.0,0.0,0.0,-0.14294363111452557,-0.7178918804687893,0.1516889017299573,-0.341335836174047,0.019829119221123678,1.6446355001802317,1.4316316397055602,-0.4523023259917688,-0.8816836577280718,1.343930752350332,-0.6626445154807404,0.1346385010245909,0,0,0.0
1.0,0.0,0.0,0.0,0.0,1.0,0.0,0.0,0.0,1.0,1.0,0.0,0.0,0.0,0.0,1.0,0.0,0.0,0.0,1.0,0.0,0.0,0.0,1.7080298564174856,-0.5818805059429576,-1.3747402980683554,-0.7475671199277476,0.019829119221123678,-0.5301458862621741,0.009422137949136454,0.43543531089099613,-0.8816836577280718,-1.318067816519185,1.1158193355117696,-1.3686665154666489,1,1,1.0
0.0,0.0,0.0,0.0,0.0,1.0,0.0,0.0,1.0,0.0,0.0,1.0,0.0,0.0,0.0,0.0,1.0,0.0,0.0,0.0,0.0,1.0,0.0,1.4436050724843412,-1.6882559722994073,0.1516889017299573,1.2835892988407553,0.019829119221123678,0.21385827225759635,1.4316316397055602,1.323172947773761,-0.30153320026594205,1.674919992394955,1.6715892889469288,0.2170403220269216,0,0,0.0
1.0,0.0,0.0,0.0,1.0,0.0,1.0,0.0,0.0,0.0,0.0,1.0,0.0,0.0,1.0,0.0,1.0,0.0,0.0,0.0,0.0,1.0,0.0,0.8266139099736708,0.2877209733112557,0.9149035016291136,1.2835892988407553,-1.4092965904094032,-0.7018391536128903,-1.4127873638072872,0.43543531089099613,-0.8816836577280718,0.0622277377094535,1.0046653448247376,0.9892932855231242,1,1,1.0
1.0,0.0,0.0,0.0,0.0,0.0,0.0,0.0,1.0,0.0,0.0,0.0,1.0,0.0,1.0,0.0,1.0,0.0,0.0,1.0,0.0,0.0,0.0,-1.2006427668471034,1.4135030614151427,-0.611525698169199,-0.341335836174047,1.4489548288516505,-0.5301458862621741,0.009422137949136454,0.43543531089099613,-0.8816836577280718,0.10448168324706499,0.5600493820766101,-0.5457047390459351,0,0,0.0
0.0,0.0,0.0,0.0,0.0,1.0,0.0,0.0,1.0,0.0,0.0,0.0,1.0,0.0,0.0,1.0,0.0,0.0,0.0,0.0,0.0,0.0,0.0,0.7384723153292894,-0.6444239552820624,-0.9931329981187772,0.0648954475796536,-0.6947337355941398,-0.3012215297945524,0.009422137949136454,0.43543531089099613,-0.8816836577280718,1.5129465345007775,-1.3295684596029316,-1.0506800010858597,1,0,0.0
1.0,0.0,0.0,1.0,0.0,0.0,0.0,0.0,0.0,1.0,0.0,1.0,0.0,0.0,1.0,1.0,0.0,0.0,0.0,0.0,0.0,0.0,1.0,1.6198882617731043,0.5948934709360835,0.9149035016291136,1.689820582594456,0.019829119221123678,-0.07229717332693072,-0.7016826129290754,-1.3400399628745336,0.8587677146583175,-1.4025757075944079,-0.7737985061677722,0.854069784391094,1,1,1.0
0.0,1.0,0.0,0.0,1.0,0.0,0.0,0.0,1.0,0.0,0.0,0.0,0.0,1.0,0.0,1.0,0.0,0.0,1.0,0.0,0.0,0.0,0.0,1.5317466671287228,0.23019420170278088,1.2965108015786917,-1.1537984036814481,1.4489548288516505,0.843400252543556,-1.4127873638072872,0.43543531089099613,-0.30153320026594205,-1.5997607867699275,1.3381273168858332,1.3696093824569586,0,1,1.0
0.0,1.0,1.0,0.0,0.0,0.0,0.0,0.0,0.0,1.0,0.0,0.0,1.0,0.0,0.0,1.0,0.0,0.0,0.0,0.0,0.0,0.0,1.0,-0.40736841504767,0.12537204069961624,-1.7563475980179335,-0.7475671199277476,1.4489548288516505,-0.07229717332693072,0.009422137949136454,1.323172947773761,-0.30153320026594205,0.8368834058989958,-1.5518764409769954,-1.701443100283754,1,1,1.0
0.0,0.0,0.0,0.0,0.0,0.0,1.0,0.0,0.0,0.0,0.0,1.0,0.0,0.0,1.0,0.0,1.0,0.0,0.0,0.0,1.0,0.0,0.0,0.033339558174237414,-1.2800568264281416,-0.611525698169199,-0.7475671199277476,0.7343919740363871,1.7018665892971372,1.4316316397055602,-0.4523023259917688,0.8587677146583175,-0.8532744156054599,-1.4407224502899634,-0.4971087933266118,0,0,0.0
0.0,0.0,0.0,1.0,0.0,0.0,0.0,0.0,1.0,0.0,0.0,1.0,0.0,0.0,1.0,0.0,0.0,1.0,0.0,0.0,0.0,0.0,0.0,1.0910386939068153,1.2637948365063407,0.1516889017299573,0.4711267313333542,0.019829119221123678,1.1867867872449884,1.4316316397055602,-0.4523023259917688,-0.30153320026594205,-0.21946523254128908,1.3381273168858332,-0.02488297296710072,1,0,0.0
1.0,0.0,0.0,1.0,0.0,0.0,0.0,0.0,1.0,0.0,1.0,0.0,0.0,0.0,1.0,0.0,0.0,0.0,0.0,1.0,0.0,0.0,0.0,1.1791802885511968,-1.1447055410773928,-0.611525698169199,-0.341335836174047,0.019829119221123678,0.5572448069590289,-1.4127873638072872,0.43543531089099613,-1.4618341151902017,1.2805498340439152,1.4492813075728652,-0.7083955138454088,0,0,0.0
0.0,0.0,0.0,0.0,0.0,1.0,0.0,0.0,1.0,0.0,1.0,0.0,0.0,0.0,1.0,0.0,1.0,1.0,0.0,0.0,0.0,0.0,0.0,1.7080298564174856,-0.09315048071157798,0.1516889017299573,0.0648954475796536,0.7343919740363871,-1.2741500447819445,-1.4127873638072872,-0.4523023259917688,-0.30153320026594205,-0.0856610716721862,1.6715892889469288,0.2857085061955307,0,0,0.0
0.0,0.0,0.0,0.0,1.0,0.0,0.0,0.0,1.0,0.0,0.0,0.0,0.0,1.0,1.0,0.0,0.0,0.0,0.0,0.0,0.0,0.0,0.0,-1.0243595775583405,0.8947389787174911,1.2965108015786917,-0.7475671199277476,-0.6947337355941398,-1.6175365794833771,0.7205268888273483,-1.3400399628745336,1.4389181721204474,-1.3251101407754537,-0.996106487541836,1.1720562987718837,1,1,1.0
0.0,1.0,1.0,0.0,0.0,0.0,0.0,0.0,0.0,0.0,0.0,0.0,0.0,0.0,1.0,1.0,0.0,0.0,0.0,0.0,0.0,1.0,0.0,0.2977643421073819,-1.2465903052514384,-0.611525698169199,-0.7475671199277476,0.019829119221123678,0.6717069851928397,-0.7016826129290754,-0.4523023259917688,0.8587677146583175,-1.4870835986696307,-0.7737985061677722,-0.6545174001131153,1,1,1.0
0.0,1.0,0.0,1.0,0.0,0.0,1.0,0.0,0.0,0.0,0.0,0.0,0.0,1.0,0.0,0.0,0.0,0.0,1.0,0.0,0.0,0.0,0.0,-1.5532091454246293,1.4682574584882693,0.9149035016291136,2.0960518663481564,0.019829119221123678,-0.8163013318467012,1.4316316397055602,1.323172947773761,-0.30153320026594205,-1.6490570565638076,-1.107260478228868,0.9671081798686507,0,1,1.0
1.0,0.0,0.0,0.0,1.0,0.0,0.0,0.0,0.0,0.0,0.0,0.0,0.0,1.0,1.0,1.0,0.0,0.0,0.0,0.0,0.0,0.0,0.0,1.2673218831955781,-1.4901632108570289,-0.611525698169199,0.0648954475796536,0.7343919740363871,0.5572448069590289,-0.7016826129290754,-0.4523023259917688,0.27861725719618774,0.6185713539546702,-1.3295684596029316,-0.5372532702251833,0,1,1.0
0.0,0.0,0.0,0.0,0.0,1.0,0.0,0.0,1.0,0.0,1.0,0.0,0.0,0.0,0.0,1.0,0.0,1.0,0.0,0.0,0.0,0.0,0.0,0.1214811528186189,0.9671507612240853,-0.611525698169199,0.0648954475796536,-0.6947337355941398,0.3283204504914072,0.009422137949136454,-0.4523023259917688,1.4389181721204474,1.6044967498322693,-0.5514905247937085,-0.5245760669940553,0,0,0.0
1.0,0.0,0.0,0.0,0.0,1.0,0.0,0.0,0.0,0.0,0.0,1.0,0.0,0.0,1.0,0.0,1.0,0.0,0.0,0.0,0.0,1.0,0.0,1.6198882617731043,1.3176251087343513,0.5332962016795355,-1.1537984036814481,0.7343919740363871,-0.7018391536128903,-1.4127873638072872,0.43543531089099613,0.8587677146583175,-0.6067930666360601,-0.8849524968548041,0.6639117359241768,0,0,0.0
0.0,1.0,0.0,1.0,0.0,0.0,0.0,0.0,1.0,0.0,0.0,0.0,0.0,0.0,0.0,0.0,0.0,0.0,0.0,0.0,0.0,0.0,1.0,-1.1125011722027218,-0.30312484730544864,-1.3747402980683554,-1.1537984036814481,0.019829119221123678,-1.045225688314323,-1.4127873638072872,-0.4523023259917688,-1.4618341151902017,0.7875871361051157,-1.4407224502899634,-1.2852082608617241,0,0,0.0
1.0,0.0,0.0,0.0,0.0,1.0,0.0,0.0,1.0,0.0,0.0,0.0,1.0,0.0,0.0,0.0,1.0,0.0,1.0,0.0,0.0,0.0,0.0,-0.759934793625196,-1.1508773748644179,0.5332962016795355,-0.341335836174047,-1.4092965904094032,-1.5030744012495663,0.7205268888273483,-1.3400399628745336,1.4389181721204474,1.5340735072695837,1.3381273168858332,0.5698891452933122,0,0,0.0
0.0,0.0,1.0,0.0,0.0,0.0,1.0,0.0,0.0,0.0,1.0,0.0,0.0,0.0,0.0,1.0,0.0,0.0,1.0,0.0,0.0,0.0,0.0,1.0028970992624338,1.0698936413257387,-1.7563475980179335,-1.1537984036814481,-1.4092965904094032,-1.5030744012495663,-1.4127873638072872,0.43543531089099613,0.27861725719618774,-0.4377772844856144,0.22658741001551455,-1.6306620489099573,1,1,1.0
0.0,0.0,0.0,1.0,0.0,0.0,0.0,0.0,0.0,0.0,0.0,0.0,0.0,1.0,1.0,0.0,1.0,0.0,0.0,1.0,0.0,0.0,0.0,-1.6413507400690108,1.1864323851866247,-1.3747402980683554,-0.341335836174047,1.4489548288516505,-0.7590702427297957,-1.4127873638072872,-1.3400399628745336,-0.8816836577280718,-0.881443712630534,-0.5514905247937085,-1.2461202175657466,0,1,1.0
0.0,0.0,0.0,0.0,0.0,1.0,0.0,1.0,0.0,0.0,0.0,1.0,0.0,0.0,0.0,0.0,0.0,0.0,0.0,0.0,1.0,0.0,0.0,1.6198882617731043,-0.0634794722916016,-0.9931329981187772,0.0648954475796536,0.7343919740363871,0.5000137178421235,0.009422137949136454,-0.4523023259917688,0.8587677146583175,-1.1279250615999339,-0.32918254341964476,-0.9460930744290552,0,1,1.0
1.0,0.0,0.0,0.0,1.0,0.0,0.0,0.0,1.0,0.0,0.0,0.0,1.0,0.0,0.0,0.0,0.0,1.0,0.0,0.0,0.0,0.0,0.0,-1.3769259561358664,-0.3624668641454014,-1.3747402980683554,-0.7475671199277476,0.7343919740363871,0.44278262872521806,-0.7016826129290754,0.43543531089099613,-1.4618341151902017,1.0481531335870529,-0.32918254341964476,-1.3855694531081526,0,0,0.0
0.0,1.0,0.0,0.0,0.0,1.0,0.0,1.0,0.0,0.0,0.0,0.0,1.0,0.0,0.0,0.0,1.0,0.0,0.0,0.0,0.0,0.0,1.0,-1.2006427668471034,1.08200627768851,0.9149035016291136,0.0648954475796536,-1.4092965904094032,-1.33138113389885,0.009422137949136454,-1.3400399628745336,-1.4618341151902017,1.4777349132194348,0.7823573634506739,1.0526793016787634,1,0,0.0
1.0,0.0,0.0,0.0,0.0,1.0,0.0,1.0,0.0,0.0,0.0,1.0,0.0,0.0,0.0,0.0,0.0,0.0,1.0,0.0,0.0,0.0,0.0,-1.1125011722027218,-1.3383096961292076,0.1516889017299573,-0.7475671199277476,0.7343919740363871,-0.41568370802836324,0.009422137949136454,-1.3400399628745336,-0.8816836577280718,1.1608303216873495,-0.5514905247937085,0.12196129779346297,0,1,1.0
0.0,0.0,0.0,1.0,0.0,0.0,0.0,0.0,1.0,0.0,1.0,0.0,0.0,0.0,0.0,1.0,0.0,0.0,0.0,0.0,0.0,0.0,0.0,-0.936217982913959,1.5670398035394253,0.5332962016795355,0.4711267313333542,0.7343919740363871,0.3283204504914072,-0.7016826129290754,-0.4523023259917688,1.4389181721204474,1.491819561731972,1.4492813075728652,0.7125076816435002,0,1,1.0
1.0,0.0,0.0,0.0,1.0,0.0,0.0,0.0,0.0,1.0,0.0,1.0,0.0,0.0,1.0,1.0,0.0,0.0,0.0,1.0,0.0,0.0,0.0,1.0910386939068153,0.4729089913807634,-0.22991839821962085,-0.341335836174047,-0.6947337355941398,1.3584800545957048,0.009422137949136454,-0.4523023259917688,-0.8816836577280718,-0.46594658151068885,-0.5514905247937085,-0.23088752547292762,0,0,0.0
1.0,0.0,0.0,0.0,1.0,0.0,0.0,0.0,0.0,1.0,0.0,1.0,0.0,0.0,1.0,0.0,0.0,0.0,0.0,0.0,0.0,0.0,0.0,-0.4955100096920515,0.23580495969098553,0.9149035016291136,1.689820582594456,-1.4092965904094032,-0.4729147971452687,0.7205268888273483,-0.4523023259917688,1.4389181721204474,-0.38143869043546613,-0.7737985061677722,0.8794241908533499,0,1,1.0
0.0,1.0,0.0,0.0,0.0,1.0,0.0,1.0,0.0,0.0,0.0,0.0,0.0,0.0,1.0,0.0,1.0,1.0,0.0,0.0,0.0,0.0,0.0,-0.6717931989808145,-1.4363989475465266,-0.611525698169199,0.0648954475796536,-1.4092965904094032,1.4729422328295156,-1.4127873638072872,1.323172947773761,0.8587677146583175,-0.45186193299815175,-1.6630304316640272,-0.5700027119055966,1,0,0.0
0.0,0.0,0.0,0.0,0.0,1.0,0.0,0.0,0.0,0.0,0.0,1.0,0.0,0.0,1.0,0.0,1.0,0.0,0.0,0.0,0.0,0.0,0.0,-1.288784361491485,0.1876184499099338,1.2965108015786917,1.2835892988407553,0.019829119221123678,1.7018665892971372,-0.7016826129290754,0.43543531089099613,0.27861725719618774,-0.3955233389480032,1.2269733261988014,1.4298260978048156,0,1,1.0
0.0,0.0,0.0,1.0,0.0,0.0,0.0,0.0,1.0,0.0,1.0,0.0,0.0,0.0,1.0,1.0,0.0,0.0,0.0,1.0,0.0,0.0,0.0,-0.40736841504767,-1.0204767583267909,1.2965108015786917,0.0648954475796536,0.7343919740363871,0.9006313416604614,0.009422137949136454,-1.3400399628745336,0.27861725719618774,1.7383009107013718,0.8935113541377058,1.1329682554759057,1,1,1.0
1.0,0.0,1.0,0.0,0.0,0.0,0.0,0.0,0.0,1.0,0.0,0.0,1.0,0.0,0.0,0.0,0.0,0.0,1.0,0.0,0.0,0.0,0.0,-0.23108522575890705,-1.6514560007885355,-0.22991839821962085,-0.341335836174047,0.7343919740363871,1.0723246090111775,0.7205268888273483,0.43543531089099613,1.4389181721204474,-1.5011682471821677,-0.44033653410667667,-0.31962794809082246,0,0,0.0
0.0,0.0,0.0,0.0,0.0,0.0,0.0,0.0,1.0,0.0,0.0,0.0,0.0,0.0,1.0,0.0,0.0,0.0,0.0,0.0,1.0,0.0,0.0,-1.1125011722027218,-0.49059017302899244,0.1516889017299573,0.8773580150870548,-0.6947337355941398,-0.015066084210025312,-0.7016826129290754,-1.3400399628745336,0.27861725719618774,1.7101316136762978,0.004279428641450823,0.318457947875944,1,1,1.0
0.0,1.0,0.0,0.0,0.0,0.0,0.0,0.0,0.0,0.0,0.0,0.0,0.0,1.0,1.0,0.0,0.0,1.0,0.0,0.0,0.0,0.0,0.0,1.1791802885511968,-0.6968680402423989,-0.611525698169199,-0.341335836174047,0.7343919740363871,-0.9879945991974174,0.7205268888273483,1.323172947773761,-0.30153320026594205,-0.33214242064158594,-0.21802855273261293,-0.6344451616638299,1,0,0.0
1.0,0.0,0.0,0.0,0.0,0.0,0.0,0.0,1.0,0.0,1.0,0.0,0.0,0.0,1.0,0.0,0.0,0.0,0.0,0.0,1.0,0.0,0.0,0.6503307206849078,-0.482075022670423,0.9149035016291136,-0.341335836174047,0.019829119221123678,0.3283204504914072,0.009422137949136454,-1.3400399628745336,0.27861725719618774,-1.691311002101419,-0.8849524968548041,0.881537058058538,1,1,1.0
1.0,0.0,0.0,0.0,0.0,1.0,0.0,0.0,1.0,0.0,0.0,0.0,0.0,1.0,0.0,0.0,1.0,0.0,0.0,0.0,1.0,0.0,0.0,0.5621891260405263,1.5573034882069525,0.1516889017299573,0.0648954475796536,0.7343919740363871,0.6717069851928397,-0.7016826129290754,-0.4523023259917688,1.4389181721204474,0.6889945965173558,-1.2184144689158998,0.1525978722686886,0,1,1.0
0.0,0.0,1.0,0.0,0.0,0.0,0.0,1.0,0.0,0.0,0.0,0.0,0.0,1.0,0.0,0.0,1.0,0.0,0.0,0.0,0.0,1.0,0.0,-1.3769259561358664,0.6776686534914792,-1.3747402980683554,-1.1537984036814481,0.019829119221123678,-1.5030744012495663,-1.4127873638072872,-0.4523023259917688,0.27861725719618774,-1.4237026803632133,-0.44033653410667667,-1.5429780598946563,1,0,0.0
0.0,0.0,0.0,0.0,0.0,1.0,1.0,0.0,0.0,0.0,0.0,0.0,1.0,0.0,1.0,0.0,0.0,0.0,0.0,1.0,0.0,0.0,0.0,1.5317466671287228,-0.21427684433929026,0.1516889017299573,0.0648954475796536,-1.4092965904094032,-1.216918955665039,0.7205268888273483,-1.3400399628745336,-0.30153320026594205,-0.036364801878306305,0.22658741001551455,0.21387102121913953,0,1,1.0
0.0,1.0,0.0,1.0,0.0,0.0,0.0,1.0,0.0,0.0,1.0,0.0,0.0,0.0,0.0,0.0,0.0,0.0,0.0,0.0,0.0,1.0,0.0,-0.759934793625196,-0.9016277023531146,-0.611525698169199,-0.7475671199277476,0.019829119221123678,-0.8163013318467012,0.7205268888273483,-1.3400399628745336,-0.30153320026594205,1.0763224306121268,1.560435298259897,-0.7115648146531905,0,0,0.0
1.0,0.0,0.0,0.0,1.0,0.0,0.0,0.0,0.0,1.0,0.0,0.0,0.0,0.0,0.0,0.0,0.0,0.0,0.0,0.0,0.0,0.0,1.0,-1.2006427668471034,0.678559773877841,-1.7563475980179335,-0.7475671199277476,-0.6947337355941398,-0.9879945991974174,-0.7016826129290754,-0.4523023259917688,1.4389181721204474,1.104491727637201,-0.5514905247937085,-1.6169284120762353,1,0,0.0
0.0,0.0,0.0,0.0,1.0,0.0,0.0,0.0,1.0,0.0,1.0,0.0,0.0,0.0,0.0,1.0,0.0,0.0,0.0,0.0,0.0,1.0,0.0,0.7384723153292894,-0.523033555984317,-1.3747402980683554,-0.7475671199277476,-0.6947337355941398,-0.015066084210025312,0.009422137949136454,1.323172947773761,1.4389181721204474,-1.0856711160623225,-1.4407224502899634,-1.2556281199890926,0,0,0.0
1.0,0.0,0.0,0.0,0.0,0.0,0.0,1.0,0.0,0.0,0.0,0.0,1.0,0.0,1.0,0.0,0.0,0.0,0.0,0.0,0.0,1.0,0.0,-1.465067550780248,-1.4059358321164508,-1.3747402980683554,-0.341335836174047,-0.6947337355941398,-1.6175365794833771,1.4316316397055602,-1.3400399628745336,0.8587677146583175,-1.6208877595387332,0.33774140070254643,-1.3908516211211226,1,1,1.0
0.0,1.0,1.0,0.0,0.0,0.0,0.0,1.0,0.0,0.0,0.0,0.0,1.0,0.0,1.0,0.0,0.0,0.0,0.0,0.0,0.0,1.0,0.0,0.9147555046180523,0.2096984328164568,0.9149035016291136,0.0648954475796536,-0.6947337355941398,0.15662718314069093,0.009422137949136454,0.43543531089099613,-0.8816836577280718,-0.5574967968421802,-0.21802855273261293,1.0547921688839508,0,0,0.0
0.0,1.0,0.0,1.0,0.0,0.0,0.0,0.0,1.0,0.0,0.0,0.0,0.0,0.0,0.0,1.0,0.0,0.0,1.0,0.0,0.0,0.0,0.0,0.5621891260405263,-0.4835932277731137,-0.9931329981187772,0.0648954475796536,0.7343919740363871,0.44278262872521806,0.009422137949136454,1.323172947773761,0.27861725719618774,0.11856633175960207,-1.3295684596029316,-0.887989226286386,0,1,1.0
0.0,1.0,1.0,0.0,0.0,0.0,0.0,1.0,0.0,0.0,0.0,0.0,1.0,0.0,1.0,0.0,1.0,0.0,0.0,0.0,0.0,0.0,0.0,0.2096227474630004,1.3767690988217791,1.2965108015786917,1.2835892988407553,1.4489548288516505,0.9006313416604614,-0.7016826129290754,0.43543531089099613,0.27861725719618774,-1.4518719773882878,-0.10687456204558105,1.1974107052341387,0,0,0.0
0.0,0.0,0.0,0.0,0.0,1.0,0.0,0.0,0.0,1.0,0.0,0.0,0.0,0.0,0.0,0.0,0.0,0.0,0.0,0.0,0.0,0.0,1.0,0.2977643421073819,-0.01915448418478483,-0.9931329981187772,-1.1537984036814481,-1.4092965904094032,0.21385827225759635,-1.4127873638072872,1.323172947773761,0.8587677146583175,-0.15608431423487185,-0.996106487541836,-1.1943549710386414,0,1,1.0
0.0,1.0,0.0,1.0,0.0,0.0,0.0,0.0,1.0,0.0,0.0,0.0,0.0,1.0,0.0,1.0,0.0,0.0,0.0,0.0,0.0,1.0,0.0,-0.583651604336433,0.08170714176788238,1.2965108015786917,0.4711267313333542,1.4489548288516505,0.7289380743097451,-1.4127873638072872,-0.4523023259917688,0.27861725719618774,-0.8110204700678484,-0.996106487541836,1.4889863795500788,0,0,0.0
0.0,0.0,0.0,0.0,1.0,0.0,0.0,0.0,0.0,0.0,0.0,0.0,0.0,0.0,0.0,1.0,0.0,1.0,0.0,0.0,0.0,0.0,0.0,1.4436050724843412,1.5639373844165356,-1.3747402980683554,-0.7475671199277476,0.7343919740363871,-1.5603054903664717,1.4316316397055602,-0.4523023259917688,0.8587677146583175,-0.31101544787278046,1.1158193355117696,-1.3274656049654836,0,0,0.0
0.0,0.0,0.0,1.0,0.0,0.0,0.0,1.0,0.0,0.0,1.0,0.0,0.0,0.0,1.0,1.0,0.0,0.0,0.0,0.0,0.0,0.0,0.0,-0.759934793625196,0.054247432084433715,1.2965108015786917,0.8773580150870548,0.7343919740363871,0.15662718314069093,0.7205268888273483,-0.4523023259917688,-1.4618341151902017,0.21011654709109345,-1.3295684596029316,1.342142108789515,1,1,1.0
0.0,1.0,0.0,0.0,0.0,0.0,0.0,0.0,1.0,0.0,0.0,0.0,1.0,0.0,0.0,0.0,1.0,0.0,1.0,0.0,0.0,0.0,0.0,0.47404753139614486,-0.21840240168355837,0.9149035016291136,1.689820582594456,0.019829119221123678,-1.216918955665039,1.4316316397055602,-1.3400399628745336,-1.4618341151902017,0.6749099480048185,-0.44033653410667667,0.7410313889135377,0,0,0.0
0.0,0.0,0.0,0.0,0.0,1.0,0.0,0.0,0.0,0.0,0.0,0.0,1.0,0.0,0.0,0.0,1.0,0.0,0.0,1.0,0.0,0.0,0.0,-0.759934793625196,1.4229093321600739,-0.611525698169199,-0.341335836174047,0.7343919740363871,1.6446355001802317,-1.4127873638072872,-0.4523023259917688,0.8587677146583175,1.5129465345007775,1.0046653448247376,-0.4633029180436044,0,0,0.0
0.0,0.0,0.0,0.0,1.0,0.0,0.0,0.0,0.0,0.0,0.0,0.0,1.0,0.0,0.0,1.0,0.0,0.0,0.0,0.0,0.0,0.0,1.0,0.9147555046180523,-0.14275618221905798,-0.611525698169199,-0.341335836174047,-1.4092965904094032,0.6717069851928397,0.009422137949136454,0.43543531089099613,1.4389181721204474,-1.3603217620567964,0.6712033727636421,-0.5847927823419126,0,0,0.0
0.0,0.0,0.0,1.0,0.0,0.0,0.0,0.0,0.0,0.0,0.0,0.0,1.0,0.0,0.0,1.0,0.0,0.0,1.0,0.0,0.0,0.0,0.0,0.6503307206849078,0.7188912224754064,0.5332962016795355,1.689820582594456,-1.4092965904094032,1.129555698128083,1.4316316397055602,-1.3400399628745336,0.8587677146583175,0.6608252994922817,-0.32918254341964476,0.5550990748569966,0,0,0.0
0.0,1.0,1.0,0.0,0.0,0.0,0.0,0.0,0.0,0.0,0.0,0.0,1.0,0.0,0.0,0.0,0.0,0.0,0.0,1.0,0.0,0.0,0.0,-0.8480763882695774,-0.5140233387444354,1.67811810152827,1.2835892988407553,0.7343919740363871,1.7018665892971372,1.4316316397055602,-0.4523023259917688,0.27861725719618774,1.3650577251191383,-0.5514905247937085,1.6823137288247778,0,0,0.0
0.0,0.0,0.0,1.0,0.0,0.0,1.0,0.0,0.0,0.0,0.0,0.0,0.0,0.0,0.0,1.0,0.0,0.0,0.0,0.0,1.0,0.0,0.0,0.6503307206849078,-0.4829001341392766,-0.9931329981187772,-0.7475671199277476,0.019829119221123678,0.9006313416604614,-1.4127873638072872,0.43543531089099613,-1.4618341151902017,-1.3673640863130652,-1.5518764409769954,-0.8647476870293184,0,0,0.0
1.0,0.0,0.0,1.0,0.0,0.0,0.0,1.0,0.0,0.0,0.0,0.0,0.0,0.0,0.0,1.0,0.0,0.0,1.0,0.0,0.0,0.0,0.0,-1.0243595775583405,1.4182226990169853,1.2965108015786917,0.0648954475796536,0.7343919740363871,0.6717069851928397,-0.7016826129290754,-1.3400399628745336,-0.30153320026594205,-0.9377823066806826,-1.4407224502899634,1.1287425210655297,0,0,0.0
1.0,0.0,0.0,0.0,1.0,0.0,0.0,0.0,0.0,0.0,0.0,1.0,0.0,0.0,0.0,1.0,0.0,0.0,0.0,0.0,1.0,0.0,0.0,-0.759934793625196,1.054018496664995,-0.9931329981187772,-1.1537984036814481,1.4489548288516505,0.042165004906880105,-1.4127873638072872,-1.3400399628745336,0.27861725719618774,-1.4941259229258992,0.4488953913895783,-1.1816777678075137,1,1,1.0
0.0,0.0,0.0,0.0,1.0,0.0,0.0,0.0,0.0,1.0,0.0,0.0,0.0,0.0,1.0,0.0,0.0,0.0,0.0,0.0,0.0,0.0,1.0,-0.40736841504767,-1.3241837877824334,-1.3747402980683554,-0.7475671199277476,1.4489548288516505,-1.5603054903664717,-1.4127873638072872,1.323172947773761,0.27861725719618774,-0.70538560622382,-1.3295684596029316,-1.2376687487449949,0,1,1.0
0.0,0.0,1.0,0.0,0.0,0.0,0.0,0.0,1.0,0.0,0.0,0.0,0.0,1.0,0.0,1.0,0.0,0.0,0.0,1.0,0.0,0.0,0.0,-0.759934793625196,-1.251045907183248,-1.3747402980683554,-1.1537984036814481,-1.4092965904094032,1.3584800545957048,0.009422137949136454,-1.3400399628745336,1.4389181721204474,0.5692750841607901,0.004279428641450823,-1.426770363609318,0,0,0.0
0.0,0.0,0.0,0.0,0.0,1.0,1.0,0.0,0.0,0.0,1.0,0.0,0.0,0.0,1.0,0.0,1.0,0.0,0.0,0.0,1.0,0.0,0.0,-1.5532091454246293,-0.9912678123293726,0.1516889017299573,-1.1537984036814481,1.4489548288516505,-1.5603054903664717,-1.4127873638072872,-1.3400399628745336,1.4389181721204474,-0.6983432819675514,-0.6626445154807404,0.2233789236424854,1,0,0.0
1.0,0.0,1.0,0.0,0.0,0.0,0.0,0.0,0.0,1.0,0.0,1.0,0.0,0.0,1.0,0.0,0.0,1.0,0.0,0.0,0.0,0.0,0.0,0.6503307206849078,0.8150332108262308,-0.9931329981187772,0.0648954475796536,1.4489548288516505,-1.1024567774312282,0.7205268888273483,-0.4523023259917688,0.27861725719618774,-0.9659516037057568,-0.996106487541836,-1.0422285322651077,0,1,1.0
0.0,1.0,1.0,0.0,0.0,0.0,0.0,0.0,0.0,0.0,1.0,0.0,0.0,0.0,0.0,1.0,0.0,1.0,0.0,0.0,0.0,0.0,0.0,0.47404753139614486,-0.2642455948930658,0.1516889017299573,0.0648954475796536,-0.6947337355941398,-0.3012215297945524,0.009422137949136454,-1.3400399628745336,-1.4618341151902017,0.4918095173418358,1.2269733261988014,0.25084619730992896,0,0,0.0
0.0,1.0,0.0,0.0,0.0,0.0,0.0,1.0,0.0,0.0,0.0,1.0,0.0,0.0,1.0,1.0,0.0,0.0,0.0,0.0,0.0,0.0,1.0,-1.0243595775583405,1.0269878449453502,-0.9931329981187772,0.0648954475796536,0.019829119221123678,-0.015066084210025312,-1.4127873638072872,0.43543531089099613,1.4389181721204474,0.4847671930855676,0.33774140070254643,-1.0158176922002582,0,1,1.0
1.0,0.0,0.0,0.0,0.0,0.0,0.0,0.0,0.0,0.0,0.0,0.0,1.0,0.0,0.0,0.0,0.0,0.0,0.0,0.0,0.0,1.0,0.0,0.9147555046180523,0.9055644411888506,-0.22991839821962085,-1.1537984036814481,0.019829119221123678,1.1867867872449884,0.7205268888273483,-0.4523023259917688,-0.8816836577280718,1.3721000493754063,1.0046653448247376,-0.38407039784905544,0,0,0.0
0.0,0.0,0.0,0.0,0.0,0.0,0.0,0.0,0.0,1.0,0.0,0.0,1.0,0.0,0.0,0.0,0.0,0.0,1.0,0.0,0.0,0.0,0.0,1.1791802885511968,-0.8226150280956914,1.67811810152827,-1.1537984036814481,0.7343919740363871,0.6717069851928397,-0.7016826129290754,1.323172947773761,0.27861725719618774,0.40025930201034465,-1.6630304316640272,1.5132843524097404,0,0,0.0
0.0,0.0,1.0,0.0,0.0,0.0,0.0,1.0,0.0,0.0,0.0,0.0,1.0,0.0,0.0,1.0,0.0,0.0,0.0,0.0,0.0,0.0,1.0,-1.3769259561358664,-0.8975351494676006,1.67811810152827,0.4711267313333542,0.7343919740363871,-0.7018391536128903,1.4316316397055602,-0.4523023259917688,0.27861725719618774,-0.029322477622037886,-0.996106487541836,1.6368870839132366,0,0,0.0
0.0,1.0,0.0,0.0,1.0,0.0,1.0,0.0,0.0,0.0,0.0,0.0,0.0,1.0,1.0,1.0,0.0,0.0,1.0,0.0,0.0,0.0,0.0,-1.0243595775583405,0.5842990396760029,0.1516889017299573,0.4711267313333542,1.4489548288516505,-0.5873769753790795,1.4316316397055602,-0.4523023259917688,-0.30153320026594205,1.3087191310689894,0.004279428641450823,0.24767689650214725,0,0,0.0
0.0,0.0,0.0,0.0,1.0,0.0,0.0,0.0,0.0,0.0,0.0,0.0,0.0,0.0,0.0,1.0,0.0,1.0,0.0,0.0,0.0,0.0,0.0,1.7080298564174856,-0.12691404201706835,-1.3747402980683554,-0.7475671199277476,0.7343919740363871,-0.18675935156074158,0.009422137949136454,-0.4523023259917688,-0.8816836577280718,0.4284285990354188,0.33774140070254643,-1.2619667216046566,1,1,1.0
1.0,0.0,1.0,0.0,0.0,0.0,0.0,1.0,0.0,0.0,0.0,0.0,0.0,0.0,1.0,1.0,0.0,0.0,1.0,0.0,0.0,0.0,0.0,-0.23108522575890705,0.6731800471009155,-0.22991839821962085,0.8773580150870548,0.019829119221123678,1.3012489654787993,-1.4127873638072872,-1.3400399628745336,0.8587677146583175,-1.627930083795002,-0.10687456204558105,-0.06397101626307819,1,1,1.0
0.0,0.0,0.0,0.0,0.0,1.0,0.0,1.0,0.0,0.0,0.0,0.0,0.0,0.0,1.0,1.0,0.0,0.0,0.0,0.0,0.0,1.0,0.0,0.7384723153292894,-1.3343821655374644,-0.611525698169199,-0.7475671199277476,-0.6947337355941398,0.7289380743097451,0.7205268888273483,0.43543531089099613,0.27861725719618774,0.33687838370392764,1.0046653448247376,-0.4802058556851081,0,0,0.0
0.0,1.0,0.0,0.0,1.0,0.0,1.0,0.0,0.0,0.0,0.0,0.0,0.0,0.0,0.0,1.0,0.0,0.0,0.0,0.0,0.0,0.0,1.0,0.47404753139614486,1.5293157071834376,1.2965108015786917,0.8773580150870548,-1.4092965904094032,1.530173321946421,1.4316316397055602,-0.4523023259917688,0.8587677146583175,-1.3251101407754537,-1.4407224502899634,1.213257209273049,0,0,0.0
0.0,1.0,0.0,1.0,0.0,0.0,0.0,1.0,0.0,0.0,0.0,1.0,0.0,0.0,0.0,1.0,0.0,0.0,0.0,0.0,0.0,0.0,0.0,1.4436050724843412,-1.2764593404239397,1.2965108015786917,-0.7475671199277476,-1.4092965904094032,-1.1596878665481336,0.009422137949136454,0.43543531089099613,0.8587677146583175,0.7453331905675042,-1.4407224502899634,1.1868463692081992,0,0,0.0
0.0,0.0,0.0,0.0,0.0,0.0,0.0,0.0,0.0,0.0,0.0,0.0,0.0,1.0,0.0,1.0,0.0,1.0,0.0,0.0,0.0,0.0,0.0,-0.40736841504767,-1.5131673186086678,0.5332962016795355,1.689820582594456,0.7343919740363871,0.843400252543556,-0.7016826129290754,-1.3400399628745336,-0.30153320026594205,-0.9096130096556083,0.004279428641450823,0.513898164355831,0,0,0.0
1.0,0.0,0.0,1.0,0.0,0.0,0.0,0.0,0.0,0.0,0.0,0.0,1.0,0.0,1.0,0.0,1.0,0.0,1.0,0.0,0.0,0.0,0.0,0.8266139099736708,0.03236547593043556,-1.3747402980683554,-0.341335836174047,1.4489548288516505,0.21385827225759635,0.7205268888273483,-1.3400399628745336,-0.30153320026594205,1.0199838365619782,-1.3295684596029316,-1.5376958918816863,0,0,0.0
0.0,1.0,0.0,0.0,0.0,0.0,0.0,1.0,0.0,0.0,1.0,0.0,0.0,0.0,1.0,0.0,0.0,0.0,0.0,0.0,0.0,0.0,1.0,-0.8480763882695774,0.3260061454660639,1.2965108015786917,2.5022831501018574,1.4489548288516505,-0.8735324209636066,-0.7016826129290754,1.323172947773761,1.4389181721204474,1.0481531335870529,1.1158193355117696,1.4277132305996276,0,0,0.0
0.0,1.0,0.0,0.0,0.0,1.0,0.0,0.0,1.0,0.0,0.0,0.0,0.0,0.0,1.0,0.0,1.0,1.0,0.0,0.0,0.0,0.0,0.0,-0.8480763882695774,-0.6297039666777138,1.67811810152827,-1.1537984036814481,0.019829119221123678,-0.7018391536128903,-0.7016826129290754,-1.3400399628745336,0.8587677146583175,-0.65608933642994,1.3381273168858332,1.5565981301160936,1,1,1.0
1.0,0.0,0.0,0.0,1.0,0.0,0.0,1.0,0.0,0.0,0.0,0.0,0.0,0.0,0.0,0.0,1.0,0.0,1.0,0.0,0.0,0.0,0.0,-1.3769259561358664,0.9175780641753594,0.9149035016291136,-0.7475671199277476,0.7343919740363871,-1.7319987577171878,1.4316316397055602,1.323172947773761,-1.4618341151902017,0.21011654709109345,0.5600493820766101,0.7463135569265078,0,1,1.0
0.0,1.0,0.0,0.0,1.0,0.0,0.0,0.0,0.0,0.0,0.0,0.0,0.0,0.0,1.0,0.0,1.0,0.0,0.0,0.0,1.0,0.0,0.0,-1.3769259561358664,1.092930753536132,-0.22991839821962085,-1.1537984036814481,1.4489548288516505,0.3283204504914072,-0.7016826129290754,-0.4523023259917688,0.27861725719618774,-0.8744013883742655,-1.2184144689158998,-0.19602521658732625,0,1,1.0
0.0,1.0,1.0,0.0,0.0,0.0,1.0,0.0,0.0,0.0,0.0,0.0,1.0,0.0,1.0,0.0,1.0,0.0,1.0,0.0,0.0,0.0,0.0,0.47404753139614486,0.1658685115909522,0.9149035016291136,2.0960518663481564,-0.6947337355941398,0.042165004906880105,-1.4127873638072872,-1.3400399628745336,-1.4618341151902017,-0.7405972275051628,-1.2184144689158998,0.7769501314017332,1,1,1.0
0.0,0.0,0.0,0.0,0.0,0.0,0.0,0.0,1.0,0.0,0.0,1.0,0.0,0.0,1.0,0.0,1.0,0.0,0.0,0.0,0.0,0.0,0.0,-1.465067550780248,-1.4116456034809177,0.1516889017299573,-0.7475671199277476,1.4489548288516505,0.5000137178421235,1.4316316397055602,1.323172947773761,-1.4618341151902017,0.5199788143669104,0.5600493820766101,0.2814827717851546,0,0,0.0
0.0,1.0,0.0,1.0,0.0,0.0,0.0,0.0,1.0,0.0,0.0,0.0,0.0,1.0,1.0,0.0,0.0,0.0,0.0,0.0,0.0,1.0,0.0,-0.4955100096920515,-1.041401585176919,1.2965108015786917,-0.341335836174047,-0.6947337355941398,0.3855515396083126,-1.4127873638072872,0.43543531089099613,1.4389181721204474,1.188999618712424,1.1158193355117696,1.3115055343142892,1,0,0.0
1.0,0.0,0.0,1.0,0.0,0.0,0.0,0.0,0.0,0.0,0.0,0.0,1.0,0.0,0.0,0.0,1.0,0.0,0.0,0.0,0.0,1.0,0.0,1.5317466671287228,1.4316555137299223,0.5332962016795355,1.689820582594456,-1.4092965904094032,-0.12952826244383614,1.4316316397055602,1.323172947773761,-1.4618341151902017,-0.5645391210984486,-0.5514905247937085,0.7051126464253423,0,0,0.0
0.0,1.0,0.0,0.0,0.0,1.0,0.0,1.0,0.0,0.0,0.0,0.0,1.0,0.0,0.0,0.0,0.0,0.0,0.0,0.0,1.0,0.0,0.0,-1.288784361491485,-1.6878929232531117,1.2965108015786917,1.2835892988407553,-1.4092965904094032,-1.045225688314323,-0.7016826129290754,0.43543531089099613,1.4389181721204474,-1.1701790071375453,-1.5518764409769954,1.1868463692081992,1,1,1.0
1.0,0.0,0.0,0.0,0.0,1.0,0.0,0.0,0.0,0.0,1.0,0.0,0.0,0.0,1.0,1.0,0.0,0.0,0.0,0.0,0.0,0.0,1.0,-1.3769259561358664,-0.48032578635645334,-0.611525698169199,-0.7475671199277476,-1.4092965904094032,-1.5030744012495663,-0.7016826129290754,0.43543531089099613,0.8587677146583175,1.1749149701998867,1.4492813075728652,-0.4844315900954842,1,1,1.0
0.0,1.0,0.0,0.0,0.0,0.0,0.0,0.0,1.0,0.0,0.0,0.0,1.0,0.0,0.0,0.0,0.0,0.0,0.0,0.0,0.0,1.0,0.0,-1.5532091454246293,-1.5105929708258445,-0.22991839821962085,-0.7475671199277476,-0.6947337355941398,-0.8735324209636066,0.7205268888273483,-0.4523023259917688,-0.30153320026594205,1.2382958885063038,-0.7737985061677722,-0.0512938130319506,0,0,0.0
0.0,0.0,0.0,0.0,0.0,1.0,1.0,0.0,0.0,0.0,0.0,0.0,0.0,1.0,1.0,0.0,1.0,1.0,0.0,0.0,0.0,0.0,0.0,1.3554634778399597,-0.6066998589260747,1.2965108015786917,2.0960518663481564,1.4489548288516505,0.09939609402378552,-0.7016826129290754,0.43543531089099613,-0.30153320026594205,-0.11383036869726061,0.6712033727636421,1.4234874961892514,0,1,1.0
1.0,0.0,1.0,0.0,0.0,0.0,0.0,0.0,1.0,0.0,0.0,1.0,0.0,0.0,1.0,0.0,0.0,1.0,0.0,0.0,0.0,0.0,0.0,0.7384723153292894,-0.6050496359883674,0.9149035016291136,-0.341335836174047,1.4489548288516505,-0.5301458862621741,1.4316316397055602,1.323172947773761,1.4389181721204474,-0.48707355427949456,1.1158193355117696,0.7579343265550414,0,0,0.0
0.0,1.0,0.0,0.0,1.0,0.0,0.0,0.0,1.0,0.0,0.0,0.0,1.0,0.0,0.0,0.0,0.0,0.0,1.0,0.0,0.0,0.0,0.0,0.9147555046180523,-0.6444569597408165,-1.7563475980179335,-0.7475671199277476,-0.6947337355941398,-0.015066084210025312,-1.4127873638072872,-1.3400399628745336,-1.4618341151902017,0.5270211386231786,0.22658741001551455,-1.6644679241929645,1,1,1.0
1.0,0.0,0.0,0.0,0.0,0.0,0.0,0.0,1.0,0.0,0.0,1.0,0.0,0.0,0.0,0.0,1.0,0.0,0.0,0.0,1.0,0.0,0.0,-0.583651604336433,-1.4220420079884735,1.2965108015786917,1.689820582594456,0.7343919740363871,-1.5030744012495663,0.009422137949136454,0.43543531089099613,-0.8816836577280718,0.8509680544115327,-1.5518764409769954,1.2375551821327102,0,0,0.0
0.0,1.0,0.0,1.0,0.0,0.0,0.0,0.0,0.0,1.0,0.0,1.0,0.0,0.0,0.0,0.0,0.0,0.0,1.0,0.0,0.0,0.0,0.0,-1.288784361491485,0.964807444652541,0.1516889017299573,0.8773580150870548,-0.6947337355941398,1.129555698128083,-1.4127873638072872,0.43543531089099613,-0.30153320026594205,-0.036364801878306305,-1.6630304316640272,0.25507193172030507,1,0,0.0
1.0,0.0,0.0,1.0,0.0,0.0,0.0,1.0,0.0,0.0,0.0,0.0,0.0,0.0,1.0,0.0,1.0,0.0,0.0,0.0,1.0,0.0,0.0,1.5317466671287228,1.277986753770623,0.1516889017299573,-1.1537984036814481,-1.4092965904094032,-0.015066084210025312,0.7205268888273483,-1.3400399628745336,1.4389181721204474,1.1960419429686922,1.0046653448247376,0.17795227873094413,0,0,0.0
1.0,0.0,1.0,0.0,0.0,0.0,1.0,0.0,0.0,0.0,0.0,0.0,0.0,0.0,1.0,1.0,0.0,0.0,0.0,0.0,0.0,1.0,0.0,1.4436050724843412,1.6176356388095297,-0.611525698169199,0.4711267313333542,1.4489548288516505,-0.3584526189114578,-0.7016826129290754,-0.4523023259917688,-0.8816836577280718,0.11856633175960207,-0.7737985061677722,-0.7738943972062357,0,1,1.0
0.0,1.0,0.0,1.0,0.0,0.0,0.0,0.0,0.0,0.0,0.0,0.0,0.0,0.0,0.0,0.0,1.0,0.0,0.0,1.0,0.0,0.0,0.0,-0.936217982913959,1.2345198815914142,-0.611525698169199,-0.341335836174047,-0.6947337355941398,-1.1024567774312282,0.7205268888273483,-0.4523023259917688,0.27861725719618774,1.3368884280940636,1.0046653448247376,-0.5192938989810856,0,0,0.0
1.0,0.0,0.0,1.0,0.0,0.0,0.0,0.0,1.0,0.0,0.0,0.0,0.0,1.0,1.0,0.0,1.0,1.0,0.0,0.0,0.0,0.0,0.0,-1.1125011722027218,-0.8765443136999644,-1.3747402980683554,-0.341335836174047,0.7343919740363871,1.4729422328295156,0.7205268888273483,0.43543531089099613,1.4389181721204474,-0.4236926359730773,-0.5514905247937085,-1.573614634369882,1,0,0.0
1.0,0.0,0.0,0.0,0.0,0.0,0.0,0.0,0.0,1.0,1.0,0.0,0.0,0.0,0.0,1.0,0.0,0.0,1.0,0.0,0.0,0.0,0.0,0.47404753139614486,0.5876654944689257,0.1516889017299573,0.8773580150870548,1.4489548288516505,-0.18675935156074158,0.009422137949136454,0.43543531089099613,0.27861725719618774,0.329836059447659,-0.21802855273261293,-0.005867168120408993,0,0,0.0
0.0,0.0,0.0,0.0,1.0,0.0,0.0,0.0,0.0,0.0,0.0,0.0,0.0,0.0,0.0,0.0,0.0,0.0,0.0,0.0,0.0,1.0,0.0,0.7384723153292894,-1.6734699747775503,0.5332962016795355,1.2835892988407553,-0.6947337355941398,0.21385827225759635,-0.7016826129290754,-0.4523023259917688,1.4389181721204474,1.576327452807195,-0.10687456204558105,0.5772841805114703,1,1,1.0
0.0,1.0,0.0,0.0,0.0,0.0,0.0,0.0,0.0,0.0,0.0,0.0,0.0,1.0,0.0,1.0,0.0,1.0,0.0,0.0,0.0,0.0,0.0,-1.3769259561358664,-0.15714612623586519,-0.611525698169199,-0.341335836174047,-1.4092965904094032,-1.4458433121326608,-1.4127873638072872,1.323172947773761,0.27861725719618774,-0.8180627943241171,1.2269733261988014,-0.5266889341992435,1,1,1.0
0.0,1.0,0.0,0.0,1.0,0.0,0.0,0.0,1.0,0.0,0.0,0.0,0.0,0.0,1.0,0.0,0.0,0.0,0.0,0.0,0.0,1.0,0.0,0.3859059367517634,-0.663203492313171,-0.22991839821962085,0.0648954475796536,0.7343919740363871,-1.1596878665481336,0.009422137949136454,1.323172947773761,1.4389181721204474,-1.3321524650317222,-0.996106487541836,-0.09460759073830383,0,0,0.0
0.0,0.0,0.0,0.0,0.0,1.0,0.0,0.0,1.0,0.0,0.0,0.0,0.0,0.0,0.0,1.0,0.0,0.0,0.0,0.0,0.0,0.0,0.0,-0.31922682040328854,-0.8654548155585717,-0.22991839821962085,-0.7475671199277476,0.019829119221123678,0.7861691634266506,0.009422137949136454,0.43543531089099613,-0.30153320026594205,0.5622327599045215,1.6715892889469288,-0.20130738460029637,0,0,0.0
0.0,0.0,0.0,0.0,1.0,0.0,0.0,0.0,0.0,1.0,0.0,1.0,0.0,0.0,0.0,0.0,1.0,0.0,0.0,0.0,0.0,0.0,1.0,0.8266139099736708,1.025832688888955,1.2965108015786917,2.5022831501018574,0.7343919740363871,1.7018665892971372,-1.4127873638072872,-0.4523023259917688,0.27861725719618774,-0.8955283611430712,0.1154334193284827,1.2280472797093644,0,1,1.0
0.0,0.0,0.0,0.0,1.0,0.0,0.0,1.0,0.0,0.0,0.0,1.0,0.0,0.0,1.0,0.0,1.0,0.0,0.0,0.0,0.0,0.0,0.0,1.4436050724843412,0.1791363040101185,0.1516889017299573,0.8773580150870548,1.4489548288516505,-1.5603054903664717,0.7205268888273483,-1.3400399628745336,1.4389181721204474,-0.4800312300232259,0.7823573634506739,0.2793699045799666,0,1,1.0
0.0,1.0,0.0,1.0,0.0,0.0,0.0,0.0,0.0,0.0,0.0,1.0,0.0,0.0,0.0,0.0,1.0,1.0,0.0,0.0,0.0,0.0,0.0,0.7384723153292894,-1.384383920549994,-0.22991839821962085,-0.7475671199277476,-0.6947337355941398,-0.12952826244383614,0.009422137949136454,1.323172947773761,-1.4618341151902017,0.04814308919691642,-1.6630304316640272,-0.050237379429356584,0,1,1.0
1.0,0.0,0.0,0.0,1.0,0.0,0.0,0.0,1.0,0.0,0.0,0.0,0.0,1.0,0.0,1.0,0.0,0.0,0.0,0.0,1.0,0.0,0.0,0.47404753139614486,-0.6670320095286517,0.1516889017299573,-1.1537984036814481,-1.4092965904094032,0.3283204504914072,0.009422137949136454,-0.4523023259917688,-1.4618341151902017,1.4988618859882408,0.33774140070254643,-0.014318636941161176,0,0,0.0
0.0,1.0,0.0,1.0,0.0,0.0,0.0,0.0,0.0,1.0,0.0,1.0,0.0,0.0,0.0,1.0,0.0,0.0,1.0,0.0,0.0,0.0,0.0,0.2096227474630004,0.9096899985331187,1.67811810152827,2.908514433855558,1.4489548288516505,0.9578624307773668,0.009422137949136454,1.323172947773761,-0.30153320026594205,-0.5363698240733745,-0.44033653410667667,1.6030812086302293,0,1,1.0
0.0,1.0,0.0,0.0,1.0,0.0,0.0,0.0,0.0,1.0,1.0,0.0,0.0,0.0,0.0,1.0,0.0,1.0,0.0,0.0,0.0,0.0,0.0,-0.6717931989808145,0.06173944422162464,-0.9931329981187772,-0.7475671199277476,1.4489548288516505,1.2440178763618939,1.4316316397055602,1.323172947773761,0.8587677146583175,-0.6913009577112829,0.8935113541377058,-0.9534881096472131,0,0,0.0
1.0,0.0,1.0,0.0,0.0,0.0,0.0,1.0,0.0,0.0,0.0,0.0,0.0,1.0,1.0,1.0,0.0,0.0,0.0,0.0,1.0,0.0,0.0,-1.2006427668471034,-0.1849358805068553,1.2965108015786917,-0.341335836174047,0.019829119221123678,0.15662718314069093,0.7205268888273483,0.43543531089099613,0.8587677146583175,-1.0152478734996369,0.6712033727636421,1.1889592364133874,1,0,0.0
1.0,0.0,0.0,0.0,1.0,0.0,0.0,0.0,0.0,1.0,0.0,0.0,1.0,0.0,1.0,0.0,1.0,1.0,0.0,0.0,0.0,0.0,0.0,1.6198882617731043,-1.6062068878366027,-0.611525698169199,-1.1537984036814481,-1.4092965904094032,-1.6747676686002824,0.009422137949136454,-1.3400399628745336,1.4389181721204474,0.04814308919691642,-0.6626445154807404,-0.5921878175600704,1,1,1.0
0.0,1.0,0.0,0.0,0.0,0.0,0.0,0.0,0.0,1.0,0.0,0.0,1.0,0.0,0.0,1.0,0.0,0.0,0.0,0.0,0.0,0.0,0.0,0.8266139099736708,-1.4471253966416238,-0.611525698169199,0.4711267313333542,-1.4092965904094032,-1.4458433121326608,0.7205268888273483,0.43543531089099613,0.8587677146583175,-1.5222952199509736,1.4492813075728652,-0.6904361426013111,0,0,0.0
0.0,0.0,1.0,0.0,0.0,0.0,0.0,0.0,1.0,0.0,0.0,0.0,0.0,1.0,1.0,0.0,0.0,0.0,0.0,0.0,1.0,0.0,0.0,0.6503307206849078,-0.9782310511214852,-0.9931329981187772,-0.7475671199277476,0.7343919740363871,1.530173321946421,0.009422137949136454,0.43543531089099613,-0.30153320026594205,1.5904121013197319,-1.5518764409769954,-1.1436461581141304,0,1,1.0
0.0,0.0,1.0,0.0,0.0,0.0,0.0,1.0,0.0,0.0,0.0,0.0,0.0,1.0,1.0,1.0,0.0,0.0,0.0,0.0,1.0,0.0,0.0,0.9147555046180523,-0.8562465715661652,-1.7563475980179335,-1.1537984036814481,0.019829119221123678,0.5000137178421235,0.7205268888273483,0.43543531089099613,0.8587677146583175,-1.3391947892879907,1.3381273168858332,-1.7098945691045058,0,1,1.0
0.0,0.0,0.0,0.0,1.0,0.0,0.0,0.0,0.0,1.0,0.0,1.0,0.0,0.0,1.0,0.0,1.0,0.0,1.0,0.0,0.0,0.0,0.0,-0.40736841504767,0.1337551732231691,-0.22991839821962085,0.8773580150870548,0.019829119221123678,-1.3886122230157554,1.4316316397055602,0.43543531089099613,0.27861725719618774,0.6819522722610872,-0.32918254341964476,-0.4041426362983412,0,0,0.0
0.0,1.0,0.0,0.0,1.0,0.0,0.0,0.0,0.0,0.0,1.0,0.0,0.0,0.0,0.0,0.0,1.0,1.0,0.0,0.0,0.0,0.0,0.0,-0.6717931989808145,1.2632997696250285,-0.22991839821962085,0.4711267313333542,1.4489548288516505,1.530173321946421,-1.4127873638072872,-1.3400399628745336,-0.30153320026594205,-1.6349724080512704,-1.5518764409769954,-0.347095221758266,1,1,1.0
0.0,1.0,0.0,0.0,0.0,1.0,1.0,0.0,0.0,0.0,0.0,0.0,0.0,1.0,0.0,1.0,0.0,1.0,0.0,0.0,0.0,0.0,0.0,-1.1125011722027218,0.6395154991716875,-0.611525698169199,0.0648954475796536,0.7343919740363871,-1.33138113389885,-0.7016826129290754,0.43543531089099613,-1.4618341151902017,-1.3814487348256022,-1.107260478228868,-0.7210727170765364,0,0,0.0
0.0,0.0,0.0,1.0,0.0,0.0,0.0,1.0,0.0,0.0,0.0,0.0,0.0,1.0,1.0,0.0,0.0,0.0,1.0,0.0,0.0,0.0,0.0,0.47404753139614486,1.1037892204662456,-0.9931329981187772,-0.7475671199277476,-1.4092965904094032,1.2440178763618939,-0.7016826129290754,-1.3400399628745336,-0.30153320026594205,1.3721000493754063,-0.6626445154807404,-1.0591314699066114,0,1,1.0
1.0,0.0,0.0,0.0,0.0,0.0,1.0,0.0,0.0,0.0,0.0,0.0,0.0,1.0,1.0,0.0,0.0,0.0,0.0,0.0,1.0,0.0,0.0,-1.2006427668471034,1.693512889485309,1.2965108015786917,2.0960518663481564,1.4489548288516505,-1.1596878665481336,0.009422137949136454,-0.4523023259917688,0.27861725719618774,1.5340735072695837,-1.2184144689158998,1.176282033182259,0,1,1.0
0.0,1.0,0.0,0.0,0.0,1.0,0.0,0.0,0.0,1.0,1.0,0.0,0.0,0.0,0.0,0.0,1.0,0.0,1.0,0.0,0.0,0.0,0.0,1.0028970992624338,0.6608693839856193,-0.22991839821962085,0.4711267313333542,0.019829119221123678,-0.3584526189114578,0.009422137949136454,-1.3400399628745336,-0.8816836577280718,-0.930739982424414,-1.5518764409769954,-0.31223291287266464,0,0,0.0
1.0,0.0,1.0,0.0,0.0,0.0,0.0,1.0,0.0,0.0,0.0,0.0,0.0,1.0,0.0,0.0,1.0,0.0,0.0,0.0,0.0,0.0,1.0,0.3859059367517634,-1.5681857513518276,-0.611525698169199,-0.7475671199277476,0.019829119221123678,-0.9307635100805121,-0.7016826129290754,0.43543531089099613,-1.4618341151902017,0.019973792171842263,-0.21802855273261293,-0.5721155791107847,0,0,0.0
0.0,1.0,0.0,1.0,0.0,0.0,0.0,1.0,0.0,0.0,0.0,0.0,0.0,0.0,0.0,0.0,0.0,0.0,0.0,1.0,0.0,0.0,0.0,0.7384723153292894,-0.42761766572608373,0.5332962016795355,0.4711267313333542,1.4489548288516505,1.4157111437126102,-1.4127873638072872,1.323172947773761,1.4389181721204474,1.6467506953698807,-0.21802855273261293,0.38818256564714715,0,0,0.0
0.0,1.0,0.0,0.0,1.0,0.0,0.0,1.0,0.0,0.0,0.0,0.0,0.0,0.0,1.0,0.0,0.0,0.0,0.0,1.0,0.0,0.0,0.0,-0.936217982913959,-0.7101688371203193,0.9149035016291136,-0.7475671199277476,1.4489548288516505,-1.2741500447819445,0.7205268888273483,0.43543531089099613,-0.8816836577280718,0.6185713539546702,-1.3295684596029316,0.7621600609654176,1,0,0.0
1.0,0.0,0.0,0.0,0.0,1.0,1.0,0.0,0.0,0.0,0.0,0.0,0.0,1.0,0.0,0.0,0.0,0.0,0.0,0.0,1.0,0.0,0.0,1.3554634778399597,0.5753218268948754,-1.3747402980683554,-1.1537984036814481,1.4489548288516505,1.4729422328295156,1.4316316397055602,0.43543531089099613,0.8587677146583175,0.5974443811858643,-1.2184144689158998,-1.2175965102957091,0,0,0.0
0.0,1.0,0.0,0.0,1.0,0.0,0.0,0.0,1.0,0.0,1.0,0.0,0.0,0.0,1.0,0.0,0.0,0.0,0.0,0.0,0.0,1.0,0.0,-0.31922682040328854,1.4539995323064785,-0.611525698169199,-0.7475671199277476,1.4489548288516505,-1.4458433121326608,0.009422137949136454,1.323172947773761,1.4389181721204474,-1.0363748462684426,-0.44033653410667667,-0.7485399907439801,0,0,0.0
1.0,0.0,0.0,1.0,0.0,0.0,0.0,1.0,0.0,0.0,0.0,0.0,0.0,1.0,0.0,0.0,0.0,1.0,0.0,0.0,0.0,0.0,0.0,0.47404753139614486,-0.533264938198102,0.1516889017299573,-0.7475671199277476,-1.4092965904094032,0.44278262872521806,-0.7016826129290754,-1.3400399628745336,-0.30153320026594205,-1.043417170524711,-0.6626445154807404,0.0828732544974855,1,1,1.0
0.0,0.0,0.0,0.0,0.0,1.0,0.0,1.0,0.0,0.0,0.0,0.0,1.0,0.0,1.0,1.0,0.0,0.0,0.0,0.0,0.0,0.0,1.0,0.1214811528186189,-1.383492800163632,1.2965108015786917,2.5022831501018574,-0.6947337355941398,0.7289380743097451,0.7205268888273483,-0.4523023259917688,-0.8816836577280718,-1.5715914897448533,0.22658741001551455,1.1910721036185754,0,0,0.0
0.0,1.0,0.0,1.0,0.0,0.0,0.0,0.0,0.0,0.0,0.0,0.0,0.0,0.0,0.0,1.0,0.0,1.0,0.0,0.0,0.0,0.0,0.0,-1.5532091454246293,-0.6251823558283959,0.9149035016291136,1.2835892988407553,-0.6947337355941398,-1.7319987577171878,0.7205268888273483,-1.3400399628745336,1.4389181721204474,1.653793019626149,1.560435298259897,1.1171217514369964,0,0,0.0
0.0,1.0,0.0,0.0,0.0,0.0,0.0,0.0,0.0,0.0,0.0,1.0,0.0,0.0,0.0,1.0,0.0,0.0,0.0,0.0,1.0,0.0,0.0,-0.40736841504767,-0.8732108633657958,0.9149035016291136,2.0960518663481564,-0.6947337355941398,0.9006313416604614,1.4316316397055602,1.323172947773761,1.4389181721204474,1.0058991880494412,-1.2184144689158998,0.865690554019628,1,0,0.0
1.0,0.0,0.0,0.0,0.0,0.0,0.0,0.0,1.0,0.0,0.0,0.0,0.0,1.0,0.0,0.0,1.0,1.0,0.0,0.0,0.0,0.0,0.0,-0.936217982913959,-0.8256184338423186,1.67811810152827,2.0960518663481564,-1.4092965904094032,-1.1596878665481336,0.7205268888273483,-1.3400399628745336,0.27861725719618774,0.4073016262666133,-1.107260478228868,1.608363376643199,0,0,0.0
0.0,0.0,0.0,0.0,0.0,1.0,0.0,0.0,0.0,0.0,0.0,1.0,0.0,0.0,0.0,1.0,0.0,0.0,0.0,0.0,1.0,0.0,0.0,-0.23108522575890705,-1.5854140788214914,1.2965108015786917,0.0648954475796536,-0.6947337355941398,0.6144758960759343,0.009422137949136454,-1.3400399628745336,0.27861725719618774,-0.6631316606862085,1.1158193355117696,1.2364987485301167,1,0,0.0
0.0,0.0,0.0,0.0,0.0,1.0,1.0,0.0,0.0,0.0,0.0,0.0,0.0,1.0,1.0,0.0,1.0,0.0,0.0,1.0,0.0,0.0,0.0,-0.583651604336433,0.6912334860394328,-0.9931329981187772,-0.341335836174047,0.7343919740363871,-1.4458433121326608,-1.4127873638072872,1.323172947773761,-0.30153320026594205,0.43547092329168746,0.33774140070254643,-1.098219513202589,0,0,0.0
0.0,1.0,0.0,0.0,0.0,0.0,1.0,0.0,0.0,0.0,1.0,0.0,0.0,0.0,1.0,0.0,0.0,1.0,0.0,0.0,0.0,0.0,0.0,0.47404753139614486,-1.2097573292818127,-0.9931329981187772,-1.1537984036814481,-0.6947337355941398,-0.8735324209636066,-1.4127873638072872,-1.3400399628745336,0.8587677146583175,-0.05044945039084338,-0.10687456204558105,-1.16477483016601,0,0,0.0
0.0,1.0,0.0,1.0,0.0,0.0,0.0,0.0,1.0,0.0,1.0,0.0,0.0,0.0,0.0,0.0,0.0,0.0,0.0,0.0,0.0,0.0,0.0,0.2096227474630004,-0.10641827313074428,-1.3747402980683554,-0.7475671199277476,-0.6947337355941398,1.530173321946421,0.7205268888273483,-1.3400399628745336,-1.4618341151902017,-1.2335599254439622,1.3381273168858332,-1.2344994479372131,0,0,0.0
0.0,0.0,1.0,0.0,0.0,0.0,0.0,1.0,0.0,0.0,0.0,0.0,0.0,1.0,0.0,0.0,1.0,0.0,0.0,1.0,0.0,0.0,0.0,-0.583651604336433,-1.2859316200863793,-1.3747402980683554,-0.7475671199277476,-1.4092965904094032,0.9578624307773668,0.7205268888273483,-0.4523023259917688,0.27861725719618774,-1.0222901977559053,1.2269733261988014,-1.4299396644171,0,0,0.0
0.0,0.0,0.0,0.0,0.0,1.0,0.0,0.0,1.0,0.0,0.0,0.0,1.0,0.0,1.0,1.0,0.0,0.0,1.0,0.0,0.0,0.0,0.0,-0.4955100096920515,0.2964011459635958,0.5332962016795355,0.8773580150870548,-1.4092965904094032,-0.9879945991974174,-1.4127873638072872,-0.4523023259917688,-0.8816836577280718,0.6044867054421329,-1.2184144689158998,0.4505121482001921,0,1,1.0
0.0,1.0,0.0,1.0,0.0,0.0,1.0,0.0,0.0,0.0,0.0,0.0,1.0,0.0,1.0,1.0,0.0,0.0,0.0,0.0,0.0,0.0,1.0,1.0028970992624338,0.5778961746776987,0.9149035016291136,-1.1537984036814481,-0.6947337355941398,-1.6175365794833771,-1.4127873638072872,0.43543531089099613,0.8587677146583175,-1.2898985194941108,0.1154334193284827,0.9121736325337629,1,1,1.0
1.0,0.0,1.0,0.0,0.0,0.0,0.0,0.0,0.0,1.0,0.0,0.0,0.0,1.0,1.0,1.0,0.0,0.0,0.0,0.0,1.0,0.0,0.0,-0.14294363111452557,0.7298487027817825,1.2965108015786917,2.0960518663481564,-0.6947337355941398,-0.7018391536128903,1.4316316397055602,-0.4523023259917688,-0.30153320026594205,0.9143489727179497,0.22658741001551455,1.2005800060419212,0,1,1.0
0.0,1.0,0.0,0.0,1.0,0.0,0.0,0.0,0.0,1.0,0.0,0.0,0.0,1.0,1.0,1.0,0.0,0.0,0.0,0.0,0.0,0.0,1.0,1.5317466671287228,-0.9011986443893107,-0.22991839821962085,0.0648954475796536,0.7343919740363871,1.2440178763618939,0.009422137949136454,1.323172947773761,-0.30153320026594205,1.139703348918544,1.560435298259897,-0.2625805335507473,1,1,1.0
1.0,0.0,0.0,0.0,0.0,0.0,0.0,0.0,0.0,1.0,0.0,1.0,0.0,0.0,1.0,0.0,0.0,0.0,0.0,0.0,1.0,0.0,0.0,1.3554634778399597,0.22128299783916172,0.5332962016795355,0.8773580150870548,0.7343919740363871,-1.4458433121326608,-0.7016826129290754,0.43543531089099613,-0.30153320026594205,-0.8532744156054599,-0.8849524968548041,0.3934647336601169,0,1,1.0
0.0,1.0,0.0,0.0,1.0,0.0,1.0,0.0,0.0,0.0,1.0,0.0,0.0,0.0,0.0,1.0,0.0,0.0,0.0,1.0,0.0,0.0,0.0,1.3554634778399597,1.6520262848313487,0.9149035016291136,1.2835892988407553,0.7343919740363871,-0.4729147971452687,-1.4127873638072872,-0.4523023259917688,-0.30153320026594205,0.29462443816631617,0.5600493820766101,0.7991352370562069,1,0,0.0
1.0,0.0,0.0,0.0,0.0,1.0,0.0,1.0,0.0,0.0,1.0,0.0,0.0,0.0,1.0,1.0,0.0,0.0,0.0,0.0,0.0,0.0,1.0,-0.23108522575890705,-0.3050061014544349,1.2965108015786917,-0.7475671199277476,0.7343919740363871,-0.8163013318467012,1.4316316397055602,-0.4523023259917688,-0.8816836577280718,-0.867359064117997,1.0046653448247376,1.2850946942494397,1,1,1.0
0.0,1.0,0.0,1.0,0.0,0.0,0.0,0.0,0.0,0.0,0.0,0.0,1.0,0.0,1.0,0.0,1.0,0.0,1.0,0.0,0.0,0.0,0.0,0.5621891260405263,0.3874934521250361,0.5332962016795355,1.2835892988407553,1.4489548288516505,-0.8735324209636066,0.009422137949136454,-1.3400399628745336,-0.30153320026594205,-0.24059220531009481,1.0046653448247376,0.719902716861658,1,1,1.0
0.0,1.0,1.0,0.0,0.0,0.0,0.0,0.0,0.0,1.0,0.0,0.0,0.0,1.0,0.0,0.0,1.0,1.0,0.0,0.0,0.0,0.0,0.0,1.3554634778399597,-1.3560000860214292,-0.611525698169199,-0.7475671199277476,1.4489548288516505,-0.18675935156074158,-0.7016826129290754,0.43543531089099613,0.8587677146583175,0.5411057871357159,-0.7737985061677722,-0.6196550912275139,0,1,1.0
0.0,1.0,0.0,1.0,0.0,0.0,1.0,0.0,0.0,0.0,1.0,0.0,0.0,0.0,1.0,0.0,1.0,0.0,0.0,1.0,0.0,0.0,0.0,-1.0243595775583405,0.9389649534480454,0.5332962016795355,0.0648954475796536,-1.4092965904094032,0.042165004906880105,0.009422137949136454,-0.4523023259917688,-0.30153320026594205,-0.205380584028752,-0.8849524968548041,0.4452299801872223,0,0,0.0
1.0,0.0,0.0,0.0,0.0,0.0,1.0,0.0,0.0,0.0,0.0,1.0,0.0,0.0,1.0,0.0,0.0,0.0,0.0,0.0,0.0,0.0,1.0,0.2096227474630004,1.0366581513603146,-1.3747402980683554,-0.341335836174047,-0.6947337355941398,1.0150935198942723,0.7205268888273483,-0.4523023259917688,1.4389181721204474,-0.21946523254128908,-0.6626445154807404,-1.5810096695880398,0,0,0.0
0.0,0.0,0.0,0.0,0.0,0.0,0.0,1.0,0.0,0.0,0.0,0.0,0.0,0.0,0.0,1.0,0.0,0.0,0.0,1.0,0.0,0.0,0.0,-0.23108522575890705,1.0232583411061318,0.9149035016291136,0.0648954475796536,0.019829119221123678,-1.216918955665039,-0.7016826129290754,-0.4523023259917688,-0.8816836577280718,-0.6842586334550143,0.5600493820766101,0.8118124402873346,0,0,0.0
1.0,0.0,1.0,0.0,0.0,0.0,0.0,1.0,0.0,0.0,1.0,0.0,0.0,0.0,0.0,1.0,0.0,1.0,0.0,0.0,0.0,0.0,0.0,-1.5532091454246293,0.05860402063998086,1.2965108015786917,0.0648954475796536,0.019829119221123678,-0.7018391536128903,1.4316316397055602,0.43543531089099613,-1.4618341151902017,1.2805498340439152,-1.4407224502899634,1.2343858813249287,0,0,0.0
1.0,0.0,0.0,0.0,1.0,0.0,0.0,0.0,1.0,0.0,0.0,0.0,0.0,0.0,0.0,0.0,1.0,0.0,0.0,0.0,1.0,0.0,0.0,1.6198882617731043,-0.939714847755398,0.1516889017299573,0.4711267313333542,-1.4092965904094032,-1.5603054903664717,0.009422137949136454,-1.3400399628745336,-1.4618341151902017,-0.008195504853232144,1.560435298259897,0.19062948196207205,0,0,0.0
1.0,0.0,0.0,0.0,0.0,0.0,1.0,0.0,0.0,0.0,0.0,0.0,0.0,0.0,0.0,0.0,1.0,0.0,0.0,0.0,0.0,0.0,0.0,-1.0243595775583405,-1.60013406742584,0.1516889017299573,-0.341335836174047,-1.4092965904094032,-1.6175365794833771,0.7205268888273483,1.323172947773761,0.27861725719618774,0.22420119560363053,-0.5514905247937085,0.10822766095974101,0,0,0.0
0.0,0.0,0.0,1.0,0.0,0.0,0.0,0.0,1.0,0.0,0.0,1.0,0.0,0.0,1.0,0.0,0.0,0.0,0.0,1.0,0.0,0.0,0.0,1.2673218831955781,-0.3675825552522939,0.1516889017299573,1.2835892988407553,-0.6947337355941398,-0.9879945991974174,0.7205268888273483,1.323172947773761,1.4389181721204474,1.4566079404506294,-0.7737985061677722,0.2804263381825606,0,0,0.0
1.0,0.0,1.0,0.0,0.0,0.0,0.0,0.0,0.0,0.0,0.0,0.0,0.0,0.0,1.0,1.0,0.0,0.0,0.0,0.0,0.0,0.0,1.0,0.5621891260405263,0.6400435705117539,1.2965108015786917,2.0960518663481564,-1.4092965904094032,0.6144758960759343,1.4316316397055602,1.323172947773761,1.4389181721204474,0.10448168324706499,1.3381273168858332,1.4953249811656424,0,0,0.0
1.0,0.0,0.0,0.0,0.0,0.0,0.0,0.0,0.0,1.0,0.0,1.0,0.0,0.0,1.0,0.0,0.0,0.0,0.0,0.0,1.0,0.0,0.0,0.1214811528186189,1.093128780288657,-0.22991839821962085,-0.341335836174047,1.4489548288516505,-1.33138113389885,-1.4127873638072872,-1.3400399628745336,0.8587677146583175,-0.70538560622382,-0.10687456204558105,-0.4157634059268751,1,0,0.0
0.0,0.0,0.0,0.0,0.0,1.0,1.0,0.0,0.0,0.0,0.0,0.0,0.0,1.0,0.0,0.0,1.0,0.0,0.0,0.0,0.0,1.0,0.0,0.2977643421073819,1.5348274517953797,-1.3747402980683554,-0.341335836174047,0.019829119221123678,0.9578624307773668,-1.4127873638072872,0.43543531089099613,0.27861725719618774,0.6326560024672071,1.4492813075728652,-1.232386580732025,1,1,1.0
0.0,1.0,1.0,0.0,0.0,0.0,0.0,0.0,0.0,1.0,1.0,0.0,0.0,0.0,0.0,0.0,1.0,0.0,0.0,0.0,0.0,0.0,0.0,0.1214811528186189,-0.3799592272850983,0.9149035016291136,2.0960518663481564,-0.6947337355941398,-1.1024567774312282,-1.4127873638072872,-0.4523023259917688,-0.30153320026594205,0.09743935899079632,-1.3295684596029316,1.045284266460605,0,1,1.0
0.0,1.0,0.0,0.0,1.0,0.0,0.0,0.0,0.0,1.0,1.0,0.0,0.0,0.0,1.0,0.0,0.0,0.0,0.0,0.0,0.0,1.0,0.0,0.6503307206849078,0.25458449672209404,0.5332962016795355,0.0648954475796536,1.4489548288516505,0.5572448069590289,0.7205268888273483,-0.4523023259917688,0.8587677146583175,0.05518541345318509,1.6715892889469288,0.6998304784123726,0,0,0.0
0.0,1.0,0.0,1.0,0.0,0.0,1.0,0.0,0.0,0.0,0.0,1.0,0.0,0.0,1.0,1.0,0.0,0.0,0.0,0.0,1.0,0.0,0.0,0.3859059367517634,0.01576423317710061,1.67811810152827,2.908514433855558,1.4489548288516505,-0.41568370802836324,1.4316316397055602,-1.3400399628745336,-0.8816836577280718,-1.0222901977559053,1.560435298259897,1.5175100868201163,1,1,1.0
0.0,1.0,0.0,0.0,0.0,1.0,0.0,0.0,0.0,1.0,1.0,0.0,0.0,0.0,0.0,0.0,1.0,1.0,0.0,0.0,0.0,0.0,0.0,0.2096227474630004,0.5441326133722084,-0.9931329981187772,-0.341335836174047,1.4489548288516505,-1.5603054903664717,0.7205268888273483,0.43543531089099613,-0.8816836577280718,0.5058941658543731,-0.996106487541836,-1.1108967164337167,0,0,0.0
0.0,1.0,1.0,0.0,0.0,0.0,0.0,0.0,0.0,1.0,1.0,0.0,0.0,0.0,0.0,0.0,1.0,0.0,0.0,0.0,0.0,0.0,0.0,1.5317466671287228,-0.38444783367566204,-1.7563475980179335,-0.7475671199277476,-0.6947337355941398,-0.8735324209636066,-0.7016826129290754,0.43543531089099613,1.4389181721204474,0.7030792450298927,0.33774140070254643,-1.628549181704769,1,1,1.0
0.0,0.0,0.0,0.0,0.0,1.0,1.0,0.0,0.0,0.0,0.0,0.0,1.0,0.0,1.0,0.0,1.0,1.0,0.0,0.0,0.0,0.0,0.0,0.2977643421073819,0.39891299485397025,-1.7563475980179335,-1.1537984036814481,1.4489548288516505,-0.5873769753790795,0.009422137949136454,-0.4523023259917688,-0.30153320026594205,0.6115290296984016,1.0046653448247376,-1.6803144282318743,0,0,0.0
1.0,0.0,0.0,0.0,1.0,0.0,0.0,0.0,0.0,0.0,1.0,0.0,0.0,0.0,1.0,0.0,1.0,0.0,0.0,0.0,1.0,0.0,0.0,1.5317466671287228,0.20636498248228816,0.1516889017299573,0.0648954475796536,1.4489548288516505,0.6144758960759343,0.009422137949136454,-0.4523023259917688,-0.30153320026594205,0.21011654709109345,1.560435298259897,0.3353608855174477,0,0,0.0
0.0,1.0,1.0,0.0,0.0,0.0,0.0,0.0,0.0,1.0,1.0,0.0,0.0,0.0,0.0,0.0,0.0,0.0,1.0,0.0,0.0,0.0,0.0,0.1214811528186189,-0.21147146534518793,1.2965108015786917,1.689820582594456,0.7343919740363871,-1.045225688314323,1.4316316397055602,1.323172947773761,1.4389181721204474,0.5058941658543731,0.33774140070254643,1.3062233663013194,0,0,0.0
0.0,0.0,0.0,0.0,0.0,1.0,0.0,0.0,0.0,1.0,1.0,0.0,0.0,0.0,0.0,0.0,1.0,0.0,0.0,0.0,0.0,1.0,0.0,-0.4955100096920515,-1.1062223421700597,-0.611525698169199,-0.341335836174047,0.019829119221123678,0.7289380743097451,0.009422137949136454,-0.4523023259917688,-0.30153320026594205,-1.3603217620567964,0.6712033727636421,-0.5393661374303713,0,1,1.0
1.0,0.0,0.0,1.0,0.0,0.0,0.0,1.0,0.0,0.0,0.0,0.0,0.0,1.0,1.0,0.0,1.0,0.0,1.0,0.0,0.0,0.0,0.0,0.3859059367517634,1.120060418632039,1.2965108015786917,0.0648954475796536,-0.6947337355941398,-1.5030744012495663,-0.7016826129290754,-1.3400399628745336,-0.30153320026594205,-0.6138353908923285,-1.5518764409769954,1.3125619679168836,1,1,1.0
1.0,0.0,0.0,0.0,0.0,1.0,1.0,0.0,0.0,0.0,0.0,0.0,1.0,0.0,1.0,0.0,1.0,0.0,0.0,0.0,0.0,0.0,0.0,1.7080298564174856,-0.4296639421688407,-1.3747402980683554,-0.341335836174047,0.7343919740363871,0.3855515396083126,-1.4127873638072872,0.43543531089099613,-0.30153320026594205,-0.5293274998171058,-0.21802855273261293,-1.2852082608617241,1,1,1.0
0.0,0.0,0.0,0.0,0.0,0.0,1.0,0.0,0.0,0.0,0.0,0.0,0.0,1.0,1.0,0.0,1.0,0.0,1.0,0.0,0.0,0.0,0.0,-0.14294363111452557,-1.520725339663367,-1.3747402980683554,-0.7475671199277476,-0.6947337355941398,1.4729422328295156,0.009422137949136454,1.323172947773761,-1.4618341151902017,-1.6420147323075391,0.004279428641450823,-1.230273713526837,0,1,1.0
0.0,1.0,0.0,0.0,1.0,0.0,0.0,0.0,0.0,1.0,0.0,1.0,0.0,0.0,1.0,1.0,0.0,0.0,0.0,0.0,0.0,0.0,0.0,-0.054802036470144075,-0.29045113514385695,0.9149035016291136,0.4711267313333542,1.4489548288516505,1.3584800545957048,-1.4127873638072872,0.43543531089099613,-0.8816836577280718,-0.8603167398617284,0.8935113541377058,0.8456183155703426,1,1,1.0
0.0,1.0,0.0,0.0,0.0,1.0,0.0,0.0,0.0,1.0,0.0,0.0,1.0,0.0,0.0,0.0,0.0,0.0,0.0,0.0,0.0,0.0,0.0,-0.23108522575890705,-0.15315258672661364,1.2965108015786917,2.5022831501018574,-0.6947337355941398,-0.015066084210025312,0.009422137949136454,0.43543531089099613,-0.30153320026594205,-0.4589042572544202,-0.21802855273261293,1.2407244829404926,0,0,0.0
0.0,1.0,0.0,0.0,1.0,0.0,0.0,0.0,0.0,1.0,0.0,0.0,1.0,0.0,1.0,0.0,1.0,0.0,0.0,1.0,0.0,0.0,0.0,1.2673218831955781,0.7608398895519246,-1.3747402980683554,-1.1537984036814481,1.4489548288516505,-1.3886122230157554,1.4316316397055602,-0.4523023259917688,-0.8816836577280718,-1.6560993808200761,-1.4407224502899634,-1.4732534421234533,0,0,0.0
1.0,0.0,1.0,0.0,0.0,0.0,1.0,0.0,0.0,0.0,0.0,0.0,0.0,1.0,0.0,0.0,1.0,0.0,0.0,0.0,0.0,1.0,0.0,1.0910386939068153,-1.0185624997190506,-1.3747402980683554,-1.1537984036814481,0.7343919740363871,1.5874044110633263,-0.7016826129290754,-1.3400399628745336,-1.4618341151902017,-0.9377823066806826,0.004279428641450823,-1.29999833129804,0,0,0.0
0.0,1.0,0.0,0.0,1.0,0.0,0.0,0.0,1.0,0.0,0.0,0.0,1.0,0.0,0.0,0.0,1.0,1.0,0.0,0.0,0.0,0.0,0.0,-0.4955100096920515,1.323928960356393,0.5332962016795355,0.0648954475796536,-0.6947337355941398,1.3012489654787993,0.009422137949136454,-0.4523023259917688,0.8587677146583175,0.2312435198598992,0.7823573634506739,0.671306771142335,1,0,0.0
0.0,0.0,0.0,1.0,0.0,0.0,1.0,0.0,0.0,0.0,1.0,0.0,0.0,0.0,1.0,0.0,0.0,0.0,0.0,0.0,1.0,0.0,0.0,-0.31922682040328854,1.1282785288618213,1.2965108015786917,-0.7475671199277476,-0.6947337355941398,1.4729422328295156,0.009422137949136454,-0.4523023259917688,-0.8816836577280718,1.3721000493754063,0.4488953913895783,1.2343858813249287,0,1,1.0
1.0,0.0,0.0,0.0,1.0,0.0,0.0,0.0,0.0,0.0,1.0,0.0,0.0,0.0,1.0,0.0,0.0,0.0,0.0,0.0,1.0,0.0,0.0,1.2673218831955781,-0.527126108869831,1.67811810152827,-1.1537984036814481,0.019829119221123678,-0.9879945991974174,1.4316316397055602,0.43543531089099613,0.8587677146583175,-1.6772263535888818,-1.6630304316640272,1.69076519764553,0,1,1.0
1.0,0.0,0.0,0.0,0.0,0.0,0.0,1.0,0.0,0.0,0.0,0.0,0.0,1.0,1.0,1.0,0.0,0.0,0.0,0.0,0.0,0.0,0.0,-1.3769259561358664,-1.1006115841818551,1.2965108015786917,1.2835892988407553,-1.4092965904094032,-1.6747676686002824,0.009422137949136454,-1.3400399628745336,0.27861725719618774,-1.4729989501570937,1.560435298259897,1.252345252569026,1,1,1.0
0.0,1.0,0.0,0.0,0.0,0.0,0.0,0.0,1.0,0.0,0.0,0.0,0.0,1.0,0.0,0.0,1.0,0.0,1.0,0.0,0.0,0.0,0.0,1.3554634778399597,0.3993750572765283,-0.9931329981187772,-0.341335836174047,0.7343919740363871,0.2710893613745018,-1.4127873638072872,-1.3400399628745336,-0.8816836577280718,-0.9096130096556083,-1.107260478228868,-0.829885378143717,1,0,0.0
0.0,0.0,0.0,0.0,0.0,0.0,0.0,1.0,0.0,0.0,0.0,0.0,1.0,0.0,0.0,1.0,0.0,0.0,0.0,0.0,0.0,0.0,0.0,-0.40736841504767,-1.2548084154812207,0.5332962016795355,1.2835892988407553,0.019829119221123678,-1.6175365794833771,0.7205268888273483,0.43543531089099613,-1.4618341151902017,-1.5082105714384364,-0.8849524968548041,0.6332751614489516,0,0,0.0
0.0,1.0,0.0,0.0,1.0,0.0,0.0,0.0,0.0,1.0,0.0,1.0,0.0,0.0,1.0,1.0,0.0,0.0,0.0,1.0,0.0,0.0,0.0,-1.5532091454246293,-1.4083781620642575,-1.7563475980179335,-0.7475671199277476,-0.6947337355941398,0.6144758960759343,0.009422137949136454,1.323172947773761,-0.30153320026594205,0.9777298910243671,0.6712033727636421,-1.6528471545644305,0,1,1.0
0.0,0.0,0.0,1.0,0.0,0.0,0.0,1.0,0.0,0.0,0.0,0.0,0.0,0.0,1.0,0.0,0.0,0.0,0.0,0.0,0.0,0.0,0.0,0.7384723153292894,0.731795965848277,-0.9931329981187772,-0.341335836174047,-1.4092965904094032,0.3283204504914072,-0.7016826129290754,0.43543531089099613,1.4389181721204474,-1.1279250615999339,-0.7737985061677722,-1.0179305594054462,1,1,1.0
0.0,1.0,0.0,0.0,0.0,0.0,1.0,0.0,0.0,0.0,0.0,0.0,0.0,0.0,1.0,0.0,1.0,0.0,1.0,0.0,0.0,0.0,0.0,0.5621891260405263,-0.7371004754637016,0.5332962016795355,0.4711267313333542,0.7343919740363871,0.7289380743097451,0.009422137949136454,-1.3400399628745336,-0.8816836577280718,-0.8180627943241171,-0.996106487541836,0.4515685818027861,0,1,1.0
0.0,0.0,0.0,0.0,0.0,1.0,0.0,1.0,0.0,0.0,1.0,0.0,0.0,0.0,1.0,0.0,0.0,0.0,0.0,1.0,0.0,0.0,0.0,1.5317466671287228,-1.608319173196868,1.67811810152827,0.0648954475796536,0.019829119221123678,1.129555698128083,-1.4127873638072872,1.323172947773761,-0.8816836577280718,-1.705395650613956,-1.5518764409769954,1.626322747887297,0,1,1.0
1.0,0.0,0.0,0.0,0.0,0.0,0.0,0.0,0.0,0.0,0.0,1.0,0.0,0.0,0.0,1.0,0.0,0.0,0.0,0.0,1.0,0.0,0.0,1.2673218831955781,-1.2991334035880373,0.5332962016795355,0.4711267313333542,-0.6947337355941398,-1.216918955665039,-0.7016826129290754,0.43543531089099613,-0.8816836577280718,-1.705395650613956,-1.2184144689158998,0.6089771885892897,1,1,1.0
0.0,1.0,1.0,0.0,0.0,0.0,0.0,1.0,0.0,0.0,0.0,0.0,0.0,1.0,1.0,1.0,0.0,0.0,0.0,0.0,0.0,0.0,0.0,-0.6717931989808145,-1.3314117642495913,0.9149035016291136,-0.7475671199277476,0.7343919740363871,1.4729422328295156,0.7205268888273483,-1.3400399628745336,0.27861725719618774,-0.12087269295352902,-1.3295684596029316,0.9713339142790262,1,1,1.0
0.0,0.0,0.0,1.0,0.0,0.0,1.0,0.0,0.0,0.0,0.0,0.0,0.0,0.0,0.0,1.0,0.0,0.0,1.0,0.0,0.0,0.0,0.0,-0.583651604336433,-1.0866176936700975,0.5332962016795355,0.4711267313333542,1.4489548288516505,1.7018665892971372,1.4316316397055602,-1.3400399628745336,-1.4618341151902017,-0.23354988105382615,0.1154334193284827,0.7167334160538762,0,0,0.0
0.0,0.0,0.0,0.0,0.0,1.0,0.0,0.0,1.0,0.0,0.0,1.0,0.0,0.0,0.0,0.0,1.0,0.0,0.0,0.0,0.0,0.0,0.0,-0.23108522575890705,-0.05892485698352959,1.2965108015786917,2.0960518663481564,-1.4092965904094032,0.3283204504914072,-1.4127873638072872,1.323172947773761,0.27861725719618774,1.5481581557821205,-1.5518764409769954,1.4287696642022218,1,1,1.0
0.0,1.0,0.0,0.0,0.0,1.0,0.0,1.0,0.0,0.0,0.0,0.0,0.0,0.0,0.0,0.0,0.0,0.0,0.0,0.0,0.0,0.0,0.0,1.0028970992624338,1.4733731495951616,1.2965108015786917,0.0648954475796536,0.7343919740363871,1.4157111437126102,1.4316316397055602,-1.3400399628745336,0.27861725719618774,-0.8532744156054599,0.6712033727636421,1.4625755394852293,0,0,0.0
1.0,0.0,0.0,0.0,1.0,0.0,0.0,1.0,0.0,0.0,1.0,0.0,0.0,0.0,0.0,1.0,0.0,0.0,0.0,0.0,0.0,0.0,0.0,-0.4955100096920515,1.215146264302731,-1.3747402980683554,-0.341335836174047,1.4489548288516505,0.5572448069590289,1.4316316397055602,-1.3400399628745336,-1.4618341151902017,-0.7546818760177,0.7823573634506739,-1.2968290304902579,1,0,0.0
0.0,0.0,0.0,0.0,0.0,0.0,0.0,0.0,0.0,0.0,0.0,0.0,0.0,1.0,0.0,1.0,0.0,0.0,0.0,0.0,1.0,0.0,0.0,1.5317466671287228,0.5172669839463343,1.2965108015786917,2.0960518663481564,0.019829119221123678,1.0723246090111775,-0.7016826129290754,-1.3400399628745336,-0.8816836577280718,-0.015237829109500558,-0.32918254341964476,1.1297989546681242,0,0,0.0
0.0,0.0,0.0,0.0,0.0,1.0,0.0,0.0,0.0,1.0,1.0,0.0,0.0,0.0,1.0,0.0,1.0,0.0,0.0,0.0,0.0,1.0,0.0,1.0028970992624338,1.3253481520828212,-0.9931329981187772,-0.7475671199277476,-0.6947337355941398,1.6446355001802317,-0.7016826129290754,-0.4523023259917688,-0.8816836577280718,0.6326560024672071,-1.6630304316640272,-1.1869599358204836,1,1,1.0
1.0,0.0,0.0,0.0,0.0,1.0,0.0,0.0,0.0,1.0,0.0,0.0,0.0,1.0,0.0,0.0,1.0,1.0,0.0,0.0,0.0,0.0,0.0,-1.2006427668471034,1.2023075298473687,1.67811810152827,2.908514433855558,0.019829119221123678,-0.7590702427297957,-1.4127873638072872,-0.4523023259917688,0.27861725719618774,-0.7687665245302371,-1.3295684596029316,1.7034424008766575,0,1,1.0
0.0,1.0,0.0,0.0,0.0,1.0,0.0,0.0,1.0,0.0,1.0,0.0,0.0,0.0,1.0,0.0,0.0,0.0,0.0,0.0,1.0,0.0,0.0,1.3554634778399597,-0.2766222669258702,1.67811810152827,0.4711267313333542,-1.4092965904094032,-1.216918955665039,-0.7016826129290754,0.43543531089099613,-0.8816836577280718,0.6115290296984016,-0.6626445154807404,1.5703317669498156,0,1,1.0
1.0,0.0,0.0,0.0,1.0,0.0,0.0,0.0,0.0,1.0,0.0,0.0,1.0,0.0,0.0,0.0,0.0,0.0,0.0,1.0,0.0,0.0,0.0,-0.14294363111452557,-0.41068637838520733,-1.3747402980683554,-1.1537984036814481,1.4489548288516505,-0.7018391536128903,0.009422137949136454,-0.4523023259917688,1.4389181721204474,0.33687838370392764,-0.21802855273261293,-1.3686665154666489,1,1,1.0
0.0,1.0,0.0,1.0,0.0,0.0,0.0,0.0,0.0,0.0,0.0,1.0,0.0,0.0,0.0,0.0,1.0,0.0,0.0,0.0,0.0,1.0,0.0,-1.6413507400690108,-0.07420592138669874,-0.9931329981187772,-0.341335836174047,-1.4092965904094032,-0.18675935156074158,0.7205268888273483,-0.4523023259917688,0.27861725719618774,-1.5434221927197793,-1.5518764409769954,-1.1394204237037544,0,0,0.0
0.0,1.0,0.0,0.0,1.0,0.0,0.0,1.0,0.0,0.0,0.0,1.0,0.0,0.0,0.0,1.0,0.0,0.0,0.0,0.0,0.0,0.0,1.0,0.47404753139614486,-1.2556995358675824,-1.7563475980179335,-0.7475671199277476,-0.6947337355941398,-0.12952826244383614,0.009422137949136454,1.323172947773761,-0.30153320026594205,1.5692851285509264,-1.5518764409769954,-1.7130638699122878,0,1,1.0
0.0,1.0,1.0,0.0,0.0,0.0,0.0,0.0,0.0,1.0,0.0,0.0,0.0,0.0,0.0,1.0,0.0,1.0,0.0,0.0,0.0,0.0,0.0,1.3554634778399597,-1.6222470547911172,-0.22991839821962085,-0.341335836174047,0.7343919740363871,1.6446355001802317,0.009422137949136454,-1.3400399628745336,-1.4618341151902017,0.005889143659304936,-0.10687456204558105,-0.424214874747627,0,0,0.0
0.0,1.0,0.0,0.0,0.0,0.0,0.0,0.0,0.0,1.0,0.0,0.0,0.0,0.0,1.0,0.0,0.0,0.0,1.0,0.0,0.0,0.0,0.0,1.0910386939068153,0.571361291844378,0.5332962016795355,-0.341335836174047,-0.6947337355941398,-1.216918955665039,1.4316316397055602,-1.3400399628745336,-0.8816836577280718,1.2664651855313778,0.22658741001551455,0.5033338283298912,1,1,1.0
1.0,0.0,0.0,0.0,0.0,0.0,0.0,0.0,0.0,0.0,1.0,0.0,0.0,0.0,1.0,0.0,1.0,0.0,0.0,0.0,0.0,1.0,0.0,-0.4955100096920515,-0.4953098106308352,0.9149035016291136,0.8773580150870548,0.019829119221123678,-1.2741500447819445,-1.4127873638072872,-0.4523023259917688,-0.8816836577280718,-1.3603217620567964,-1.6630304316640272,0.805473838671771,1,0,0.0
0.0,0.0,0.0,0.0,0.0,0.0,0.0,0.0,0.0,0.0,1.0,0.0,0.0,0.0,0.0,0.0,1.0,0.0,0.0,0.0,1.0,0.0,0.0,0.8266139099736708,-1.1585674137541337,0.5332962016795355,0.0648954475796536,-0.6947337355941398,-1.2741500447819445,0.7205268888273483,-1.3400399628745336,-0.8816836577280718,1.5129465345007775,-0.8849524968548041,0.4589636170209439,0,1,1.0
0.0,0.0,1.0,0.0,0.0,0.0,0.0,1.0,0.0,0.0,0.0,0.0,0.0,1.0,0.0,0.0,0.0,1.0,0.0,0.0,0.0,0.0,0.0,1.7080298564174856,-0.025293313513055804,0.1516889017299573,-1.1537984036814481,1.4489548288516505,0.9578624307773668,1.4316316397055602,-0.4523023259917688,-0.30153320026594205,0.7030792450298927,-1.4407224502899634,0.27408773656699675,0,0,0.0
1.0,0.0,0.0,0.0,1.0,0.0,0.0,0.0,1.0,0.0,0.0,0.0,1.0,0.0,0.0,1.0,0.0,0.0,0.0,0.0,0.0,0.0,0.0,-1.2006427668471034,0.18814652125000011,0.5332962016795355,0.8773580150870548,-1.4092965904094032,-1.5030744012495663,0.009422137949136454,-0.4523023259917688,1.4389181721204474,1.6890046409074917,-0.8849524968548041,0.7167334160538762,1,1,1.0
0.0,0.0,1.0,0.0,0.0,0.0,1.0,0.0,0.0,0.0,0.0,0.0,0.0,1.0,1.0,0.0,0.0,0.0,0.0,0.0,0.0,0.0,0.0,1.0028970992624338,-0.012223547846414372,-0.22991839821962085,-1.1537984036814481,-1.4092965904094032,1.4157111437126102,-0.7016826129290754,0.43543531089099613,-0.8816836577280718,0.2453281683724363,-1.2184144689158998,-0.060801715455296466,1,0,0.0
1.0,0.0,0.0,0.0,0.0,0.0,0.0,0.0,1.0,0.0,0.0,0.0,0.0,0.0,0.0,1.0,0.0,1.0,0.0,0.0,0.0,0.0,0.0,-0.6717931989808145,-1.0179684194614758,-0.611525698169199,-1.1537984036814481,0.019829119221123678,-1.1024567774312282,0.7205268888273483,0.43543531089099613,0.8587677146583175,1.3368884280940636,1.3381273168858332,-0.5594383758796571,0,0,0.0
1.0,0.0,0.0,0.0,0.0,1.0,0.0,0.0,0.0,0.0,0.0,0.0,1.0,0.0,1.0,1.0,0.0,0.0,0.0,0.0,1.0,0.0,0.0,1.6198882617731043,-1.5970646527617045,1.2965108015786917,-0.7475671199277476,0.7343919740363871,-1.3886122230157554,0.7205268888273483,1.323172947773761,-1.4618341151902017,1.5199888587570463,-1.3295684596029316,1.1826206347978232,0,1,1.0
0.0,0.0,0.0,1.0,0.0,0.0,0.0,1.0,0.0,0.0,1.0,0.0,0.0,0.0,1.0,1.0,0.0,0.0,0.0,0.0,0.0,1.0,0.0,1.4436050724843412,-1.128170307241566,0.1516889017299573,0.4711267313333542,0.7343919740363871,-1.045225688314323,-0.7016826129290754,-1.3400399628745336,-1.4618341151902017,0.4847671930855676,0.7823573634506739,0.1409771026401547,1,1,1.0
0.0,1.0,0.0,0.0,0.0,1.0,0.0,0.0,0.0,0.0,0.0,0.0,0.0,1.0,0.0,0.0,1.0,1.0,0.0,0.0,0.0,0.0,0.0,0.7384723153292894,-0.8113275032017738,-0.22991839821962085,0.0648954475796536,0.7343919740363871,0.6144758960759343,-0.7016826129290754,1.323172947773761,0.8587677146583175,1.0622377820995896,-0.10687456204558105,-0.32807941691157433,0,0,0.0
0.0,0.0,0.0,0.0,1.0,0.0,0.0,0.0,0.0,1.0,0.0,0.0,0.0,0.0,1.0,1.0,0.0,0.0,0.0,0.0,0.0,0.0,0.0,-1.0243595775583405,-0.17087598107758953,-0.611525698169199,0.4711267313333542,-0.6947337355941398,1.1867867872449884,-1.4127873638072872,-1.3400399628745336,-0.30153320026594205,1.5552004800383892,-1.2184144689158998,-0.42632774195281503,0,1,1.0
0.0,0.0,0.0,1.0,0.0,0.0,1.0,0.0,0.0,0.0,0.0,0.0,0.0,0.0,0.0,0.0,0.0,0.0,0.0,0.0,1.0,0.0,0.0,0.1214811528186189,1.5551912028466872,-0.611525698169199,-1.1537984036814481,0.019829119221123678,0.7861691634266506,1.4316316397055602,1.323172947773761,-0.30153320026594205,-0.65608933642994,-1.4407224502899634,-0.5129552973655215,1,0,0.0
0.0,0.0,0.0,0.0,0.0,0.0,0.0,0.0,0.0,1.0,0.0,0.0,0.0,0.0,0.0,0.0,1.0,0.0,1.0,0.0,0.0,0.0,0.0,-0.8480763882695774,0.5711962695506073,-0.611525698169199,-1.1537984036814481,1.4489548288516505,0.3855515396083126,1.4316316397055602,-1.3400399628745336,-0.30153320026594205,-1.5363798684635106,0.6712033727636421,-0.6143729232145442,0,0,0.0
0.0,1.0,0.0,1.0,0.0,0.0,0.0,0.0,0.0,1.0,0.0,1.0,0.0,0.0,1.0,0.0,1.0,0.0,1.0,0.0,0.0,0.0,0.0,1.7080298564174856,1.4264738137055217,-1.3747402980683554,-0.341335836174047,-0.6947337355941398,0.09939609402378552,0.7205268888273483,-1.3400399628745336,-0.8816836577280718,0.5622327599045215,-1.2184144689158998,-1.5091721846116488,1,1,1.0
0.0,0.0,0.0,0.0,0.0,0.0,0.0,1.0,0.0,0.0,0.0,0.0,0.0,0.0,0.0,0.0,1.0,0.0,0.0,0.0,0.0,1.0,0.0,1.4436050724843412,0.46657213529996755,1.2965108015786917,0.4711267313333542,-0.6947337355941398,-0.015066084210025312,-1.4127873638072872,-1.3400399628745336,0.27861725719618774,0.47068254457303027,0.8935113541377058,1.3579886128284249,1,0,0.0
1.0,0.0,1.0,0.0,0.0,0.0,0.0,0.0,0.0,0.0,1.0,0.0,0.0,0.0,1.0,0.0,1.0,0.0,0.0,0.0,1.0,0.0,0.0,-0.759934793625196,0.1081767176887067,1.67811810152827,1.689820582594456,-1.4092965904094032,-1.1596878665481336,-1.4127873638072872,1.323172947773761,-1.4618341151902017,-1.092713440318591,1.560435298259897,1.6347742167080486,1,1,1.0
0.0,0.0,0.0,0.0,0.0,0.0,0.0,0.0,0.0,1.0,1.0,0.0,0.0,0.0,1.0,1.0,0.0,0.0,0.0,0.0,1.0,0.0,0.0,0.47404753139614486,-1.5479210136767827,0.5332962016795355,0.8773580150870548,-0.6947337355941398,-0.5873769753790795,0.009422137949136454,0.43543531089099613,0.8587677146583175,-0.07157642315964913,1.560435298259897,0.48220515627801175,0,0,0.0
1.0,0.0,0.0,0.0,0.0,1.0,0.0,0.0,1.0,0.0,0.0,0.0,0.0,0.0,0.0,0.0,0.0,0.0,0.0,1.0,0.0,0.0,0.0,-1.3769259561358664,0.4747242366122414,-1.3747402980683554,-0.7475671199277476,-1.4092965904094032,0.843400252543556,-1.4127873638072872,1.323172947773761,1.4389181721204474,-0.3955233389480032,0.7823573634506739,-1.4827613445467993,1,1,1.0
0.0,1.0,0.0,1.0,0.0,0.0,1.0,0.0,0.0,0.0,0.0,1.0,0.0,0.0,0.0,0.0,1.0,0.0,0.0,1.0,0.0,0.0,0.0,-1.5532091454246293,-0.4435918237630899,-0.9931329981187772,-0.341335836174047,-0.6947337355941398,0.44278262872521806,0.7205268888273483,1.323172947773761,0.8587677146583175,-1.092713440318591,-0.7737985061677722,-0.8446754485800326,1,0,0.0
1.0,0.0,0.0,1.0,0.0,0.0,0.0,0.0,1.0,0.0,0.0,0.0,0.0,0.0,1.0,0.0,1.0,0.0,0.0,1.0,0.0,0.0,0.0,0.7384723153292894,-0.0186924217622268,-0.22991839821962085,-0.7475671199277476,-1.4092965904094032,0.3283204504914072,-0.7016826129290754,-1.3400399628745336,-1.4618341151902017,1.653793019626149,1.560435298259897,-0.296386408833755,1,1,1.0
1.0,0.0,0.0,0.0,0.0,0.0,0.0,0.0,0.0,1.0,0.0,1.0,0.0,0.0,0.0,1.0,0.0,0.0,1.0,0.0,0.0,0.0,0.0,-1.5532091454246293,-0.8295129599753077,-0.9931329981187772,-0.7475671199277476,1.4489548288516505,-1.33138113389885,-1.4127873638072872,0.43543531089099613,-0.8816836577280718,1.0692801063558584,0.6712033727636421,-0.9027792967227019,0,0,0.0
0.0,1.0,0.0,0.0,0.0,0.0,0.0,1.0,0.0,0.0,0.0,0.0,1.0,0.0,0.0,0.0,1.0,0.0,1.0,0.0,0.0,0.0,0.0,-1.5532091454246293,1.5741687666303206,-0.611525698169199,-0.7475671199277476,0.019829119221123678,1.1867867872449884,0.009422137949136454,0.43543531089099613,-1.4618341151902017,0.21715887134736186,0.4488953913895783,-0.6767025057675892,0,0,0.0
0.0,1.0,0.0,1.0,0.0,0.0,1.0,0.0,0.0,0.0,0.0,0.0,0.0,1.0,0.0,0.0,1.0,0.0,0.0,0.0,0.0,0.0,1.0,0.47404753139614486,0.8179045987378414,-0.611525698169199,0.4711267313333542,-0.6947337355941398,-1.1024567774312282,1.4316316397055602,1.323172947773761,-0.8816836577280718,-1.318067816519185,0.33774140070254643,-0.758047893167326,0,0,0.0
0.0,0.0,0.0,0.0,0.0,1.0,0.0,1.0,0.0,0.0,0.0,0.0,0.0,0.0,1.0,0.0,1.0,0.0,0.0,0.0,1.0,0.0,0.0,0.2977643421073819,-0.6658768534722567,-0.22991839821962085,0.8773580150870548,1.4489548288516505,-0.9307635100805121,-1.4127873638072872,0.43543531089099613,-0.8816836577280718,-1.5997607867699275,0.7823573634506739,-0.04601164501898049,0,0,0.0
0.0,0.0,0.0,0.0,1.0,0.0,0.0,0.0,0.0,1.0,1.0,0.0,0.0,0.0,0.0,0.0,0.0,0.0,1.0,0.0,0.0,0.0,0.0,-1.3769259561358664,-0.7460776882448291,0.9149035016291136,1.689820582594456,1.4489548288516505,0.7289380743097451,1.4316316397055602,1.323172947773761,-0.8816836577280718,0.47772486882929893,-1.107260478228868,0.9259072693674849,0,0,0.0
0.0,0.0,1.0,0.0,0.0,0.0,0.0,0.0,1.0,0.0,1.0,0.0,0.0,0.0,0.0,0.0,0.0,0.0,0.0,0.0,0.0,0.0,1.0,1.0028970992624338,-0.9506723280617742,-0.22991839821962085,0.8773580150870548,1.4489548288516505,1.4157111437126102,1.4316316397055602,1.323172947773761,-1.4618341151902017,0.9847722152806353,-1.6630304316640272,-0.07136605148123601,1,0,0.0
1.0,0.0,0.0,0.0,0.0,0.0,1.0,0.0,0.0,0.0,0.0,0.0,1.0,0.0,1.0,0.0,0.0,0.0,0.0,0.0,0.0,0.0,1.0,-1.0243595775583405,0.7641733398860933,-0.9931329981187772,-1.1537984036814481,1.4489548288516505,-1.3886122230157554,-0.7016826129290754,0.43543531089099613,1.4389181721204474,-1.3532794378005277,-1.4407224502899634,-0.9154564999538296,0,1,1.0
0.0,1.0,0.0,0.0,0.0,1.0,0.0,1.0,0.0,0.0,0.0,1.0,0.0,0.0,1.0,0.0,1.0,1.0,0.0,0.0,0.0,0.0,0.0,-0.936217982913959,0.31079108998040306,-0.611525698169199,-0.341335836174047,1.4489548288516505,0.7861691634266506,-1.4127873638072872,-1.3400399628745336,-0.8816836577280718,-0.5082005270483001,1.0046653448247376,-0.5425354382381531,1,0,0.0
1.0,0.0,0.0,0.0,0.0,1.0,1.0,0.0,0.0,0.0,0.0,0.0,1.0,0.0,1.0,0.0,0.0,0.0,0.0,0.0,0.0,0.0,0.0,0.8266139099736708,0.0921365507341922,0.5332962016795355,-1.1537984036814481,0.019829119221123678,0.6144758960759343,0.009422137949136454,0.43543531089099613,-0.30153320026594205,1.4354809676818239,-0.21802855273261293,0.6977176112071846,1,0,0.0
0.0,0.0,0.0,0.0,0.0,1.0,0.0,1.0,0.0,0.0,0.0,0.0,1.0,0.0,1.0,1.0,0.0,0.0,0.0,0.0,0.0,0.0,0.0,-0.4955100096920515,0.3096029294652538,-0.22991839821962085,-1.1537984036814481,-0.6947337355941398,1.530173321946421,0.7205268888273483,-0.4523023259917688,0.27861725719618774,-1.3251101407754537,1.0046653448247376,-0.23511325988330373,0,1,1.0
1.0,0.0,0.0,0.0,0.0,0.0,0.0,0.0,0.0,1.0,1.0,0.0,0.0,0.0,0.0,0.0,0.0,0.0,0.0,0.0,1.0,0.0,0.0,-1.3769259561358664,-0.4998974303976613,0.1516889017299573,1.2835892988407553,0.019829119221123678,-0.7590702427297957,-1.4127873638072872,1.323172947773761,-1.4618341151902017,-0.7476395517614314,0.22658741001551455,0.01209220312368871,0,0,0.0
1.0,0.0,0.0,1.0,0.0,0.0,0.0,0.0,0.0,1.0,0.0,0.0,1.0,0.0,1.0,0.0,0.0,0.0,0.0,0.0,0.0,0.0,0.0,0.033339558174237414,-0.8487215549702202,-0.611525698169199,-0.341335836174047,0.019829119221123678,0.09939609402378552,-1.4127873638072872,0.43543531089099613,-0.30153320026594205,0.08335471047825925,0.6712033727636421,-0.5161245981733035,0,0,0.0
1.0,0.0,0.0,1.0,0.0,0.0,0.0,1.0,0.0,0.0,0.0,0.0,0.0,0.0,1.0,1.0,0.0,0.0,1.0,0.0,0.0,0.0,0.0,1.5317466671287228,-0.8857525576923708,0.9149035016291136,0.8773580150870548,-0.6947337355941398,-0.015066084210025312,1.4316316397055602,0.43543531089099613,0.8587677146583175,-1.1138404130873967,-0.6626445154807404,0.7748372641965454,0,1,1.0
1.0,0.0,1.0,0.0,0.0,0.0,0.0,0.0,0.0,0.0,1.0,0.0,0.0,0.0,1.0,0.0,0.0,0.0,0.0,0.0,1.0,0.0,0.0,-1.288784361491485,-1.1367184620588897,0.5332962016795355,-0.341335836174047,0.019829119221123678,-1.5603054903664717,-0.7016826129290754,-0.4523023259917688,0.27861725719618774,-1.613845435282465,-0.7737985061677722,0.6512345326930492,1,0,0.0
0.0,1.0,1.0,0.0,0.0,0.0,0.0,0.0,0.0,0.0,0.0,0.0,0.0,0.0,0.0,0.0,1.0,0.0,0.0,0.0,0.0,0.0,0.0,-1.2006427668471034,0.2085102723013076,-1.3747402980683554,-0.341335836174047,0.7343919740363871,0.5572448069590289,-1.4127873638072872,1.323172947773761,1.4389181721204474,1.6044967498322693,-0.7737985061677722,-1.352820011427739,0,0,0.0
0.0,1.0,0.0,0.0,0.0,0.0,0.0,0.0,1.0,0.0,0.0,1.0,0.0,0.0,0.0,0.0,0.0,1.0,0.0,0.0,0.0,0.0,0.0,-0.936217982913959,0.6796489210167279,-0.611525698169199,-0.341335836174047,1.4489548288516505,0.3283204504914072,0.7205268888273483,0.43543531089099613,-1.4618341151902017,0.40025930201034465,1.3381273168858332,-0.6629688689338675,0,0,0.0
0.0,0.0,0.0,0.0,1.0,0.0,0.0,0.0,1.0,0.0,0.0,0.0,0.0,1.0,1.0,0.0,1.0,1.0,0.0,0.0,0.0,0.0,0.0,-0.4955100096920515,-1.3402239547369479,-0.22991839821962085,0.0648954475796536,0.7343919740363871,-0.243990440677647,0.009422137949136454,-1.3400399628745336,-1.4618341151902017,0.18194725006601906,-0.21802855273261293,-0.27737060398706326,1,1,1.0
0.0,1.0,0.0,0.0,0.0,1.0,1.0,0.0,0.0,0.0,0.0,0.0,0.0,0.0,1.0,1.0,0.0,0.0,0.0,1.0,0.0,0.0,0.0,-0.583651604336433,0.14062010064403127,-0.9931329981187772,-1.1537984036814481,-0.6947337355941398,-0.3012215297945524,-1.4127873638072872,1.323172947773761,1.4389181721204474,-0.8744013883742655,-0.7737985061677722,-1.104558114818153,1,1,1.0
1.0,0.0,0.0,0.0,0.0,0.0,0.0,0.0,1.0,0.0,0.0,0.0,1.0,0.0,1.0,1.0,0.0,0.0,0.0,0.0,0.0,0.0,1.0,-0.14294363111452557,-0.5442224185044781,-0.611525698169199,0.0648954475796536,-1.4092965904094032,0.21385827225759635,0.7205268888273483,1.323172947773761,-0.30153320026594205,-0.5997507423797914,-1.107260478228868,-0.6428966304845818,0,0,0.0
0.0,1.0,0.0,0.0,0.0,1.0,0.0,0.0,1.0,0.0,0.0,1.0,0.0,0.0,1.0,1.0,0.0,0.0,0.0,0.0,0.0,0.0,1.0,-0.583651604336433,-1.5176889294579858,-0.611525698169199,0.4711267313333542,0.019829119221123678,1.3584800545957048,-0.7016826129290754,-0.4523023259917688,1.4389181721204474,0.5904020569295961,-0.32918254341964476,-0.7770636980140178,0,1,1.0
0.0,1.0,0.0,0.0,1.0,0.0,1.0,0.0,0.0,0.0,0.0,0.0,1.0,0.0,0.0,0.0,1.0,0.0,0.0,0.0,1.0,0.0,0.0,0.1214811528186189,0.912033315104663,-1.7563475980179335,-0.7475671199277476,1.4489548288516505,-0.12952826244383614,-0.7016826129290754,1.323172947773761,-0.8816836577280718,0.9143489727179497,-1.5518764409769954,-1.701443100283754,0,0,0.0
1.0,0.0,0.0,0.0,0.0,1.0,0.0,0.0,0.0,1.0,1.0,0.0,0.0,0.0,1.0,0.0,1.0,0.0,0.0,0.0,0.0,1.0,0.0,-0.4955100096920515,-1.0583328725177952,0.1516889017299573,0.8773580150870548,-1.4092965904094032,0.3283204504914072,-1.4127873638072872,-1.3400399628745336,0.8587677146583175,-0.45186193299815175,-1.3295684596029316,0.32057081508113205,0,0,0.0
0.0,0.0,0.0,0.0,0.0,0.0,1.0,0.0,0.0,0.0,0.0,0.0,0.0,1.0,0.0,0.0,0.0,0.0,0.0,0.0,1.0,0.0,0.0,1.3554634778399597,0.9274463973428487,0.5332962016795355,1.689820582594456,0.7343919740363871,-0.015066084210025312,-0.7016826129290754,0.43543531089099613,-1.4618341151902017,0.8861796756928755,-0.5514905247937085,0.3691667608004554,0,0,0.0
0.0,0.0,0.0,1.0,0.0,0.0,0.0,0.0,1.0,0.0,1.0,0.0,0.0,0.0,1.0,1.0,0.0,0.0,0.0,0.0,0.0,0.0,1.0,-0.14294363111452557,-0.01337870390280945,-0.22991839821962085,0.4711267313333542,0.7343919740363871,-1.045225688314323,0.009422137949136454,-0.4523023259917688,-0.8816836577280718,0.35096303221646474,0.7823573634506739,-0.14742927086800292,0,0,0.0
0.0,1.0,0.0,0.0,1.0,0.0,1.0,0.0,0.0,0.0,0.0,0.0,1.0,0.0,0.0,0.0,0.0,0.0,0.0,1.0,0.0,0.0,0.0,-1.2006427668471034,-1.2628945078759861,-0.22991839821962085,0.0648954475796536,-0.6947337355941398,0.5000137178421235,-0.7016826129290754,1.323172947773761,-1.4618341151902017,-1.254686898212768,1.0046653448247376,-0.34075662014270225,1,0,0.0
0.0,0.0,0.0,0.0,1.0,0.0,0.0,0.0,1.0,0.0,0.0,0.0,1.0,0.0,0.0,0.0,0.0,0.0,0.0,0.0,0.0,0.0,1.0,0.3859059367517634,0.8521962313833981,-1.7563475980179335,-1.1537984036814481,1.4489548288516505,-1.216918955665039,0.7205268888273483,-0.4523023259917688,-0.8816836577280718,1.1749149701998867,0.004279428641450823,-1.6782015610266865,0,0,0.0
0.0,1.0,0.0,0.0,1.0,0.0,1.0,0.0,0.0,0.0,0.0,0.0,0.0,1.0,1.0,1.0,0.0,0.0,1.0,0.0,0.0,0.0,0.0,0.9147555046180523,0.5766090007862871,1.2965108015786917,0.8773580150870548,1.4489548288516505,1.3012489654787993,0.009422137949136454,-0.4523023259917688,-0.30153320026594205,-1.2969408437503795,-0.996106487541836,1.2005800060419212,0,0,0.0
0.0,0.0,0.0,0.0,0.0,1.0,0.0,1.0,0.0,0.0,0.0,1.0,0.0,0.0,0.0,1.0,0.0,0.0,0.0,0.0,0.0,1.0,0.0,0.6503307206849078,-0.6930065185681639,-1.3747402980683554,-0.341335836174047,1.4489548288516505,-0.3012215297945524,0.7205268888273483,-0.4523023259917688,0.27861725719618774,0.9847722152806353,0.7823573634506739,-1.2038628734619874,0,0,0.0
1.0,0.0,0.0,0.0,1.0,0.0,0.0,0.0,0.0,0.0,1.0,0.0,0.0,0.0,0.0,1.0,0.0,1.0,0.0,0.0,0.0,0.0,0.0,-1.465067550780248,-0.20718088570714907,-1.3747402980683554,-1.1537984036814481,0.019829119221123678,1.5874044110633263,0.009422137949136454,-0.4523023259917688,0.8587677146583175,0.2805397896537791,-0.21802855273261293,-1.2535152527839046,0,0,0.0
1.0,0.0,1.0,0.0,0.0,0.0,0.0,1.0,0.0,0.0,0.0,0.0,0.0,0.0,1.0,1.0,0.0,0.0,0.0,0.0,0.0,0.0,1.0,0.2977643421073819,-0.4756721576721189,0.5332962016795355,-1.1537984036814481,1.4489548288516505,-0.7018391536128903,1.4316316397055602,1.323172947773761,-0.30153320026594205,-0.8321474428366541,-0.10687456204558105,0.4410042457768462,0,0,0.0
0.0,0.0,1.0,0.0,0.0,0.0,0.0,0.0,0.0,0.0,1.0,0.0,0.0,0.0,1.0,0.0,0.0,0.0,0.0,1.0,0.0,0.0,0.0,0.6503307206849078,0.31197925049555225,-0.22991839821962085,0.8773580150870548,0.019829119221123678,1.3584800545957048,1.4316316397055602,-1.3400399628745336,0.8587677146583175,-0.19129593551621468,-0.6626445154807404,-0.35765955778420594,1,1,1.0
1.0,0.0,0.0,0.0,0.0,1.0,0.0,0.0,1.0,0.0,0.0,0.0,0.0,0.0,1.0,1.0,0.0,0.0,0.0,0.0,0.0,1.0,0.0,-0.8480763882695774,-0.6060067652922376,-1.7563475980179335,-1.1537984036814481,-1.4092965904094032,0.3855515396083126,-1.4127873638072872,0.43543531089099613,-1.4618341151902017,-1.0152478734996369,-0.32918254341964476,-1.7426440107849195,0,0,0.0
1.0,0.0,0.0,1.0,0.0,0.0,0.0,1.0,0.0,0.0,1.0,0.0,0.0,0.0,1.0,1.0,0.0,0.0,0.0,1.0,0.0,0.0,0.0,-0.8480763882695774,0.612088793946993,-0.22991839821962085,0.8773580150870548,1.4489548288516505,-1.3886122230157554,0.009422137949136454,-0.4523023259917688,-0.8816836577280718,0.9213912969742183,0.33774140070254643,-0.09672045794349188,1,0,0.0
1.0,0.0,0.0,0.0,1.0,0.0,0.0,0.0,0.0,0.0,0.0,0.0,1.0,0.0,1.0,1.0,0.0,1.0,0.0,0.0,0.0,0.0,0.0,-1.5532091454246293,-0.2550043464419052,-1.7563475980179335,-0.7475671199277476,1.4489548288516505,0.3855515396083126,-0.7016826129290754,1.323172947773761,-0.8816836577280718,-0.12087269295352902,1.0046653448247376,-1.6074205096528893,0,0,0.0
0.0,0.0,0.0,0.0,0.0,1.0,0.0,1.0,0.0,0.0,0.0,0.0,1.0,0.0,0.0,0.0,0.0,0.0,0.0,0.0,1.0,0.0,0.0,-1.1125011722027218,-0.34824194242236495,0.9149035016291136,0.0648954475796536,0.019829119221123678,0.9006313416604614,1.4316316397055602,-0.4523023259917688,1.4389181721204474,-0.02228015336576922,-1.5518764409769954,0.7716679633887634,0,0,0.0
1.0,0.0,0.0,1.0,0.0,0.0,0.0,0.0,0.0,1.0,0.0,1.0,0.0,0.0,1.0,1.0,0.0,0.0,0.0,0.0,0.0,1.0,0.0,0.2977643421073819,1.6924237423464223,-1.3747402980683554,-0.341335836174047,1.4489548288516505,1.1867867872449884,1.4316316397055602,1.323172947773761,0.8587677146583175,0.5833597326733274,1.1158193355117696,-1.4700841413156713,0,0,0.0
0.0,1.0,0.0,1.0,0.0,0.0,0.0,0.0,0.0,0.0,0.0,1.0,0.0,0.0,0.0,0.0,0.0,1.0,0.0,0.0,0.0,0.0,0.0,-1.5532091454246293,1.368319957380718,0.1516889017299573,-0.341335836174047,-0.6947337355941398,0.7861691634266506,1.4316316397055602,0.43543531089099613,-1.4618341151902017,0.8861796756928755,-0.996106487541836,-0.03756017619822865,0,0,0.0
0.0,0.0,0.0,0.0,0.0,0.0,0.0,1.0,0.0,0.0,0.0,0.0,0.0,0.0,1.0,0.0,1.0,0.0,0.0,0.0,0.0,0.0,0.0,0.6503307206849078,0.7931512546722327,-0.22991839821962085,-1.1537984036814481,0.7343919740363871,0.09939609402378552,0.009422137949136454,0.43543531089099613,-0.30153320026594205,0.8157564331301899,1.3381273168858332,-0.22454892385736383,0,0,0.0
0.0,1.0,0.0,0.0,1.0,0.0,0.0,0.0,0.0,0.0,0.0,0.0,0.0,0.0,0.0,1.0,0.0,0.0,0.0,1.0,0.0,0.0,0.0,-1.3769259561358664,-1.7051872596402837,-0.611525698169199,0.0648954475796536,0.7343919740363871,-0.5873769753790795,1.4316316397055602,1.323172947773761,0.8587677146583175,-0.10678804444099195,1.4492813075728652,-0.5689462783030029,0,0,0.0
0.0,1.0,0.0,0.0,0.0,1.0,0.0,0.0,1.0,0.0,0.0,0.0,0.0,0.0,1.0,1.0,0.0,0.0,0.0,1.0,0.0,0.0,0.0,-0.23108522575890705,0.9234198533748431,0.1516889017299573,0.8773580150870548,1.4489548288516505,0.5000137178421235,0.7205268888273483,1.323172947773761,-0.30153320026594205,-0.7758088487865056,1.4492813075728652,0.0828732544974855,0,0,0.0
0.0,1.0,0.0,0.0,1.0,0.0,0.0,0.0,0.0,0.0,0.0,0.0,0.0,1.0,0.0,1.0,0.0,0.0,0.0,0.0,0.0,0.0,0.0,1.5317466671287228,0.09395179596567019,0.1516889017299573,1.2835892988407553,0.7343919740363871,-1.045225688314323,1.4316316397055602,-0.4523023259917688,0.8587677146583175,0.005889143659304936,1.4492813075728652,0.16950080991019228,0,0,0.0
0.0,1.0,0.0,0.0,0.0,0.0,1.0,0.0,0.0,0.0,0.0,1.0,0.0,0.0,0.0,1.0,0.0,0.0,1.0,0.0,0.0,0.0,0.0,-1.3769259561358664,0.2562017152010472,-1.3747402980683554,-0.7475671199277476,0.019829119221123678,-1.33138113389885,-1.4127873638072872,-0.4523023259917688,-0.30153320026594205,-1.430745004619482,1.4492813075728652,-1.2577409871942806,0,1,1.0
0.0,1.0,0.0,0.0,0.0,1.0,1.0,0.0,0.0,0.0,1.0,0.0,0.0,0.0,1.0,0.0,1.0,0.0,0.0,1.0,0.0,0.0,0.0,1.6198882617731043,-1.6857476334340922,0.1516889017299573,-0.341335836174047,0.7343919740363871,-0.8163013318467012,1.4316316397055602,1.323172947773761,0.8587677146583175,-0.6983432819675514,0.004279428641450823,0.30261144383703437,1,0,0.0
0.0,0.0,0.0,0.0,0.0,1.0,1.0,0.0,0.0,0.0,0.0,0.0,0.0,0.0,1.0,1.0,0.0,0.0,0.0,0.0,0.0,0.0,0.0,0.8266139099736708,1.2583160963531528,0.5332962016795355,0.8773580150870548,-1.4092965904094032,-0.12952826244383614,0.7205268888273483,1.323172947773761,-0.8816836577280718,1.3580154008628695,1.6715892889469288,0.4557943162131622,0,0,0.0
1.0,0.0,0.0,0.0,0.0,1.0,0.0,0.0,0.0,0.0,0.0,0.0,0.0,0.0,0.0,0.0,0.0,0.0,0.0,0.0,0.0,0.0,0.0,0.2096227474630004,0.46327168942455305,-0.9931329981187772,-0.341335836174047,-1.4092965904094032,-0.243990440677647,0.009422137949136454,0.43543531089099613,0.8587677146583175,1.1256187004060065,-1.5518764409769954,-1.0570186027014234,0,0,0.0
1.0,0.0,0.0,0.0,0.0,1.0,1.0,0.0,0.0,0.0,0.0,0.0,0.0,0.0,0.0,1.0,0.0,0.0,0.0,0.0,0.0,0.0,0.0,0.5621891260405263,0.8262547268026401,0.5332962016795355,-0.341335836174047,1.4489548288516505,0.5572448069590289,-1.4127873638072872,1.323172947773761,0.8587677146583175,-0.29693079936024314,0.22658741001551455,0.528688234792147,0,0,0.0
1.0,0.0,0.0,0.0,0.0,1.0,0.0,0.0,0.0,1.0,0.0,0.0,0.0,1.0,0.0,0.0,0.0,0.0,0.0,0.0,0.0,1.0,0.0,-0.936217982913959,-0.436792905259736,-1.3747402980683554,-0.7475671199277476,-0.6947337355941398,0.843400252543556,0.009422137949136454,1.323172947773761,-0.30153320026594205,-0.70538560622382,-1.2184144689158998,-1.2587974207968744,0,0,0.0
0.0,0.0,1.0,0.0,0.0,0.0,0.0,0.0,0.0,0.0,0.0,0.0,0.0,0.0,1.0,0.0,1.0,0.0,0.0,0.0,0.0,0.0,0.0,0.7384723153292894,1.4920206687912536,-1.7563475980179335,-1.1537984036814481,-1.4092965904094032,-0.9879945991974174,-0.7016826129290754,-1.3400399628745336,0.8587677146583175,0.43547092329168746,1.2269733261988014,-1.6792579946292803,1,0,0.0
1.0,0.0,0.0,1.0,0.0,0.0,1.0,0.0,0.0,0.0,1.0,0.0,0.0,0.0,1.0,0.0,0.0,1.0,0.0,0.0,0.0,0.0,0.0,-1.5532091454246293,-1.5201642638645467,-0.9931329981187772,-1.1537984036814481,-0.6947337355941398,0.09939609402378552,-0.7016826129290754,1.323172947773761,0.8587677146583175,-0.9518669551932197,-0.21802855273261293,-0.8848199254786041,0,1,1.0
0.0,0.0,0.0,0.0,0.0,1.0,0.0,0.0,0.0,0.0,0.0,1.0,0.0,0.0,1.0,1.0,0.0,0.0,0.0,0.0,1.0,0.0,0.0,0.8266139099736708,-0.6219479188704896,0.1516889017299573,0.8773580150870548,0.019829119221123678,-1.4458433121326608,1.4316316397055602,-1.3400399628745336,0.8587677146583175,-0.32510009638531756,-0.21802855273261293,0.11562269617789918,1,1,1.0
1.0,0.0,0.0,1.0,0.0,0.0,0.0,0.0,0.0,1.0,1.0,0.0,0.0,0.0,0.0,1.0,0.0,0.0,1.0,0.0,0.0,0.0,0.0,0.8266139099736708,0.7953295489500062,-1.3747402980683554,-1.1537984036814481,0.7343919740363871,-0.12952826244383614,1.4316316397055602,-0.4523023259917688,0.8587677146583175,0.9495605939992925,0.004279428641450823,-1.5197365206375888,1,0,0.0
1.0,0.0,0.0,0.0,0.0,1.0,0.0,0.0,0.0,0.0,0.0,0.0,0.0,0.0,1.0,1.0,0.0,0.0,0.0,0.0,0.0,0.0,0.0,1.5317466671287228,-0.758817409323929,-1.3747402980683554,-0.341335836174047,0.7343919740363871,1.4729422328295156,-1.4127873638072872,-1.3400399628745336,-1.4618341151902017,-0.8321474428366541,0.004279428641450823,-1.3084498001187919,1,0,0.0
0.0,1.0,0.0,0.0,0.0,0.0,0.0,0.0,1.0,0.0,0.0,0.0,1.0,0.0,1.0,0.0,1.0,0.0,0.0,0.0,0.0,0.0,1.0,0.1214811528186189,1.0809171305496232,0.9149035016291136,0.0648954475796536,0.7343919740363871,-0.015066084210025312,0.009422137949136454,1.323172947773761,1.4389181721204474,-0.36031171766666037,-1.107260478228868,0.9132300661363573,0,0,0.0
0.0,1.0,0.0,0.0,0.0,1.0,0.0,1.0,0.0,0.0,1.0,0.0,0.0,0.0,0.0,1.0,0.0,0.0,0.0,0.0,1.0,0.0,0.0,0.5621891260405263,0.3166328791798867,0.5332962016795355,-0.341335836174047,-0.6947337355941398,1.5874044110633263,0.009422137949136454,1.323172947773761,-1.4618341151902017,-0.8603167398617284,-1.4407224502899634,0.5572119420621846,0,0,0.0
1.0,0.0,1.0,0.0,0.0,0.0,0.0,1.0,0.0,0.0,0.0,0.0,0.0,0.0,1.0,0.0,1.0,0.0,0.0,0.0,0.0,1.0,0.0,1.4436050724843412,1.579713515701017,1.2965108015786917,1.2835892988407553,-0.6947337355941398,1.6446355001802317,-1.4127873638072872,-0.4523023259917688,-0.8816836577280718,1.1960419429686922,0.8935113541377058,1.461519105882635,0,1,1.0
0.0,0.0,1.0,0.0,0.0,0.0,0.0,0.0,0.0,0.0,0.0,0.0,0.0,1.0,0.0,1.0,0.0,0.0,1.0,0.0,0.0,0.0,0.0,0.7384723153292894,0.25402342092327357,-0.611525698169199,0.0648954475796536,-0.6947337355941398,1.3584800545957048,1.4316316397055602,-0.4523023259917688,1.4389181721204474,0.2312435198598992,0.33774140070254643,-0.4400613787865366,0,0,0.0
0.0,0.0,1.0,0.0,0.0,0.0,0.0,0.0,1.0,0.0,0.0,0.0,1.0,0.0,1.0,0.0,0.0,0.0,0.0,0.0,0.0,1.0,0.0,-1.3769259561358664,1.592453236780117,-0.22991839821962085,-1.1537984036814481,0.019829119221123678,0.3855515396083126,0.7205268888273483,1.323172947773761,-1.4618341151902017,-1.4589143016445563,1.1158193355117696,-0.18863018136916843,1,0,0.0
0.0,0.0,1.0,0.0,0.0,0.0,0.0,0.0,0.0,1.0,0.0,0.0,1.0,0.0,0.0,0.0,0.0,0.0,0.0,0.0,0.0,1.0,0.0,-0.054802036470144075,0.2867968484661396,0.9149035016291136,0.4711267313333542,-0.6947337355941398,1.3584800545957048,-0.7016826129290754,0.43543531089099613,1.4389181721204474,-0.8180627943241171,-1.5518764409769954,0.98295468390756,1,1,1.0
1.0,0.0,0.0,0.0,0.0,1.0,0.0,0.0,1.0,0.0,0.0,0.0,1.0,0.0,1.0,1.0,0.0,0.0,0.0,0.0,1.0,0.0,0.0,0.2096227474630004,-0.1357262325044251,0.5332962016795355,-0.341335836174047,-0.6947337355941398,1.530173321946421,1.4316316397055602,1.323172947773761,-0.8816836577280718,1.0692801063558584,0.7823573634506739,0.39557760086530497,0,0,0.0
1.0,0.0,0.0,0.0,1.0,0.0,1.0,0.0,0.0,0.0,0.0,1.0,0.0,0.0,1.0,1.0,0.0,0.0,0.0,1.0,0.0,0.0,0.0,-1.2006427668471034,0.8241094369836207,-1.3747402980683554,-0.341335836174047,1.4489548288516505,-0.7590702427297957,0.7205268888273483,0.43543531089099613,-0.30153320026594205,-1.416660356106945,-0.7737985061677722,-1.230273713526837,1,0,0.0
0.0,0.0,0.0,0.0,0.0,0.0,0.0,0.0,1.0,0.0,0.0,0.0,0.0,1.0,0.0,0.0,0.0,0.0,1.0,0.0,0.0,0.0,0.0,1.0910386939068153,0.09936452720134997,1.67811810152827,2.5022831501018574,-1.4092965904094032,-1.6175365794833771,1.4316316397055602,1.323172947773761,1.4389181721204474,1.3087191310689894,0.004279428641450823,1.663297923978086,0,1,1.0
0.0,1.0,0.0,0.0,0.0,1.0,0.0,1.0,0.0,0.0,0.0,1.0,0.0,0.0,1.0,0.0,1.0,0.0,0.0,0.0,1.0,0.0,0.0,-0.6717931989808145,1.5781953105983264,0.1516889017299573,1.2835892988407553,0.019829119221123678,-1.3886122230157554,1.4316316397055602,-1.3400399628745336,1.4389181721204474,1.6819623166512236,-0.8849524968548041,0.060688148843012046,1,1,1.0
1.0,0.0,0.0,0.0,0.0,1.0,0.0,0.0,1.0,0.0,0.0,0.0,1.0,0.0,0.0,0.0,1.0,0.0,0.0,0.0,1.0,0.0,0.0,0.6503307206849078,1.5684259908070994,0.1516889017299573,0.0648954475796536,0.7343919740363871,1.1867867872449884,1.4316316397055602,0.43543531089099613,0.8587677146583175,1.4706925889631666,0.33774140070254643,0.1631622082946285,0,0,0.0
1.0,0.0,0.0,0.0,0.0,1.0,0.0,0.0,0.0,0.0,0.0,0.0,1.0,0.0,1.0,0.0,0.0,1.0,0.0,0.0,0.0,0.0,0.0,-0.14294363111452557,-1.2756342289550862,-1.7563475980179335,-0.7475671199277476,-1.4092965904094032,1.7018665892971372,0.009422137949136454,0.43543531089099613,0.8587677146583175,-0.19129593551621468,0.1154334193284827,-1.5841789703958216,1,0,0.0
1.0,0.0,1.0,0.0,0.0,0.0,0.0,0.0,1.0,0.0,0.0,0.0,1.0,0.0,0.0,0.0,1.0,0.0,0.0,0.0,1.0,0.0,0.0,-0.40736841504767,-0.3052701371244681,-0.9931329981187772,-0.341335836174047,0.019829119221123678,1.4729422328295156,0.009422137949136454,1.323172947773761,0.8587677146583175,1.379142373631675,-0.32918254341964476,-0.817208174912589,0,0,0.0
0.0,0.0,0.0,0.0,1.0,0.0,0.0,0.0,0.0,1.0,0.0,0.0,0.0,0.0,0.0,0.0,1.0,0.0,0.0,1.0,0.0,0.0,0.0,0.5621891260405263,1.637504322979525,-0.611525698169199,-1.1537984036814481,0.7343919740363871,1.1867867872449884,-0.7016826129290754,-1.3400399628745336,-0.8816836577280718,-0.24763452956636323,0.8935113541377058,-0.5795106143289425,0,0,0.0
1.0,0.0,0.0,1.0,0.0,0.0,0.0,0.0,1.0,0.0,0.0,0.0,0.0,1.0,1.0,0.0,0.0,0.0,0.0,0.0,1.0,0.0,0.0,-0.6717931989808145,-0.7781250176951039,1.2965108015786917,2.0960518663481564,1.4489548288516505,0.09939609402378552,0.7205268888273483,1.323172947773761,-0.8816836577280718,1.5411158315258522,-1.107260478228868,1.4604626722800413,0,0,0.0
1.0,0.0,1.0,0.0,0.0,0.0,0.0,0.0,0.0,0.0,0.0,1.0,0.0,0.0,1.0,0.0,0.0,0.0,1.0,0.0,0.0,0.0,0.0,-0.8480763882695774,-0.9423552044557296,0.5332962016795355,-0.7475671199277476,0.019829119221123678,0.21385827225759635,0.009422137949136454,1.323172947773761,-1.4618341151902017,0.5833597326733274,1.6715892889469288,0.6945483103994025,0,0,0.0
0.0,0.0,0.0,0.0,1.0,0.0,0.0,0.0,0.0,0.0,0.0,0.0,0.0,0.0,0.0,0.0,0.0,0.0,0.0,1.0,0.0,0.0,0.0,1.5317466671287228,0.615521257657424,-0.22991839821962085,0.4711267313333542,-0.6947337355941398,0.7861691634266506,0.7205268888273483,1.323172947773761,-0.30153320026594205,-1.226517601187694,-0.7737985061677722,-0.27314486957668715,1,0,0.0
0.0,1.0,0.0,1.0,0.0,0.0,1.0,0.0,0.0,0.0,0.0,1.0,0.0,0.0,1.0,0.0,0.0,0.0,0.0,1.0,0.0,0.0,0.0,-0.936217982913959,1.053358407489912,-0.22991839821962085,-0.7475671199277476,-0.6947337355941398,0.3283204504914072,-1.4127873638072872,-0.4523023259917688,0.27861725719618774,0.9425182697430243,1.2269733261988014,-0.1696143765224767,1,1,1.0
0.0,1.0,0.0,0.0,0.0,1.0,0.0,0.0,1.0,0.0,0.0,0.0,0.0,1.0,0.0,1.0,0.0,0.0,0.0,0.0,0.0,1.0,0.0,-0.8480763882695774,1.5067736618543566,0.1516889017299573,0.0648954475796536,0.019829119221123678,-1.5603054903664717,-0.7016826129290754,1.323172947773761,0.27861725719618774,1.1678726459436182,0.1154334193284827,0.08392968810007952,0,0,0.0
1.0,0.0,0.0,0.0,1.0,0.0,0.0,1.0,0.0,0.0,0.0,0.0,0.0,1.0,0.0,0.0,1.0,0.0,0.0,0.0,1.0,0.0,0.0,-0.6717931989808145,0.5701731313292289,-0.22991839821962085,-0.341335836174047,-0.6947337355941398,-0.3584526189114578,0.009422137949136454,0.43543531089099613,-0.8816836577280718,1.0481531335870529,-0.6626445154807404,-0.360828858591988,0,1,1.0
1.0,0.0,0.0,0.0,0.0,1.0,0.0,0.0,0.0,0.0,1.0,0.0,0.0,0.0,1.0,0.0,1.0,1.0,0.0,0.0,0.0,0.0,0.0,-1.1125011722027218,-1.2427617880359576,-0.22991839821962085,-0.7475671199277476,0.7343919740363871,1.1867867872449884,0.009422137949136454,1.323172947773761,-0.30153320026594205,1.5974544255760006,0.5600493820766101,-0.08509968831495797,0,1,1.0
0.0,1.0,0.0,1.0,0.0,0.0,1.0,0.0,0.0,0.0,0.0,0.0,1.0,0.0,0.0,0.0,1.0,1.0,0.0,0.0,0.0,0.0,0.0,-0.8480763882695774,-1.188007390962831,-1.3747402980683554,-1.1537984036814481,0.019829119221123678,0.44278262872521806,-0.7016826129290754,0.43543531089099613,0.27861725719618774,0.18194725006601906,-1.4407224502899634,-1.3179577025421376,0,0,0.0
1.0,0.0,0.0,0.0,0.0,0.0,1.0,0.0,0.0,0.0,0.0,0.0,0.0,1.0,0.0,0.0,0.0,0.0,0.0,0.0,0.0,0.0,1.0,0.2977643421073819,1.5673368436682127,-0.9931329981187772,-1.1537984036814481,0.7343919740363871,1.4729422328295156,-0.7016826129290754,-0.4523023259917688,-1.4618341151902017,-1.205390628418888,-1.6630304316640272,-0.8256596437333409,1,1,1.0
0.0,1.0,0.0,0.0,0.0,1.0,0.0,0.0,0.0,1.0,1.0,0.0,0.0,0.0,0.0,0.0,1.0,0.0,0.0,0.0,0.0,0.0,1.0,-0.936217982913959,-1.3140514189449108,-0.22991839821962085,-1.1537984036814481,1.4489548288516505,0.3855515396083126,1.4316316397055602,-0.4523023259917688,1.4389181721204474,0.47068254457303027,0.1154334193284827,-0.3397001865401082,1,0,0.0
0.0,1.0,0.0,0.0,0.0,0.0,0.0,0.0,0.0,0.0,0.0,0.0,0.0,0.0,1.0,0.0,0.0,0.0,1.0,0.0,0.0,0.0,0.0,-0.14294363111452557,0.29848042686510695,-1.3747402980683554,-1.1537984036814481,1.4489548288516505,-1.5603054903664717,1.4316316397055602,1.323172947773761,-1.4618341151902017,-0.2898884751039747,1.4492813075728652,-1.2249915455138671,0,0,0.0
0.0,1.0,1.0,0.0,0.0,0.0,0.0,1.0,0.0,0.0,0.0,0.0,0.0,1.0,1.0,0.0,1.0,0.0,0.0,0.0,0.0,0.0,0.0,0.9147555046180523,1.119334320539448,-1.7563475980179335,-0.7475671199277476,0.019829119221123678,-0.7590702427297957,-1.4127873638072872,0.43543531089099613,-1.4618341151902017,1.7312585864451033,-0.996106487541836,-1.7204589051304457,0,0,0.0
0.0,1.0,0.0,0.0,0.0,1.0,0.0,0.0,0.0,1.0,1.0,0.0,0.0,0.0,0.0,0.0,1.0,0.0,0.0,0.0,0.0,1.0,0.0,0.9147555046180523,1.534398393831576,0.1516889017299573,0.4711267313333542,-0.6947337355941398,-1.6747676686002824,0.7205268888273483,1.323172947773761,1.4389181721204474,0.47772486882929893,0.5600493820766101,0.08181682089489148,0,1,1.0
0.0,0.0,1.0,0.0,0.0,0.0,0.0,0.0,0.0,0.0,0.0,0.0,1.0,0.0,1.0,1.0,0.0,1.0,0.0,0.0,0.0,0.0,0.0,1.0028970992624338,0.026556691189706036,-0.611525698169199,-0.7475671199277476,0.019829119221123678,-0.4729147971452687,1.4316316397055602,1.323172947773761,0.8587677146583175,0.393216977754076,-0.8849524968548041,-0.5214067661862737,1,0,0.0
0.0,0.0,1.0,0.0,0.0,0.0,0.0,1.0,0.0,0.0,0.0,1.0,0.0,0.0,1.0,0.0,1.0,1.0,0.0,0.0,0.0,0.0,0.0,-1.1125011722027218,-0.3240496741555766,-0.22991839821962085,0.0648954475796536,-0.6947337355941398,-0.5873769753790795,-0.7016826129290754,-0.4523023259917688,1.4389181721204474,0.9988568637931726,1.6715892889469288,-0.10305905955905567,1,1,1.0
0.0,1.0,1.0,0.0,0.0,0.0,0.0,0.0,0.0,0.0,0.0,0.0,0.0,0.0,1.0,0.0,0.0,0.0,0.0,0.0,0.0,1.0,0.0,-0.583651604336433,0.20359260794693998,-0.22991839821962085,0.0648954475796536,-1.4092965904094032,1.530173321946421,-1.4127873638072872,1.323172947773761,-0.8816836577280718,0.03405844068437934,0.4488953913895783,-0.32807941691157433,1,1,1.0
1.0,0.0,0.0,0.0,0.0,0.0,1.0,0.0,0.0,0.0,0.0,0.0,0.0,0.0,0.0,1.0,0.0,0.0,0.0,0.0,0.0,0.0,1.0,-0.4955100096920515,0.7983989636141418,1.2965108015786917,-0.7475671199277476,1.4489548288516505,0.3855515396083126,0.7205268888273483,1.323172947773761,1.4389181721204474,1.463650264706898,-1.2184144689158998,1.4118667265607177,0,0,0.0
0.0,1.0,0.0,0.0,1.0,0.0,0.0,0.0,1.0,0.0,0.0,0.0,0.0,0.0,1.0,0.0,1.0,0.0,0.0,0.0,1.0,0.0,0.0,1.5317466671287228,-0.011596463130085617,-0.22991839821962085,0.8773580150870548,-0.6947337355941398,1.3584800545957048,0.7205268888273483,-1.3400399628745336,-0.30153320026594205,-0.06453409890338072,-1.6630304316640272,-0.280539904794845,1,1,1.0
0.0,0.0,0.0,0.0,0.0,0.0,0.0,0.0,0.0,1.0,0.0,0.0,1.0,0.0,1.0,0.0,1.0,1.0,0.0,0.0,0.0,0.0,0.0,1.6198882617731043,0.6345318258998116,1.67811810152827,2.908514433855558,-1.4092965904094032,-0.41568370802836324,-0.7016826129290754,1.323172947773761,-0.30153320026594205,-0.4377772844856144,-0.32918254341964476,1.6030812086302293,1,0,0.0
1.0,0.0,0.0,1.0,0.0,0.0,1.0,0.0,0.0,0.0,0.0,0.0,1.0,0.0,1.0,0.0,0.0,0.0,0.0,1.0,0.0,0.0,0.0,1.7080298564174856,0.3470299856924543,0.5332962016795355,0.0648954475796536,0.7343919740363871,0.5572448069590289,-1.4127873638072872,-0.4523023259917688,1.4389181721204474,0.2030742228348248,1.3381273168858332,0.5815099149218461,0,0,0.0
1.0,0.0,0.0,1.0,0.0,0.0,1.0,0.0,0.0,0.0,0.0,1.0,0.0,0.0,0.0,1.0,0.0,1.0,0.0,0.0,0.0,0.0,0.0,-0.054802036470144075,0.21118363346039334,-0.22991839821962085,0.0648954475796536,-1.4092965904094032,-1.3886122230157554,0.7205268888273483,-1.3400399628745336,0.27861725719618774,0.266455141141242,1.2269733261988014,-0.13158276682909326,0,1,1.0
0.0,0.0,0.0,1.0,0.0,0.0,1.0,0.0,0.0,0.0,0.0,0.0,0.0,0.0,1.0,0.0,0.0,0.0,0.0,0.0,0.0,1.0,0.0,-1.288784361491485,-0.6052146582821382,-0.9931329981187772,-0.341335836174047,-1.4092965904094032,0.3855515396083126,0.009422137949136454,-1.3400399628745336,0.8587677146583175,-0.043407126134574966,-0.32918254341964476,-1.099275946805183,1,1,1.0
0.0,0.0,0.0,0.0,1.0,0.0,0.0,0.0,0.0,0.0,0.0,0.0,0.0,0.0,0.0,1.0,0.0,0.0,0.0,0.0,1.0,0.0,0.0,1.6198882617731043,-1.4405245048907946,0.9149035016291136,0.8773580150870548,-0.6947337355941398,0.21385827225759635,0.7205268888273483,-0.4523023259917688,0.27861725719618774,-1.092713440318591,1.3381273168858332,0.7463135569265078,0,0,0.0
0.0,0.0,0.0,0.0,0.0,1.0,1.0,0.0,0.0,0.0,0.0,1.0,0.0,0.0,1.0,0.0,0.0,0.0,0.0,0.0,0.0,1.0,0.0,1.1791802885511968,-0.557622228758661,-0.9931329981187772,-1.1537984036814481,0.019829119221123678,-0.7018391536128903,0.7205268888273483,0.43543531089099613,0.8587677146583175,-1.6560993808200761,-0.21802855273261293,-0.9239079687745816,0,0,0.0
1.0,0.0,0.0,1.0,0.0,0.0,0.0,0.0,0.0,0.0,0.0,0.0,1.0,0.0,0.0,1.0,0.0,0.0,1.0,0.0,0.0,0.0,0.0,-1.5532091454246293,1.1781482660393343,-0.611525698169199,-0.341335836174047,-1.4092965904094032,-1.6175365794833771,1.4316316397055602,-1.3400399628745336,1.4389181721204474,-0.8391897670929227,1.560435298259897,-0.8098131396944312,0,0,0.0
1.0,0.0,1.0,0.0,0.0,0.0,0.0,0.0,1.0,0.0,0.0,0.0,0.0,1.0,0.0,0.0,1.0,0.0,1.0,0.0,0.0,0.0,0.0,-1.288784361491485,-1.439039304246858,-0.611525698169199,-0.7475671199277476,-0.6947337355941398,-1.4458433121326608,-1.4127873638072872,1.323172947773761,0.8587677146583175,-1.416660356106945,0.1154334193284827,-0.5805670479315365,1,1,1.0
0.0,1.0,0.0,0.0,1.0,0.0,1.0,0.0,0.0,0.0,0.0,0.0,1.0,0.0,0.0,0.0,0.0,0.0,0.0,0.0,1.0,0.0,0.0,-1.1125011722027218,-1.1524285844258628,-0.22991839821962085,-1.1537984036814481,-0.6947337355941398,0.3283204504914072,0.7205268888273483,-1.3400399628745336,0.27861725719618774,-0.46594658151068885,0.6712033727636421,-0.2340568262807097,0,1,1.0
0.0,1.0,0.0,1.0,0.0,0.0,1.0,0.0,0.0,0.0,0.0,0.0,0.0,0.0,1.0,1.0,0.0,0.0,0.0,0.0,1.0,0.0,0.0,-0.14294363111452557,0.20055619774155864,0.1516889017299573,0.8773580150870548,0.7343919740363871,1.2440178763618939,1.4316316397055602,0.43543531089099613,-1.4618341151902017,-0.8180627943241171,-0.21802855273261293,0.07970395368970343,1,0,0.0
1.0,0.0,0.0,0.0,0.0,0.0,0.0,0.0,0.0,0.0,1.0,0.0,0.0,0.0,1.0,0.0,1.0,0.0,1.0,0.0,0.0,0.0,0.0,-0.23108522575890705,-0.30503910591318906,0.5332962016795355,0.4711267313333542,0.019829119221123678,-0.18675935156074158,-0.7016826129290754,-0.4523023259917688,-1.4618341151902017,1.576327452807195,-0.44033653410667667,0.540309004420681,0,0,0.0
1.0,0.0,0.0,1.0,0.0,0.0,1.0,0.0,0.0,0.0,0.0,0.0,0.0,1.0,0.0,1.0,0.0,1.0,0.0,0.0,0.0,0.0,0.0,-0.6717931989808145,0.8904814035382064,0.9149035016291136,1.689820582594456,-0.6947337355941398,1.3012489654787993,-0.7016826129290754,0.43543531089099613,0.8587677146583175,-0.46594658151068885,1.0046653448247376,0.9988011879464701,1,0,0.0
1.0,0.0,0.0,1.0,0.0,0.0,0.0,0.0,0.0,1.0,0.0,0.0,1.0,0.0,1.0,1.0,0.0,0.0,1.0,0.0,0.0,0.0,0.0,0.1214811528186189,-0.9412000483993346,0.1516889017299573,-1.1537984036814481,0.7343919740363871,-1.7319987577171878,1.4316316397055602,0.43543531089099613,1.4389181721204474,1.4566079404506294,0.22658741001551455,-0.035447308993040605,1,0,0.0
0.0,1.0,0.0,0.0,0.0,0.0,0.0,1.0,0.0,0.0,0.0,0.0,1.0,0.0,0.0,0.0,0.0,0.0,0.0,0.0,0.0,1.0,0.0,1.3554634778399597,1.4633067896751475,0.1516889017299573,0.0648954475796536,1.4489548288516505,-1.7319987577171878,0.009422137949136454,1.323172947773761,0.27861725719618774,0.10448168324706499,1.560435298259897,-0.015375070543754856,1,0,0.0
0.0,1.0,1.0,0.0,0.0,0.0,0.0,0.0,1.0,0.0,0.0,1.0,0.0,0.0,1.0,0.0,1.0,0.0,1.0,0.0,0.0,0.0,0.0,0.47404753139614486,0.4860777704236673,0.9149035016291136,1.689820582594456,-0.6947337355941398,1.0150935198942723,0.7205268888273483,-0.4523023259917688,-0.8816836577280718,1.7171739379325663,1.2269733261988014,1.079090141743613,0,0,0.0
1.0,0.0,0.0,0.0,1.0,0.0,0.0,1.0,0.0,0.0,0.0,0.0,1.0,0.0,0.0,0.0,1.0,0.0,0.0,1.0,0.0,0.0,0.0,0.2977643421073819,-1.432174376825996,0.1516889017299573,0.8773580150870548,0.7343919740363871,0.6144758960759343,0.009422137949136454,-0.4523023259917688,-0.30153320026594205,0.6608252994922817,-1.107260478228868,0.16527507549981618,0,0,0.0
0.0,0.0,0.0,0.0,0.0,1.0,0.0,0.0,0.0,0.0,0.0,0.0,0.0,0.0,1.0,0.0,1.0,0.0,1.0,0.0,0.0,0.0,0.0,-0.31922682040328854,-0.08862886986226012,0.5332962016795355,0.0648954475796536,1.4489548288516505,-0.12952826244383614,-0.7016826129290754,1.323172947773761,-1.4618341151902017,1.3087191310689894,-0.8849524968548041,0.5984128525633498,0,0,0.0
1.0,0.0,0.0,1.0,0.0,0.0,0.0,0.0,0.0,1.0,0.0,0.0,1.0,0.0,1.0,0.0,0.0,0.0,0.0,0.0,0.0,0.0,0.0,1.6198882617731043,0.8469815269002432,0.9149035016291136,-1.1537984036814481,0.019829119221123678,-0.015066084210025312,-1.4127873638072872,-1.3400399628745336,0.8587677146583175,-0.4800312300232259,-1.3295684596029316,0.7790629986069212,1,1,1.0
1.0,0.0,0.0,0.0,1.0,0.0,0.0,1.0,0.0,0.0,0.0,0.0,0.0,0.0,1.0,1.0,0.0,0.0,1.0,0.0,0.0,0.0,0.0,1.0910386939068153,-1.7355843661528512,1.67811810152827,2.908514433855558,1.4489548288516505,0.6144758960759343,-0.7016826129290754,-0.4523023259917688,0.27861725719618774,-0.10678804444099195,-0.6626445154807404,1.69076519764553,0,1,1.0
1.0,0.0,0.0,0.0,0.0,1.0,0.0,1.0,0.0,0.0,0.0,1.0,0.0,0.0,1.0,1.0,0.0,0.0,0.0,0.0,0.0,1.0,0.0,1.0910386939068153,-1.2425307568246786,0.5332962016795355,1.2835892988407553,-1.4092965904094032,-1.045225688314323,1.4316316397055602,-0.4523023259917688,0.8587677146583175,0.22420119560363053,1.3381273168858332,0.5836227821270341,0,0,0.0
0.0,1.0,1.0,0.0,0.0,0.0,0.0,0.0,1.0,0.0,0.0,0.0,0.0,0.0,0.0,0.0,0.0,0.0,0.0,1.0,0.0,0.0,0.0,-1.5532091454246293,0.013090872018014866,-0.9931329981187772,-1.1537984036814481,0.019829119221123678,0.09939609402378552,0.7205268888273483,1.323172947773761,-0.30153320026594205,-0.9800362522182939,0.1154334193284827,-0.8679169878371003,0,0,0.0
1.0,0.0,0.0,0.0,0.0,0.0,0.0,0.0,0.0,1.0,0.0,1.0,0.0,0.0,1.0,1.0,0.0,0.0,0.0,0.0,0.0,1.0,0.0,-0.6717931989808145,0.5819227186457044,-1.3747402980683554,-0.7475671199277476,0.7343919740363871,-1.33138113389885,0.009422137949136454,-0.4523023259917688,0.8587677146583175,-0.205380584028752,1.560435298259897,-1.5472037943050325,0,0,0.0
0.0,0.0,0.0,0.0,0.0,0.0,0.0,0.0,1.0,0.0,1.0,0.0,0.0,0.0,0.0,1.0,0.0,0.0,0.0,0.0,1.0,0.0,0.0,-0.759934793625196,-1.5764368660403638,-0.22991839821962085,-0.7475671199277476,-0.6947337355941398,-1.5030744012495663,-0.7016826129290754,-0.4523023259917688,0.27861725719618774,-1.4025757075944079,-0.5514905247937085,-0.08298682110976992,1,1,1.0
0.0,1.0,0.0,0.0,0.0,1.0,0.0,0.0,1.0,0.0,0.0,0.0,0.0,1.0,0.0,0.0,1.0,0.0,0.0,0.0,0.0,0.0,1.0,-1.465067550780248,0.5172999884050885,0.9149035016291136,2.0960518663481564,1.4489548288516505,0.9006313416604614,-1.4127873638072872,-0.4523023259917688,0.27861725719618774,1.5059042102445095,1.560435298259897,0.9882368519205298,1,0,0.0
1.0,0.0,0.0,0.0,0.0,1.0,0.0,0.0,0.0,0.0,0.0,0.0,0.0,0.0,0.0,0.0,0.0,1.0,0.0,0.0,0.0,0.0,0.0,0.3859059367517634,0.25511256806216037,1.2965108015786917,-0.7475671199277476,1.4489548288516505,-0.243990440677647,0.7205268888273483,-1.3400399628745336,-0.30153320026594205,-0.6490470121736713,-0.8849524968548041,1.2069186076574847,0,0,0.0
1.0,0.0,1.0,0.0,0.0,0.0,0.0,1.0,0.0,0.0,0.0,1.0,0.0,0.0,0.0,0.0,0.0,0.0,0.0,1.0,0.0,0.0,0.0,1.3554634778399597,0.4106625821704459,1.2965108015786917,1.2835892988407553,0.7343919740363871,-0.015066084210025312,1.4316316397055602,1.323172947773761,-0.30153320026594205,0.019973792171842263,-0.21802855273261293,1.1403632906940637,0,0,0.0
0.0,1.0,0.0,1.0,0.0,0.0,0.0,1.0,0.0,0.0,0.0,0.0,0.0,1.0,1.0,1.0,0.0,1.0,0.0,0.0,0.0,0.0,0.0,-0.759934793625196,-0.7216543887667618,0.5332962016795355,0.8773580150870548,1.4489548288516505,-1.1024567774312282,-0.7016826129290754,-0.4523023259917688,-0.8816836577280718,-0.6208777151485972,0.5600493820766101,0.5244625003817709,1,0,0.0
0.0,1.0,0.0,1.0,0.0,0.0,0.0,1.0,0.0,0.0,1.0,0.0,0.0,0.0,1.0,1.0,0.0,0.0,0.0,1.0,0.0,0.0,0.0,0.5621891260405263,1.5424184773088332,-1.7563475980179335,-0.7475671199277476,0.7343919740363871,0.5572448069590289,0.009422137949136454,0.43543531089099613,0.27861725719618774,0.10448168324706499,-1.3295684596029316,-1.7458133115927013,1,1,1.0
1.0,0.0,1.0,0.0,0.0,0.0,0.0,0.0,0.0,1.0,1.0,0.0,0.0,0.0,1.0,1.0,0.0,1.0,0.0,0.0,0.0,0.0,0.0,1.2673218831955781,-1.488612001295584,0.5332962016795355,0.0648954475796536,-1.4092965904094032,-0.9879945991974174,0.7205268888273483,-1.3400399628745336,-0.8816836577280718,0.03405844068437934,-1.6630304316640272,0.3902954328523348,1,1,1.0
0.0,0.0,0.0,1.0,0.0,0.0,0.0,1.0,0.0,0.0,1.0,0.0,0.0,0.0,0.0,0.0,1.0,0.0,0.0,0.0,0.0,0.0,0.0,0.9147555046180523,-0.10757342918713936,-0.22991839821962085,0.0648954475796536,1.4489548288516505,-1.4458433121326608,0.7205268888273483,-0.4523023259917688,1.4389181721204474,1.6890046409074917,1.4492813075728652,-0.05340668023713831,0,0,0.0
0.0,1.0,1.0,0.0,0.0,0.0,0.0,0.0,1.0,0.0,0.0,0.0,0.0,0.0,1.0,0.0,1.0,0.0,0.0,1.0,0.0,0.0,0.0,0.033339558174237414,0.6736091050647194,-0.9931329981187772,-1.1537984036814481,0.019829119221123678,-0.015066084210025312,1.4316316397055602,-1.3400399628745336,1.4389181721204474,-0.5574967968421802,0.4488953913895783,-1.1827342014101079,0,1,1.0
1.0,0.0,0.0,0.0,0.0,1.0,0.0,0.0,0.0,1.0,1.0,0.0,0.0,0.0,1.0,1.0,0.0,0.0,0.0,0.0,0.0,0.0,0.0,-1.5532091454246293,-0.5637280536281778,1.2965108015786917,0.4711267313333542,-1.4092965904094032,-0.5873769753790795,-0.7016826129290754,-1.3400399628745336,-0.8816836577280718,1.3298461038377953,1.6715892889469288,1.199523572439327,1,1,1.0
0.0,1.0,0.0,1.0,0.0,0.0,0.0,0.0,0.0,0.0,1.0,0.0,0.0,0.0,0.0,0.0,0.0,0.0,0.0,0.0,0.0,0.0,0.0,-1.5532091454246293,1.4502700284672603,0.5332962016795355,-0.341335836174047,-1.4092965904094032,-1.4458433121326608,-0.7016826129290754,-0.4523023259917688,-0.30153320026594205,-1.057501819037248,-0.21802855273261293,0.5455911724336507,1,1,1.0
1.0,0.0,0.0,0.0,0.0,0.0,0.0,0.0,0.0,0.0,0.0,0.0,1.0,0.0,0.0,0.0,1.0,0.0,0.0,0.0,0.0,0.0,0.0,-1.0243595775583405,0.9691640332080881,-1.3747402980683554,-0.341335836174047,-0.6947337355941398,-0.243990440677647,-0.7016826129290754,-0.4523023259917688,1.4389181721204474,-0.8884860368868027,0.8935113541377058,-1.4341653988274758,0,1,1.0
0.0,1.0,0.0,0.0,1.0,0.0,0.0,0.0,0.0,0.0,1.0,0.0,0.0,0.0,0.0,0.0,1.0,0.0,0.0,0.0,0.0,1.0,0.0,1.6198882617731043,-1.1781720622540959,-0.611525698169199,-0.341335836174047,0.7343919740363871,-0.5873769753790795,0.7205268888273483,-0.4523023259917688,0.27861725719618774,-1.4518719773882878,0.4488953913895783,-0.7411449555258222,0,0,0.0
1.0,0.0,0.0,0.0,0.0,0.0,0.0,0.0,0.0,1.0,0.0,0.0,0.0,0.0,1.0,1.0,0.0,0.0,0.0,0.0,1.0,0.0,0.0,0.033339558174237414,1.2343218548388892,0.9149035016291136,-1.1537984036814481,1.4489548288516505,1.129555698128083,-1.4127873638072872,1.323172947773761,-1.4618341151902017,-1.2194752769314252,0.6712033727636421,0.803360971466583,1,1,1.0
0.0,1.0,0.0,0.0,1.0,0.0,0.0,0.0,0.0,1.0,0.0,1.0,0.0,0.0,1.0,0.0,0.0,1.0,0.0,0.0,0.0,0.0,0.0,-1.288784361491485,0.6275018761851787,-0.611525698169199,-0.341335836174047,0.019829119221123678,-1.6175365794833771,0.7205268888273483,-0.4523023259917688,-0.8816836577280718,-0.05749177464711205,1.4492813075728652,-0.4368920779787549,0,1,1.0
0.0,0.0,0.0,1.0,0.0,0.0,0.0,0.0,0.0,0.0,0.0,1.0,0.0,0.0,0.0,0.0,1.0,1.0,0.0,0.0,0.0,0.0,0.0,1.5317466671287228,-1.4175864060566639,1.2965108015786917,1.689820582594456,0.019829119221123678,0.5000137178421235,-0.7016826129290754,-0.4523023259917688,-0.8816836577280718,-1.3603217620567964,0.33774140070254643,1.3009411982883496,0,0,0.0
0.0,0.0,0.0,0.0,1.0,0.0,0.0,1.0,0.0,0.0,0.0,1.0,0.0,0.0,1.0,0.0,1.0,0.0,0.0,0.0,0.0,0.0,0.0,0.2977643421073819,0.9844120931525031,1.2965108015786917,1.689820582594456,0.019829119221123678,-1.5030744012495663,-1.4127873638072872,-1.3400399628745336,0.8587677146583175,-0.2617191780789003,1.2269733261988014,1.3157312687246652,1,1,1.0
1.0,0.0,0.0,0.0,0.0,0.0,1.0,0.0,0.0,0.0,0.0,1.0,0.0,0.0,0.0,1.0,0.0,0.0,0.0,0.0,0.0,0.0,0.0,-0.6717931989808145,-1.3939552135886961,-0.611525698169199,0.0648954475796536,0.019829119221123678,1.5874044110633263,0.7205268888273483,-0.4523023259917688,-0.30153320026594205,1.2382958885063038,0.6712033727636421,-0.7981923700658974,1,0,0.0
0.0,1.0,0.0,0.0,1.0,0.0,0.0,1.0,0.0,0.0,0.0,1.0,0.0,0.0,0.0,0.0,0.0,0.0,0.0,1.0,0.0,0.0,0.0,-0.583651604336433,-1.2856345799575921,-0.9931329981187772,0.0648954475796536,1.4489548288516505,-0.644608064495985,-0.7016826129290754,0.43543531089099613,-0.30153320026594205,0.31575141093512193,0.33774140070254643,-0.9017228631201079,0,0,0.0
1.0,0.0,0.0,0.0,1.0,0.0,1.0,0.0,0.0,0.0,0.0,0.0,1.0,0.0,0.0,0.0,0.0,0.0,0.0,0.0,0.0,1.0,0.0,-0.759934793625196,-1.3514784751721114,-1.3747402980683554,-0.341335836174047,0.019829119221123678,1.5874044110633263,-0.7016826129290754,-1.3400399628745336,0.27861725719618774,-1.078628791806054,1.2269733261988014,-1.57572750157507,0,0,0.0
0.0,1.0,0.0,0.0,0.0,1.0,0.0,1.0,0.0,0.0,1.0,0.0,0.0,0.0,0.0,1.0,0.0,1.0,0.0,0.0,0.0,0.0,0.0,0.5621891260405263,1.1885116660881359,-0.611525698169199,0.4711267313333542,0.019829119221123678,0.6717069851928397,0.009422137949136454,1.323172947773761,-0.8816836577280718,1.400269346400481,-1.6630304316640272,-0.7147341154609727,0,0,0.0
0.0,0.0,0.0,0.0,0.0,0.0,1.0,0.0,0.0,0.0,0.0,0.0,1.0,0.0,0.0,0.0,1.0,0.0,1.0,0.0,0.0,0.0,0.0,0.8266139099736708,-0.6520479852542699,1.2965108015786917,1.689820582594456,-0.6947337355941398,0.15662718314069093,-1.4127873638072872,-1.3400399628745336,1.4389181721204474,1.2101265914812296,0.6712033727636421,1.4456726018437256,1,1,1.0
1.0,0.0,0.0,0.0,0.0,1.0,0.0,0.0,0.0,1.0,0.0,0.0,0.0,1.0,0.0,0.0,0.0,0.0,0.0,0.0,0.0,0.0,1.0,-0.40736841504767,-1.237382061259032,0.1516889017299573,-0.341335836174047,-1.4092965904094032,0.7289380743097451,-0.7016826129290754,-1.3400399628745336,-0.8816836577280718,0.8298410816427272,1.4492813075728652,0.18534731394910195,1,1,1.0
1.0,0.0,0.0,1.0,0.0,0.0,0.0,1.0,0.0,0.0,0.0,0.0,1.0,0.0,1.0,1.0,0.0,1.0,0.0,0.0,0.0,0.0,0.0,0.7384723153292894,-1.141603121954503,0.1516889017299573,0.8773580150870548,1.4489548288516505,-1.045225688314323,0.7205268888273483,0.43543531089099613,0.27861725719618774,-0.8744013883742655,1.0046653448247376,0.018430804739252505,0,0,0.0
0.0,1.0,0.0,0.0,1.0,0.0,1.0,0.0,0.0,0.0,0.0,0.0,0.0,0.0,0.0,0.0,1.0,0.0,0.0,1.0,0.0,0.0,0.0,-1.1125011722027218,0.15738636569113693,-1.3747402980683554,-1.1537984036814481,-0.6947337355941398,1.129555698128083,-1.4127873638072872,0.43543531089099613,0.27861725719618774,0.0622277377094535,-0.32918254341964476,-1.3095062337213859,1,1,1.0
1.0,0.0,1.0,0.0,0.0,0.0,0.0,0.0,0.0,1.0,0.0,1.0,0.0,0.0,0.0,1.0,0.0,1.0,0.0,0.0,0.0,0.0,0.0,0.47404753139614486,-0.7359783238660608,-0.22991839821962085,0.0648954475796536,0.019829119221123678,-0.07229717332693072,0.7205268888273483,0.43543531089099613,-0.8816836577280718,0.9706875667680984,-0.44033653410667667,-0.3861832650542435,0,1,1.0
0.0,0.0,0.0,0.0,1.0,0.0,1.0,0.0,0.0,0.0,1.0,0.0,0.0,0.0,0.0,0.0,0.0,0.0,0.0,0.0,0.0,0.0,1.0,0.8266139099736708,1.2818482754448581,-0.9931329981187772,-0.341335836174047,0.019829119221123678,-1.4458433121326608,0.009422137949136454,1.323172947773761,-1.4618341151902017,-0.9589092794494883,-1.3295684596029316,-1.033777063444356,0,0,0.0
0.0,0.0,0.0,0.0,1.0,0.0,1.0,0.0,0.0,0.0,0.0,0.0,0.0,1.0,0.0,0.0,1.0,0.0,0.0,0.0,0.0,0.0,0.0,0.033339558174237414,-0.10773845148091009,-0.611525698169199,-1.1537984036814481,-1.4092965904094032,1.6446355001802317,0.7205268888273483,-0.4523023259917688,-0.8816836577280718,-0.6138353908923285,-0.6626445154807404,-0.7675557955906719,0,0,0.0
1.0,0.0,0.0,0.0,0.0,0.0,0.0,0.0,0.0,1.0,0.0,0.0,0.0,0.0,0.0,1.0,0.0,0.0,0.0,0.0,0.0,0.0,1.0,0.6503307206849078,-0.8933435832058242,-0.611525698169199,-1.1537984036814481,0.7343919740363871,-0.8163013318467012,-0.7016826129290754,-0.4523023259917688,-0.30153320026594205,0.7664601633363102,-0.44033653410667667,-0.7348063539102584,0,0,0.0
1.0,0.0,0.0,0.0,1.0,0.0,0.0,0.0,0.0,1.0,0.0,0.0,0.0,1.0,0.0,0.0,1.0,0.0,1.0,0.0,0.0,0.0,0.0,-1.288784361491485,0.534264280204719,1.2965108015786917,2.0960518663481564,-0.6947337355941398,0.09939609402378552,0.7205268888273483,-0.4523023259917688,0.27861725719618774,1.139703348918544,1.560435298259897,1.321013436737635,0,0,0.0
0.0,1.0,0.0,0.0,0.0,0.0,0.0,1.0,0.0,0.0,0.0,0.0,0.0,1.0,1.0,0.0,0.0,0.0,0.0,0.0,0.0,1.0,0.0,0.5621891260405263,-0.3548098297144398,-0.22991839821962085,-0.341335836174047,-1.4092965904094032,-0.3584526189114578,1.4316316397055602,0.43543531089099613,-0.30153320026594205,0.12560865601587073,-1.107260478228868,-0.3502645225660481,0,0,0.0
0.0,0.0,0.0,0.0,1.0,0.0,1.0,0.0,0.0,0.0,0.0,0.0,1.0,0.0,1.0,1.0,0.0,0.0,0.0,0.0,1.0,0.0,0.0,1.1791802885511968,-1.225764491777573,1.2965108015786917,0.0648954475796536,-0.6947337355941398,0.7289380743097451,0.7205268888273483,1.323172947773761,0.27861725719618774,-1.1279250615999339,0.22658741001551455,1.205862174054891,0,0,0.0
0.0,1.0,0.0,0.0,0.0,0.0,1.0,0.0,0.0,0.0,0.0,0.0,0.0,0.0,0.0,0.0,0.0,1.0,0.0,0.0,0.0,0.0,0.0,0.5621891260405263,-0.40689086562848065,-1.3747402980683554,-1.1537984036814481,0.7343919740363871,-0.9307635100805121,0.009422137949136454,0.43543531089099613,0.8587677146583175,-0.10678804444099195,1.1158193355117696,-1.2028064398593934,0,0,0.0
0.0,0.0,0.0,0.0,0.0,0.0,0.0,1.0,0.0,0.0,0.0,0.0,0.0,1.0,0.0,1.0,0.0,0.0,0.0,0.0,0.0,0.0,0.0,1.0028970992624338,0.17270043455306022,1.2965108015786917,2.0960518663481564,1.4489548288516505,0.5572448069590289,0.009422137949136454,-0.4523023259917688,-1.4618341151902017,0.7735024875925783,-1.107260478228868,1.2417809165430864,0,0,0.0
1.0,0.0,0.0,0.0,1.0,0.0,0.0,0.0,1.0,0.0,0.0,1.0,0.0,0.0,1.0,0.0,0.0,0.0,0.0,0.0,0.0,1.0,0.0,0.3859059367517634,-1.378476122433002,0.9149035016291136,1.689820582594456,0.7343919740363871,1.7018665892971372,-1.4127873638072872,1.323172947773761,0.27861725719618774,0.9425182697430243,-0.44033653410667667,1.006196223164628,1,1,1.0
0.0,1.0,0.0,0.0,0.0,0.0,1.0,0.0,0.0,0.0,1.0,0.0,0.0,0.0,1.0,1.0,0.0,0.0,0.0,0.0,0.0,1.0,0.0,-0.054802036470144075,-0.1863220677745294,-0.611525698169199,-0.7475671199277476,-0.6947337355941398,0.7861691634266506,0.7205268888273483,0.43543531089099613,-0.30153320026594205,-0.17016896274740917,0.22658741001551455,-0.7126212482557845,0,0,0.0
0.0,1.0,1.0,0.0,0.0,0.0,0.0,0.0,0.0,1.0,0.0,0.0,1.0,0.0,0.0,0.0,1.0,0.0,0.0,0.0,1.0,0.0,0.0,0.2096227474630004,1.6635118364777912,1.67811810152827,0.0648954475796536,0.7343919740363871,0.843400252543556,0.7205268888273483,1.323172947773761,-0.30153320026594205,0.38617465349780755,1.6715892889469288,1.5703317669498156,0,1,1.0
1.0,0.0,0.0,0.0,1.0,0.0,1.0,0.0,0.0,0.0,0.0,0.0,0.0,1.0,0.0,0.0,0.0,0.0,0.0,0.0,0.0,1.0,0.0,-1.465067550780248,1.3171630463117934,1.67811810152827,-1.1537984036814481,0.7343919740363871,0.7861691634266506,-0.7016826129290754,0.43543531089099613,-1.4618341151902017,-0.7265125789926257,-1.4407224502899634,1.6136455446561688,0,0,0.0
0.0,1.0,1.0,0.0,0.0,0.0,0.0,0.0,0.0,0.0,0.0,0.0,1.0,0.0,0.0,0.0,1.0,0.0,0.0,0.0,0.0,0.0,0.0,-0.14294363111452557,-0.47431897486319896,-1.3747402980683554,-0.7475671199277476,1.4489548288516505,-1.33138113389885,1.4316316397055602,1.323172947773761,0.8587677146583175,0.5270211386231786,1.560435298259897,-1.3866258867107466,1,0,0.0
1.0,0.0,0.0,0.0,1.0,0.0,1.0,0.0,0.0,0.0,1.0,0.0,0.0,0.0,0.0,1.0,0.0,1.0,0.0,0.0,0.0,0.0,0.0,-1.5532091454246293,-0.23853512152358683,0.5332962016795355,-0.341335836174047,1.4489548288516505,-0.3012215297945524,1.4316316397055602,-1.3400399628745336,1.4389181721204474,-1.1067980888311282,0.7823573634506739,0.605807887781508,0,0,0.0
1.0,0.0,0.0,0.0,0.0,0.0,0.0,0.0,0.0,0.0,1.0,0.0,0.0,0.0,1.0,0.0,0.0,0.0,0.0,0.0,0.0,1.0,0.0,1.4436050724843412,-1.3412140884995722,-0.22991839821962085,0.0648954475796536,-0.6947337355941398,-0.7590702427297957,-1.4127873638072872,-0.4523023259917688,-1.4618341151902017,1.562242804294658,0.8935113541377058,-0.20764598621586017,1,1,1.0
0.0,0.0,0.0,1.0,0.0,0.0,0.0,0.0,0.0,1.0,0.0,0.0,0.0,0.0,1.0,0.0,1.0,0.0,1.0,0.0,0.0,0.0,0.0,0.2096227474630004,-1.4029324263698235,1.2965108015786917,0.4711267313333542,-1.4092965904094032,-0.18675935156074158,-1.4127873638072872,1.323172947773761,-0.8816836577280718,-0.21242290828502042,0.22658741001551455,1.1614919627459435,1,1,1.0
1.0,0.0,1.0,0.0,0.0,0.0,0.0,0.0,0.0,1.0,0.0,0.0,1.0,0.0,0.0,0.0,1.0,0.0,0.0,0.0,0.0,0.0,1.0,0.6503307206849078,0.7360535410275617,0.5332962016795355,1.689820582594456,1.4489548288516505,-0.5873769753790795,1.4316316397055602,0.43543531089099613,1.4389181721204474,1.6608353438824175,1.560435298259897,0.7008869120149662,0,1,1.0
0.0,1.0,0.0,0.0,1.0,0.0,0.0,0.0,1.0,0.0,0.0,1.0,0.0,0.0,0.0,1.0,0.0,0.0,0.0,0.0,0.0,1.0,0.0,-1.0243595775583405,-0.42824475044241245,1.2965108015786917,-0.7475671199277476,-0.6947337355941398,-0.8163013318467012,-0.7016826129290754,0.43543531089099613,1.4389181721204474,-1.3462371135442595,0.6712033727636421,1.5006071491786128,1,1,1.0
0.0,1.0,0.0,1.0,0.0,0.0,0.0,1.0,0.0,0.0,0.0,1.0,0.0,0.0,0.0,0.0,1.0,0.0,0.0,1.0,0.0,0.0,0.0,-1.465067550780248,0.4966061927662396,1.2965108015786917,-1.1537984036814481,1.4489548288516505,-0.3584526189114578,0.7205268888273483,0.43543531089099613,1.4389181721204474,0.18194725006601906,0.4488953913895783,1.39918952332959,0,1,1.0
1.0,0.0,0.0,0.0,1.0,0.0,1.0,0.0,0.0,0.0,0.0,0.0,1.0,0.0,1.0,1.0,0.0,0.0,0.0,0.0,0.0,0.0,0.0,0.6503307206849078,-1.0276717303351945,-0.22991839821962085,0.0648954475796536,-1.4092965904094032,-0.3584526189114578,-0.7016826129290754,-0.4523023259917688,-1.4618341151902017,-1.6842686778451506,0.004279428641450823,-0.346038788155672,1,1,1.0
0.0,0.0,0.0,0.0,1.0,0.0,0.0,0.0,0.0,1.0,1.0,0.0,0.0,0.0,0.0,1.0,0.0,0.0,0.0,1.0,0.0,0.0,0.0,-0.31922682040328854,-0.018395381633439494,-0.611525698169199,-1.1537984036814481,0.019829119221123678,-1.6175365794833771,-0.7016826129290754,-0.4523023259917688,1.4389181721204474,1.104491727637201,-0.996106487541836,-0.5404225710329653,0,0,0.0
0.0,0.0,1.0,0.0,0.0,0.0,0.0,1.0,0.0,0.0,0.0,0.0,0.0,1.0,0.0,0.0,0.0,1.0,0.0,0.0,0.0,0.0,0.0,1.0028970992624338,0.637337204893914,1.67811810152827,1.689820582594456,0.019829119221123678,0.7861691634266506,-1.4127873638072872,-1.3400399628745336,-1.4618341151902017,0.6678676237485499,1.1158193355117696,1.612589111053575,1,0,0.0
0.0,1.0,0.0,1.0,0.0,0.0,1.0,0.0,0.0,0.0,0.0,0.0,0.0,0.0,1.0,0.0,0.0,0.0,0.0,0.0,1.0,0.0,0.0,1.0910386939068153,1.2609894575122385,-0.22991839821962085,0.8773580150870548,-0.6947337355941398,-0.9307635100805121,0.7205268888273483,-0.4523023259917688,-0.30153320026594205,-1.2194752769314252,-0.44033653410667667,-0.2446211623066496,1,0,0.0
1.0,0.0,0.0,0.0,0.0,0.0,0.0,1.0,0.0,0.0,0.0,1.0,0.0,0.0,0.0,1.0,0.0,0.0,0.0,0.0,1.0,0.0,0.0,0.9147555046180523,1.532385121847573,1.2965108015786917,1.2835892988407553,1.4489548288516505,1.3012489654787993,0.7205268888273483,-1.3400399628745336,1.4389181721204474,-0.3180577721290489,-0.7737985061677722,1.3738351168673342,0,0,0.0
0.0,0.0,0.0,0.0,0.0,1.0,0.0,0.0,1.0,0.0,0.0,1.0,0.0,0.0,0.0,1.0,0.0,0.0,1.0,0.0,0.0,0.0,0.0,-1.465067550780248,0.5103360476079639,0.5332962016795355,0.4711267313333542,-0.6947337355941398,-0.12952826244383614,-0.7016826129290754,0.43543531089099613,-1.4618341151902017,-0.5293274998171058,1.560435298259897,0.5603812428699664,1,0,0.0
0.0,1.0,0.0,0.0,0.0,0.0,0.0,0.0,1.0,0.0,1.0,0.0,0.0,0.0,0.0,0.0,1.0,0.0,1.0,0.0,0.0,0.0,0.0,-0.583651604336433,-0.36807762213360606,-1.3747402980683554,-0.341335836174047,0.019829119221123678,-0.4729147971452687,-1.4127873638072872,-1.3400399628745336,1.4389181721204474,0.6749099480048185,0.22658741001551455,-1.4721970085208593,1,1,1.0
0.0,0.0,1.0,0.0,0.0,0.0,1.0,0.0,0.0,0.0,0.0,0.0,0.0,0.0,1.0,1.0,0.0,0.0,1.0,0.0,0.0,0.0,0.0,-1.5532091454246293,0.6541034699410196,0.1516889017299573,-0.341335836174047,1.4489548288516505,-1.216918955665039,0.7205268888273483,-0.4523023259917688,-1.4618341151902017,-0.2898884751039747,0.7823573634506739,0.30155501023444037,1,0,0.0
0.0,0.0,0.0,0.0,1.0,0.0,0.0,0.0,1.0,0.0,0.0,0.0,1.0,0.0,0.0,0.0,0.0,0.0,0.0,0.0,1.0,0.0,0.0,-0.054802036470144075,-1.2579108346041101,1.67811810152827,0.4711267313333542,-1.4092965904094032,-1.6175365794833771,-0.7016826129290754,1.323172947773761,0.27861725719618774,-0.9659516037057568,0.004279428641450823,1.716119604107785,1,1,1.0
0.0,0.0,1.0,0.0,0.0,0.0,0.0,0.0,0.0,1.0,0.0,0.0,0.0,0.0,1.0,0.0,0.0,0.0,0.0,0.0,0.0,0.0,0.0,0.9147555046180523,-0.1752655740918908,0.1516889017299573,0.0648954475796536,0.019829119221123678,0.2710893613745018,0.7205268888273483,1.323172947773761,1.4389181721204474,1.1537879974310812,0.33774140070254643,0.05646241443263596,0,0,0.0
0.0,1.0,1.0,0.0,0.0,0.0,0.0,0.0,0.0,1.0,1.0,0.0,0.0,0.0,0.0,0.0,0.0,0.0,0.0,0.0,0.0,0.0,1.0,0.6503307206849078,-0.08800178514593136,-0.611525698169199,-0.341335836174047,0.7343919740363871,-1.33138113389885,-0.7016826129290754,-0.4523023259917688,0.8587677146583175,0.06927006196572216,-1.107260478228868,-0.61859865762492,0,0,0.0
0.0,0.0,0.0,0.0,1.0,0.0,0.0,0.0,0.0,1.0,0.0,1.0,0.0,0.0,0.0,0.0,0.0,1.0,0.0,0.0,0.0,0.0,0.0,1.7080298564174856,-0.7084526052651038,1.67811810152827,0.0648954475796536,0.7343919740363871,1.5874044110633263,-1.4127873638072872,-1.3400399628745336,-0.30153320026594205,-0.9448246309369511,-0.10687456204558105,1.600968341425041,0,0,0.0
0.0,1.0,0.0,0.0,0.0,1.0,0.0,0.0,0.0,0.0,0.0,0.0,0.0,0.0,1.0,0.0,0.0,0.0,0.0,0.0,0.0,1.0,0.0,1.3554634778399597,0.8110396713169793,0.9149035016291136,0.8773580150870548,0.7343919740363871,-0.7018391536128903,-0.7016826129290754,0.43543531089099613,1.4389181721204474,-1.0997557645748597,-1.3295684596029316,0.8392797139547784,0,0,0.0
0.0,1.0,0.0,0.0,0.0,0.0,0.0,0.0,0.0,0.0,0.0,0.0,0.0,1.0,1.0,0.0,0.0,1.0,0.0,0.0,0.0,0.0,0.0,-1.1125011722027218,-1.159359520764233,0.5332962016795355,0.4711267313333542,1.4489548288516505,1.2440178763618939,1.4316316397055602,-0.4523023259917688,-0.30153320026594205,-0.37439636617919747,-0.8849524968548041,0.3533202567615454,0,0,0.0
1.0,0.0,0.0,1.0,0.0,0.0,0.0,0.0,0.0,1.0,0.0,0.0,0.0,1.0,1.0,0.0,1.0,1.0,0.0,0.0,0.0,0.0,0.0,1.1791802885511968,0.07530427676957825,-0.611525698169199,-0.341335836174047,0.7343919740363871,1.6446355001802317,1.4316316397055602,-0.4523023259917688,-0.30153320026594205,0.2875821139100475,0.22658741001551455,-0.48865732450585997,0,0,0.0
0.0,0.0,0.0,0.0,1.0,0.0,1.0,0.0,0.0,0.0,0.0,1.0,0.0,0.0,0.0,0.0,1.0,1.0,0.0,0.0,0.0,0.0,0.0,-1.6413507400690108,1.612057885280079,1.67811810152827,0.8773580150870548,0.019829119221123678,-1.7319987577171878,0.7205268888273483,0.43543531089099613,-0.8816836577280718,-1.6772263535888818,0.004279428641450823,1.7013295336714696,1,1,1.0
0.0,1.0,0.0,0.0,1.0,0.0,1.0,0.0,0.0,0.0,0.0,0.0,1.0,0.0,0.0,1.0,0.0,0.0,1.0,0.0,0.0,0.0,0.0,0.6503307206849078,1.678000793870861,0.1516889017299573,-0.341335836174047,0.019829119221123678,1.0723246090111775,0.7205268888273483,-1.3400399628745336,-0.30153320026594205,-0.9659516037057568,0.1154334193284827,0.20119381798801195,0,0,0.0
1.0,0.0,0.0,0.0,1.0,0.0,0.0,0.0,0.0,0.0,0.0,1.0,0.0,0.0,1.0,1.0,0.0,0.0,1.0,0.0,0.0,0.0,0.0,1.0910386939068153,1.5141006516977766,-1.3747402980683554,-0.341335836174047,0.7343919740363871,-0.18675935156074158,0.7205268888273483,1.323172947773761,0.27861725719618774,0.9213912969742183,0.22658741001551455,-1.2915468624772881,0,0,0.0
0.0,1.0,0.0,0.0,1.0,0.0,0.0,0.0,0.0,0.0,0.0,0.0,1.0,0.0,1.0,0.0,1.0,0.0,0.0,0.0,0.0,1.0,0.0,1.1791802885511968,-0.5845868715607975,0.9149035016291136,0.8773580150870548,0.7343919740363871,1.2440178763618939,-1.4127873638072872,-1.3400399628745336,-0.30153320026594205,-0.6772163091987458,0.4488953913895783,1.074864407333237,1,1,1.0
0.0,0.0,0.0,0.0,1.0,0.0,1.0,0.0,0.0,0.0,0.0,0.0,1.0,0.0,1.0,0.0,0.0,0.0,0.0,1.0,0.0,0.0,0.0,0.033339558174237414,-1.2314742631420401,-1.3747402980683554,-1.1537984036814481,0.019829119221123678,1.530173321946421,-1.4127873638072872,0.43543531089099613,0.8587677146583175,0.21011654709109345,-0.10687456204558105,-1.496494981380521,0,1,1.0
1.0,0.0,0.0,0.0,0.0,0.0,0.0,0.0,0.0,1.0,0.0,0.0,0.0,1.0,1.0,1.0,0.0,1.0,0.0,0.0,0.0,0.0,0.0,0.2977643421073819,0.077977637928664,-0.611525698169199,-1.1537984036814481,0.7343919740363871,-1.4458433121326608,1.4316316397055602,-0.4523023259917688,-0.30153320026594205,0.8227987573864585,1.6715892889469288,-0.45168214841507054,0,0,0.0
1.0,0.0,0.0,1.0,0.0,0.0,0.0,0.0,0.0,0.0,0.0,0.0,1.0,0.0,0.0,0.0,1.0,0.0,0.0,0.0,0.0,0.0,0.0,-1.465067550780248,-1.0367149520338304,0.9149035016291136,-0.7475671199277476,0.7343919740363871,-0.4729147971452687,-1.4127873638072872,0.43543531089099613,1.4389181721204474,0.44955557180422456,1.2269733261988014,0.7632164945680115,0,0,0.0
0.0,1.0,0.0,1.0,0.0,0.0,0.0,1.0,0.0,0.0,1.0,0.0,0.0,0.0,0.0,0.0,1.0,0.0,1.0,0.0,0.0,0.0,0.0,0.7384723153292894,0.9897588154706746,-1.3747402980683554,-0.341335836174047,0.019829119221123678,0.3283204504914072,0.009422137949136454,0.43543531089099613,1.4389181721204474,-1.5715914897448533,0.7823573634506739,-1.4056416915574383,1,0,0.0
0.0,1.0,0.0,1.0,0.0,0.0,0.0,0.0,0.0,1.0,0.0,0.0,0.0,1.0,0.0,1.0,0.0,0.0,0.0,0.0,0.0,1.0,0.0,0.2977643421073819,-1.6976952475030929,0.9149035016291136,0.0648954475796536,0.019829119221123678,-1.3886122230157554,-1.4127873638072872,-0.4523023259917688,0.8587677146583175,1.252380537018841,-0.10687456204558105,0.8287153779288382,0,1,1.0
0.0,1.0,0.0,0.0,0.0,0.0,0.0,0.0,0.0,1.0,1.0,0.0,0.0,0.0,1.0,0.0,1.0,0.0,0.0,1.0,0.0,0.0,0.0,0.2096227474630004,-1.627857812779322,0.1516889017299573,0.4711267313333542,1.4489548288516505,0.5572448069590289,1.4316316397055602,-0.4523023259917688,0.8587677146583175,0.843925730155264,-1.4407224502899634,0.33747375272263574,0,0,0.0
0.0,0.0,0.0,1.0,0.0,0.0,0.0,0.0,0.0,1.0,0.0,0.0,0.0,0.0,1.0,0.0,1.0,1.0,0.0,0.0,0.0,0.0,0.0,0.47404753139614486,0.10735160621985307,-0.22991839821962085,0.4711267313333542,-0.6947337355941398,0.44278262872521806,0.7205268888273483,-1.3400399628745336,1.4389181721204474,1.287592158300184,-0.996106487541836,-0.21821032224180004,1,0,0.0
1.0,0.0,0.0,0.0,1.0,0.0,0.0,0.0,0.0,0.0,0.0,0.0,0.0,0.0,1.0,1.0,0.0,0.0,0.0,0.0,0.0,0.0,1.0,1.6198882617731043,1.252045249189865,0.9149035016291136,2.0960518663481564,1.4489548288516505,0.15662718314069093,0.7205268888273483,-0.4523023259917688,-1.4618341151902017,-1.6842686778451506,1.0046653448247376,0.8889320932766958,0,0,0.0
0.0,1.0,0.0,0.0,0.0,0.0,1.0,0.0,0.0,0.0,0.0,0.0,1.0,0.0,1.0,0.0,1.0,0.0,0.0,0.0,0.0,0.0,0.0,0.033339558174237414,-0.07387587679915729,0.9149035016291136,2.0960518663481564,-0.6947337355941398,0.042165004906880105,0.009422137949136454,0.43543531089099613,1.4389181721204474,-1.0645441432935168,-0.5514905247937085,1.0093655239724095,0,1,1.0
0.0,0.0,0.0,0.0,0.0,0.0,0.0,0.0,0.0,1.0,0.0,0.0,1.0,0.0,0.0,1.0,0.0,0.0,0.0,0.0,0.0,0.0,0.0,0.2977643421073819,1.0987395382768614,0.9149035016291136,0.8773580150870548,-0.6947337355941398,0.7861691634266506,0.7205268888273483,1.323172947773761,-1.4618341151902017,0.0129314679155736,1.4492813075728652,0.948092375021959,0,0,0.0
0.0,0.0,0.0,0.0,1.0,0.0,0.0,0.0,0.0,0.0,1.0,0.0,0.0,0.0,0.0,0.0,0.0,0.0,0.0,0.0,0.0,1.0,0.0,0.033339558174237414,-0.3126961403441507,-1.3747402980683554,-0.341335836174047,0.019829119221123678,-1.5603054903664717,0.7205268888273483,-0.4523023259917688,0.27861725719618774,-1.4377873288757508,1.560435298259897,-1.55988099753616,1,0,0.0
1.0,0.0,1.0,0.0,0.0,0.0,0.0,0.0,0.0,0.0,0.0,0.0,1.0,0.0,0.0,1.0,0.0,0.0,0.0,0.0,0.0,0.0,1.0,-0.14294363111452557,-1.0404114514142946,0.9149035016291136,-0.7475671199277476,1.4489548288516505,0.6717069851928397,0.7205268888273483,0.43543531089099613,-0.8816836577280718,1.3861846978879437,1.2269733261988014,0.7695550961835753,0,0,0.0
0.0,1.0,0.0,1.0,0.0,0.0,0.0,0.0,0.0,0.0,0.0,0.0,0.0,1.0,1.0,0.0,0.0,0.0,0.0,0.0,0.0,1.0,0.0,0.2977643421073819,-0.5466317439935306,1.2965108015786917,2.5022831501018574,0.019829119221123678,-1.045225688314323,0.7205268888273483,-1.3400399628745336,-1.4618341151902017,1.7242162621888346,-0.44033653410667667,1.4287696642022218,1,1,1.0
0.0,0.0,0.0,1.0,0.0,0.0,1.0,0.0,0.0,0.0,0.0,0.0,0.0,0.0,1.0,0.0,1.0,0.0,0.0,1.0,0.0,0.0,0.0,-1.5532091454246293,1.6465805491369148,0.9149035016291136,1.2835892988407553,-1.4092965904094032,1.7018665892971372,0.7205268888273483,1.323172947773761,0.8587677146583175,0.2805397896537791,-0.8849524968548041,1.1128960170266204,0,1,1.0
0.0,0.0,0.0,0.0,0.0,1.0,0.0,0.0,0.0,1.0,0.0,0.0,0.0,1.0,1.0,1.0,0.0,0.0,0.0,0.0,0.0,0.0,0.0,-0.4955100096920515,0.6178315697702143,-0.9931329981187772,-0.341335836174047,1.4489548288516505,1.7018665892971372,-1.4127873638072872,0.43543531089099613,0.27861725719618774,0.18194725006601906,1.0046653448247376,-1.172169865384168,0,1,1.0
0.0,0.0,0.0,0.0,0.0,0.0,0.0,0.0,0.0,1.0,1.0,0.0,0.0,0.0,0.0,0.0,0.0,0.0,0.0,0.0,0.0,0.0,0.0,0.033339558174237414,-1.1366194486826273,0.9149035016291136,-0.341335836174047,0.7343919740363871,-0.243990440677647,0.7205268888273483,-0.4523023259917688,1.4389181721204474,1.2735075097876465,-0.996106487541836,1.086485176961771,0,0,0.0
0.0,1.0,1.0,0.0,0.0,0.0,0.0,0.0,0.0,0.0,0.0,0.0,1.0,0.0,1.0,1.0,0.0,0.0,0.0,0.0,0.0,1.0,0.0,1.6198882617731043,-0.03753796771084361,-0.22991839821962085,-0.341335836174047,-1.4092965904094032,1.2440178763618939,0.009422137949136454,0.43543531089099613,-0.30153320026594205,0.7453331905675042,0.4488953913895783,-0.27314486957668715,0,0,0.0
1.0,0.0,0.0,0.0,0.0,0.0,1.0,0.0,0.0,0.0,0.0,0.0,1.0,0.0,1.0,1.0,0.0,0.0,0.0,0.0,0.0,0.0,1.0,1.0028970992624338,-1.1802183386968528,-0.22991839821962085,-0.7475671199277476,-0.6947337355941398,1.2440178763618939,0.7205268888273483,1.323172947773761,0.27861725719618774,0.7664601633363102,0.8935113541377058,-0.3175150808856344,0,0,0.0
0.0,1.0,1.0,0.0,0.0,0.0,0.0,0.0,0.0,0.0,0.0,0.0,0.0,0.0,1.0,1.0,0.0,0.0,0.0,1.0,0.0,0.0,0.0,0.3859059367517634,1.2093044751032473,-1.3747402980683554,-1.1537984036814481,1.4489548288516505,0.9578624307773668,0.7205268888273483,-0.4523023259917688,-0.30153320026594205,-1.4448296531320193,0.8935113541377058,-1.2165400766931151,0,0,0.0
0.0,1.0,0.0,1.0,0.0,0.0,0.0,0.0,0.0,0.0,0.0,1.0,0.0,0.0,1.0,1.0,0.0,0.0,0.0,1.0,0.0,0.0,0.0,1.4436050724843412,0.1876184499099338,-0.9931329981187772,-0.7475671199277476,0.7343919740363871,1.129555698128083,-0.7016826129290754,0.43543531089099613,-0.8816836577280718,0.8580103786678014,0.22658741001551455,-0.827772510938529,0,0,0.0
0.0,0.0,0.0,0.0,0.0,1.0,0.0,0.0,0.0,1.0,0.0,0.0,0.0,1.0,1.0,0.0,1.0,0.0,0.0,0.0,1.0,0.0,0.0,-0.14294363111452557,-0.4175513058060695,0.9149035016291136,2.0960518663481564,1.4489548288516505,-0.3012215297945524,-1.4127873638072872,1.323172947773761,0.8587677146583175,1.400269346400481,-0.8849524968548041,0.9576002774453048,1,0,0.0
1.0,0.0,0.0,0.0,1.0,0.0,0.0,0.0,0.0,0.0,0.0,1.0,0.0,0.0,0.0,1.0,0.0,0.0,0.0,0.0,0.0,0.0,0.0,0.6503307206849078,1.680113079231126,-0.22991839821962085,-1.1537984036814481,0.7343919740363871,-0.5873769753790795,-1.4127873638072872,-1.3400399628745336,-1.4618341151902017,1.4213963191692864,0.5600493820766101,-0.41365053872168706,1,0,0.0
0.0,0.0,0.0,0.0,1.0,0.0,0.0,1.0,0.0,0.0,0.0,0.0,0.0,0.0,1.0,0.0,0.0,0.0,0.0,0.0,0.0,0.0,0.0,-1.288784361491485,0.07494122772328266,-0.9931329981187772,-1.1537984036814481,-0.6947337355941398,-0.7018391536128903,-0.7016826129290754,1.323172947773761,0.8587677146583175,1.6819623166512236,0.8935113541377058,-0.8541833510033785,1,1,1.0
1.0,0.0,0.0,0.0,1.0,0.0,1.0,0.0,0.0,0.0,0.0,1.0,0.0,0.0,1.0,0.0,1.0,0.0,1.0,0.0,0.0,0.0,0.0,-1.2006427668471034,-1.099687459336739,1.2965108015786917,2.5022831501018574,-1.4092965904094032,-1.5030744012495663,-0.7016826129290754,1.323172947773761,0.8587677146583175,0.0129314679155736,1.6715892889469288,1.397076656124402,1,1,1.0
0.0,0.0,0.0,0.0,0.0,1.0,0.0,0.0,0.0,1.0,0.0,1.0,0.0,0.0,0.0,0.0,1.0,0.0,0.0,0.0,0.0,1.0,0.0,0.9147555046180523,-1.6461422829291181,1.2965108015786917,0.0648954475796536,0.7343919740363871,-0.18675935156074158,0.009422137949136454,-1.3400399628745336,-0.8816836577280718,-1.4096180318506764,0.6712033727636421,1.1752255995796654,0,0,0.0
1.0,0.0,0.0,0.0,1.0,0.0,1.0,0.0,0.0,0.0,0.0,0.0,0.0,0.0,1.0,0.0,0.0,0.0,0.0,0.0,0.0,1.0,0.0,-0.6717931989808145,0.7949334954449565,-0.22991839821962085,0.0648954475796536,-0.6947337355941398,0.21385827225759635,-1.4127873638072872,1.323172947773761,0.27861725719618774,1.562242804294658,-1.107260478228868,-0.1727836773302588,1,1,1.0
1.0,0.0,0.0,0.0,0.0,1.0,0.0,0.0,0.0,1.0,0.0,0.0,0.0,1.0,1.0,0.0,1.0,1.0,0.0,0.0,0.0,0.0,0.0,0.5621891260405263,1.5324841352238354,-0.22991839821962085,0.0648954475796536,-0.6947337355941398,0.042165004906880105,-0.7016826129290754,1.323172947773761,-0.8816836577280718,-0.31101544787278046,1.1158193355117696,-0.11996199720055935,1,1,1.0
0.0,1.0,0.0,1.0,0.0,0.0,1.0,0.0,0.0,0.0,0.0,1.0,0.0,0.0,0.0,1.0,0.0,0.0,0.0,1.0,0.0,0.0,0.0,0.033339558174237414,-1.4747501286188431,-0.22991839821962085,0.0648954475796536,-0.6947337355941398,0.9578624307773668,-0.7016826129290754,-0.4523023259917688,-1.4618341151902017,0.843925730155264,0.1154334193284827,-0.410481237913905,0,1,1.0
1.0,0.0,0.0,0.0,1.0,0.0,0.0,0.0,0.0,1.0,0.0,1.0,0.0,0.0,0.0,0.0,1.0,1.0,0.0,0.0,0.0,0.0,0.0,0.47404753139614486,-1.4455741870801788,-0.9931329981187772,-1.1537984036814481,1.4489548288516505,0.3283204504914072,1.4316316397055602,0.43543531089099613,0.27861725719618774,0.6889945965173558,-1.107260478228868,-1.1288560876778144,0,0,0.0
0.0,1.0,0.0,0.0,0.0,0.0,0.0,0.0,0.0,1.0,1.0,0.0,0.0,0.0,1.0,1.0,0.0,0.0,0.0,0.0,0.0,0.0,1.0,0.47404753139614486,0.14025705159773566,0.9149035016291136,0.4711267313333542,0.7343919740363871,-0.41568370802836324,-0.7016826129290754,-0.4523023259917688,-1.4618341151902017,-0.9236976581681455,-0.8849524968548041,1.008309090369816,0,0,0.0
0.0,0.0,0.0,0.0,1.0,0.0,1.0,0.0,0.0,0.0,0.0,0.0,0.0,1.0,0.0,0.0,1.0,0.0,0.0,0.0,1.0,0.0,0.0,1.0910386939068153,0.7732825705022374,-0.22991839821962085,0.4711267313333542,0.019829119221123678,1.0723246090111775,0.009422137949136454,0.43543531089099613,-1.4618341151902017,-0.205380584028752,-1.107260478228868,-0.11679269639277762,0,1,1.0
0.0,1.0,0.0,0.0,0.0,1.0,0.0,1.0,0.0,0.0,0.0,0.0,1.0,0.0,0.0,1.0,0.0,0.0,0.0,1.0,0.0,0.0,0.0,-0.14294363111452557,-1.2421016988608748,-0.9931329981187772,-0.341335836174047,-1.4092965904094032,-1.5603054903664717,0.009422137949136454,-1.3400399628745336,1.4389181721204474,1.2030842672249609,0.4488953913895783,-1.0020840553665364,0,1,1.0
1.0,0.0,0.0,1.0,0.0,0.0,0.0,1.0,0.0,0.0,0.0,0.0,0.0,1.0,0.0,0.0,0.0,0.0,0.0,0.0,0.0,1.0,0.0,-0.8480763882695774,-1.655647567050312,-0.9931329981187772,-0.341335836174047,0.019829119221123678,-0.7018391536128903,-1.4127873638072872,0.43543531089099613,-0.8816836577280718,1.5199888587570463,-0.21802855273261293,-1.1478718925245062,0,1,1.0
0.0,0.0,0.0,0.0,1.0,0.0,1.0,0.0,0.0,0.0,0.0,1.0,0.0,0.0,0.0,0.0,0.0,0.0,0.0,0.0,0.0,0.0,1.0,-0.759934793625196,-0.6930395230269181,-1.3747402980683554,-1.1537984036814481,-1.4092965904094032,-0.015066084210025312,-0.7016826129290754,-1.3400399628745336,0.27861725719618774,-0.036364801878306305,0.4488953913895783,-1.418318894788566,1,1,1.0
1.0,0.0,0.0,0.0,1.0,0.0,1.0,0.0,0.0,0.0,0.0,1.0,0.0,0.0,1.0,1.0,0.0,1.0,0.0,0.0,0.0,0.0,0.0,0.5621891260405263,-1.0459231960262367,-0.22991839821962085,-0.341335836174047,-1.4092965904094032,-1.216918955665039,0.009422137949136454,1.323172947773761,1.4389181721204474,-0.9870785764745625,-0.5514905247937085,-0.08404325471236394,0,1,1.0
0.0,0.0,1.0,0.0,0.0,0.0,1.0,0.0,0.0,0.0,0.0,1.0,0.0,0.0,0.0,0.0,1.0,1.0,0.0,0.0,0.0,0.0,0.0,1.7080298564174856,1.4378273475169474,-0.611525698169199,-0.7475671199277476,-0.6947337355941398,1.0723246090111775,0.009422137949136454,0.43543531089099613,1.4389181721204474,-0.32510009638531756,1.3381273168858332,-0.7316370531024763,0,0,0.0
1.0,0.0,0.0,0.0,0.0,0.0,0.0,0.0,0.0,1.0,0.0,0.0,1.0,0.0,0.0,0.0,0.0,0.0,1.0,0.0,0.0,0.0,0.0,-0.23108522575890705,0.1369896101810753,1.2965108015786917,0.4711267313333542,-1.4092965904094032,1.2440178763618939,0.7205268888273483,-0.4523023259917688,-1.4618341151902017,0.7664601633363102,1.2269733261988014,1.2745303582235001,1,0,0.0
0.0,1.0,0.0,0.0,0.0,1.0,0.0,0.0,1.0,0.0,0.0,0.0,0.0,0.0,1.0,0.0,1.0,0.0,0.0,0.0,0.0,0.0,1.0,0.8266139099736708,0.5673347478763724,0.9149035016291136,0.8773580150870548,1.4489548288516505,1.4157111437126102,1.4316316397055602,-0.4523023259917688,-1.4618341151902017,0.12560865601587073,0.004279428641450823,0.8572390851988758,0,0,0.0
0.0,0.0,0.0,0.0,1.0,0.0,0.0,0.0,0.0,1.0,0.0,0.0,1.0,0.0,0.0,0.0,0.0,0.0,0.0,1.0,0.0,0.0,0.0,1.0028970992624338,-0.44171056961410365,0.1516889017299573,-1.1537984036814481,1.4489548288516505,1.0723246090111775,1.4316316397055602,1.323172947773761,-0.30153320026594205,-0.029322477622037886,1.2269733261988014,0.31634508067075595,0,0,0.0
0.0,0.0,1.0,0.0,0.0,0.0,0.0,0.0,0.0,0.0,0.0,0.0,1.0,0.0,0.0,1.0,0.0,0.0,0.0,0.0,0.0,0.0,1.0,-0.40736841504767,1.0399916016944832,-0.9931329981187772,-0.341335836174047,-0.6947337355941398,1.3584800545957048,0.009422137949136454,-1.3400399628745336,0.8587677146583175,-0.6349623636611342,-0.10687456204558105,-1.17005699817898,0,0,0.0
0.0,1.0,0.0,0.0,0.0,0.0,1.0,0.0,0.0,0.0,0.0,0.0,1.0,0.0,1.0,0.0,0.0,0.0,0.0,1.0,0.0,0.0,0.0,-1.1125011722027218,-1.3360323884751715,0.1516889017299573,0.4711267313333542,0.019829119221123678,-0.12952826244383614,-0.7016826129290754,1.323172947773761,-0.30153320026594205,0.928433621230487,1.1158193355117696,0.22232249003989138,0,1,1.0
0.0,1.0,1.0,0.0,0.0,0.0,1.0,0.0,0.0,0.0,0.0,1.0,0.0,0.0,0.0,0.0,0.0,0.0,0.0,0.0,0.0,0.0,0.0,-0.14294363111452557,0.8354959752538007,-0.9931329981187772,-1.1537984036814481,1.4489548288516505,-0.9307635100805121,1.4316316397055602,-0.4523023259917688,-0.30153320026594205,0.2382858441161676,-0.996106487541836,-1.102445247612965,0,0,0.0
1.0,0.0,1.0,0.0,0.0,0.0,0.0,0.0,1.0,0.0,0.0,0.0,0.0,1.0,0.0,0.0,1.0,0.0,0.0,0.0,0.0,1.0,0.0,1.6198882617731043,0.7068445950301434,-0.9931329981187772,-1.1537984036814481,0.7343919740363871,0.2710893613745018,0.009422137949136454,-0.4523023259917688,-1.4618341151902017,0.86505270292407,1.2269733261988014,-1.0580750363040174,0,1,1.0
0.0,0.0,0.0,0.0,0.0,0.0,1.0,0.0,0.0,0.0,0.0,0.0,1.0,0.0,1.0,0.0,1.0,0.0,0.0,0.0,0.0,0.0,1.0,-1.1125011722027218,1.317559099816843,0.1516889017299573,-0.7475671199277476,-0.6947337355941398,0.3855515396083126,-0.7016826129290754,0.43543531089099613,-0.30153320026594205,-1.0222901977559053,-1.107260478228868,0.18640374755169598,1,1,1.0
1.0,0.0,0.0,0.0,0.0,0.0,0.0,0.0,0.0,1.0,0.0,0.0,0.0,1.0,1.0,1.0,0.0,0.0,0.0,0.0,0.0,1.0,0.0,1.0910386939068153,-1.2917404048271088,-0.611525698169199,0.0648954475796536,-1.4092965904094032,1.1867867872449884,-1.4127873638072872,-1.3400399628745336,0.27861725719618774,-1.4589143016445563,0.33774140070254643,-0.49393949251883007,1,1,1.0
0.0,1.0,0.0,0.0,0.0,1.0,1.0,0.0,0.0,0.0,0.0,0.0,0.0,0.0,1.0,0.0,0.0,0.0,0.0,1.0,0.0,0.0,0.0,-0.14294363111452557,0.9945114575312715,-1.3747402980683554,-0.341335836174047,0.019829119221123678,1.6446355001802317,0.7205268888273483,0.43543531089099613,0.27861725719618774,1.0058991880494412,1.6715892889469288,-1.3433121090043934,0,1,1.0
0.0,1.0,0.0,0.0,1.0,0.0,0.0,0.0,0.0,0.0,0.0,1.0,0.0,0.0,0.0,0.0,1.0,0.0,0.0,0.0,0.0,1.0,0.0,1.1791802885511968,1.431325469142381,-0.9931329981187772,-1.1537984036814481,1.4489548288516505,0.21385827225759635,0.7205268888273483,0.43543531089099613,-0.8816836577280718,1.3228037795815266,1.1158193355117696,-0.9693346136861228,0,0,0.0
0.0,0.0,0.0,0.0,0.0,1.0,0.0,0.0,0.0,1.0,0.0,1.0,0.0,0.0,0.0,1.0,0.0,0.0,0.0,0.0,0.0,0.0,0.0,-1.0243595775583405,0.05246519131170989,-0.611525698169199,-0.7475671199277476,0.019829119221123678,-0.41568370802836324,-0.7016826129290754,-1.3400399628745336,-0.8816836577280718,0.266455141141242,0.8935113541377058,-0.5668334110978149,0,0,0.0
1.0,0.0,1.0,0.0,0.0,0.0,0.0,1.0,0.0,0.0,0.0,0.0,1.0,0.0,0.0,0.0,0.0,0.0,0.0,0.0,1.0,0.0,0.0,1.0028970992624338,-1.3898956651619363,-0.9931329981187772,0.0648954475796536,-1.4092965904094032,0.09939609402378552,1.4316316397055602,-0.4523023259917688,-0.30153320026594205,-1.1208827373436652,0.004279428641450823,-0.887989226286386,0,0,0.0
0.0,1.0,0.0,1.0,0.0,0.0,0.0,1.0,0.0,0.0,0.0,0.0,0.0,0.0,0.0,0.0,1.0,0.0,0.0,1.0,0.0,0.0,0.0,-1.288784361491485,-0.17836799321478045,-0.22991839821962085,0.0648954475796536,0.7343919740363871,1.129555698128083,1.4316316397055602,-0.4523023259917688,1.4389181721204474,0.14673562878467622,-1.5518764409769954,-0.24356472870405557,0,0,0.0
0.0,1.0,0.0,0.0,1.0,0.0,0.0,0.0,0.0,0.0,0.0,1.0,0.0,0.0,0.0,0.0,1.0,1.0,0.0,0.0,0.0,0.0,0.0,1.0910386939068153,-1.195994469981334,0.5332962016795355,0.4711267313333542,0.7343919740363871,-0.9307635100805121,-0.7016826129290754,1.323172947773761,-0.8816836577280718,0.4284285990354188,1.1158193355117696,0.668137470334553,0,0,0.0
1.0,0.0,0.0,0.0,1.0,0.0,0.0,0.0,0.0,1.0,0.0,0.0,0.0,0.0,1.0,0.0,1.0,0.0,0.0,0.0,0.0,0.0,1.0,-0.936217982913959,-1.3177809227841293,-0.9931329981187772,-0.7475671199277476,1.4489548288516505,0.5572448069590289,-0.7016826129290754,1.323172947773761,-0.30153320026594205,1.139703348918544,-1.6630304316640272,-0.9904632857380025,1,0,0.0
1.0,0.0,1.0,0.0,0.0,0.0,1.0,0.0,0.0,0.0,1.0,0.0,0.0,0.0,1.0,0.0,0.0,0.0,0.0,1.0,0.0,0.0,0.0,-0.8480763882695774,-0.6077229971474531,1.2965108015786917,-0.341335836174047,-1.4092965904094032,-0.4729147971452687,-0.7016826129290754,-0.4523023259917688,1.4389181721204474,-0.043407126134574966,0.7823573634506739,1.3368599407765451,1,1,1.0
0.0,0.0,0.0,0.0,0.0,1.0,0.0,1.0,0.0,0.0,1.0,0.0,0.0,0.0,0.0,0.0,0.0,0.0,0.0,1.0,0.0,0.0,0.0,0.2977643421073819,-0.13707941531334503,1.2965108015786917,2.5022831501018574,0.7343919740363871,-1.6175365794833771,1.4316316397055602,0.43543531089099613,-0.8816836577280718,0.47068254457303027,-0.5514905247937085,1.467857707498199,0,1,1.0
1.0,0.0,0.0,1.0,0.0,0.0,0.0,0.0,0.0,0.0,0.0,0.0,1.0,0.0,0.0,0.0,1.0,0.0,0.0,0.0,1.0,0.0,0.0,-0.14294363111452557,0.6786257827953494,-1.3747402980683554,-0.341335836174047,0.7343919740363871,-0.8735324209636066,-1.4127873638072872,-0.4523023259917688,1.4389181721204474,0.9566029182555611,0.5600493820766101,-1.3073933665161979,0,0,0.0
1.0,0.0,0.0,0.0,0.0,0.0,0.0,1.0,0.0,0.0,0.0,1.0,0.0,0.0,0.0,0.0,0.0,0.0,1.0,0.0,0.0,0.0,0.0,1.0910386939068153,-0.08526241506933732,0.1516889017299573,-0.7475671199277476,1.4489548288516505,0.9578624307773668,1.4316316397055602,-0.4523023259917688,0.27861725719618774,1.639708371113612,-0.6626445154807404,0.22549179084767343,0,0,0.0
0.0,0.0,0.0,0.0,0.0,1.0,1.0,0.0,0.0,0.0,0.0,0.0,0.0,0.0,1.0,0.0,1.0,1.0,0.0,0.0,0.0,0.0,0.0,1.5317466671287228,1.2391735102757486,0.5332962016795355,-1.1537984036814481,-1.4092965904094032,-1.3886122230157554,1.4316316397055602,1.323172947773761,1.4389181721204474,-1.5504645169760476,-0.6626445154807404,0.6332751614489516,0,0,0.0
1.0,0.0,0.0,0.0,0.0,1.0,0.0,0.0,0.0,1.0,1.0,0.0,0.0,0.0,1.0,0.0,1.0,0.0,0.0,1.0,0.0,0.0,0.0,1.7080298564174856,-0.5236276362418916,-0.22991839821962085,0.0648954475796536,1.4489548288516505,-0.7018391536128903,0.7205268888273483,0.43543531089099613,-0.30153320026594205,1.5059042102445095,-1.107260478228868,-0.1453164036628152,0,0,0.0
0.0,0.0,0.0,1.0,0.0,0.0,1.0,0.0,0.0,0.0,0.0,1.0,0.0,0.0,1.0,1.0,0.0,0.0,0.0,0.0,1.0,0.0,0.0,0.7384723153292894,0.7009367969131515,1.2965108015786917,0.0648954475796536,1.4489548288516505,-0.7590702427297957,0.7205268888273483,-1.3400399628745336,-1.4618341151902017,-0.34622706915412327,-0.5514905247937085,1.3484807104050789,1,1,1.0
0.0,1.0,0.0,0.0,0.0,1.0,0.0,0.0,0.0,0.0,1.0,0.0,0.0,0.0,1.0,0.0,1.0,0.0,0.0,0.0,0.0,1.0,0.0,-0.936217982913959,0.6881640713752973,0.9149035016291136,2.0960518663481564,0.7343919740363871,1.0150935198942723,-1.4127873638072872,-1.3400399628745336,-0.8816836577280718,-1.4589143016445563,-1.6630304316640272,0.8910449604818839,1,1,1.0
0.0,0.0,0.0,0.0,0.0,1.0,0.0,1.0,0.0,0.0,1.0,0.0,0.0,0.0,0.0,0.0,1.0,0.0,0.0,0.0,0.0,1.0,0.0,0.5621891260405263,1.061279477590907,-0.611525698169199,-1.1537984036814481,0.019829119221123678,-0.644608064495985,0.7205268888273483,-1.3400399628745336,0.8587677146583175,-0.17721128700367758,-0.10687456204558105,-0.6798718065753713,0,0,0.0
1.0,0.0,0.0,1.0,0.0,0.0,1.0,0.0,0.0,0.0,1.0,0.0,0.0,0.0,0.0,1.0,0.0,0.0,0.0,1.0,0.0,0.0,0.0,1.0028970992624338,-0.6351827068309018,0.9149035016291136,-0.341335836174047,0.7343919740363871,0.15662718314069093,-0.7016826129290754,-1.3400399628745336,-0.8816836577280718,0.6256136782109389,-0.44033653410667667,0.8762548900455676,0,0,0.0
1.0,0.0,0.0,0.0,0.0,0.0,0.0,0.0,0.0,1.0,0.0,0.0,1.0,0.0,0.0,0.0,0.0,1.0,0.0,0.0,0.0,0.0,0.0,0.033339558174237414,-1.2449730867724853,0.5332962016795355,-0.7475671199277476,-1.4092965904094032,0.3283204504914072,-0.7016826129290754,0.43543531089099613,-0.30153320026594205,-1.1631366828812766,0.004279428641450823,0.3691667608004554,1,1,1.0
0.0,0.0,0.0,0.0,0.0,0.0,0.0,0.0,0.0,0.0,0.0,0.0,0.0,1.0,1.0,0.0,0.0,0.0,0.0,0.0,0.0,0.0,0.0,1.5317466671287228,0.07665745957849819,-0.611525698169199,-0.341335836174047,-0.6947337355941398,0.44278262872521806,-0.7016826129290754,1.323172947773761,-1.4618341151902017,0.9847722152806353,-1.107260478228868,-0.763330061180296,1,0,0.0
0.0,0.0,0.0,0.0,1.0,0.0,0.0,0.0,1.0,0.0,0.0,0.0,0.0,0.0,0.0,0.0,0.0,0.0,0.0,0.0,1.0,0.0,0.0,0.2096227474630004,0.6185576678628054,-1.3747402980683554,-1.1537984036814481,-1.4092965904094032,0.5572448069590289,0.009422137949136454,-1.3400399628745336,-1.4618341151902017,1.104491727637201,0.22658741001551455,-1.3338042065810474,1,0,0.0
1.0,0.0,0.0,1.0,0.0,0.0,0.0,0.0,1.0,0.0,0.0,0.0,0.0,0.0,0.0,1.0,0.0,0.0,1.0,0.0,0.0,0.0,0.0,-0.8480763882695774,0.6487897520816023,1.67811810152827,-0.7475671199277476,-0.6947337355941398,1.4157111437126102,0.7205268888273483,-1.3400399628745336,-0.30153320026594205,-1.5645491654885848,0.1154334193284827,1.5565981301160936,0,0,0.0
0.0,1.0,0.0,0.0,0.0,1.0,0.0,1.0,0.0,0.0,0.0,0.0,0.0,1.0,1.0,0.0,0.0,1.0,0.0,0.0,0.0,0.0,0.0,-1.288784361491485,-0.4809858755315362,-1.3747402980683554,-0.7475671199277476,-0.6947337355941398,0.7289380743097451,1.4316316397055602,-0.4523023259917688,0.27861725719618774,0.08335471047825925,0.004279428641450823,-1.3422556754017994,1,0,0.0
0.0,0.0,0.0,1.0,0.0,0.0,0.0,0.0,1.0,0.0,1.0,0.0,0.0,0.0,1.0,0.0,1.0,0.0,0.0,0.0,0.0,0.0,1.0,0.2096227474630004,1.5871725233794538,0.1516889017299573,-1.1537984036814481,0.7343919740363871,-0.644608064495985,0.009422137949136454,1.323172947773761,-0.8816836577280718,-0.5152428513045687,1.1158193355117696,0.1525978722686886,0,1,1.0
0.0,1.0,0.0,0.0,0.0,1.0,0.0,0.0,0.0,1.0,0.0,0.0,0.0,1.0,0.0,0.0,0.0,0.0,0.0,0.0,0.0,1.0,0.0,-0.4955100096920515,-1.5017477758797337,0.1516889017299573,0.4711267313333542,-1.4092965904094032,1.3012489654787993,-1.4127873638072872,-1.3400399628745336,-0.8816836577280718,0.5411057871357159,0.7823573634506739,0.030051574367786413,1,1,1.0
1.0,0.0,0.0,0.0,0.0,1.0,0.0,0.0,0.0,1.0,0.0,0.0,0.0,0.0,0.0,0.0,1.0,0.0,0.0,0.0,1.0,0.0,0.0,-0.4955100096920515,0.6241684258510101,-1.3747402980683554,-1.1537984036814481,0.019829119221123678,-1.6747676686002824,0.009422137949136454,0.43543531089099613,-0.30153320026594205,0.40025930201034465,0.004279428641450823,-1.29471616328507,1,0,0.0
0.0,1.0,0.0,0.0,0.0,1.0,1.0,0.0,0.0,0.0,0.0,1.0,0.0,0.0,1.0,1.0,0.0,0.0,0.0,0.0,0.0,0.0,0.0,1.6198882617731043,1.5525838506051097,0.1516889017299573,1.2835892988407553,0.7343919740363871,-0.41568370802836324,-0.7016826129290754,0.43543531089099613,-1.4618341151902017,0.8227987573864585,0.6712033727636421,0.2571847989254931,1,0,0.0
0.0,1.0,0.0,0.0,0.0,0.0,1.0,0.0,0.0,0.0,0.0,1.0,0.0,0.0,0.0,0.0,1.0,0.0,0.0,1.0,0.0,0.0,0.0,-0.759934793625196,0.09900147815505438,1.2965108015786917,0.8773580150870548,-1.4092965904094032,-1.1596878665481336,1.4316316397055602,-0.4523023259917688,-1.4618341151902017,1.188999618712424,-1.6630304316640272,1.334747073571357,0,0,0.0
1.0,0.0,0.0,0.0,0.0,0.0,0.0,1.0,0.0,0.0,0.0,0.0,0.0,1.0,0.0,1.0,0.0,0.0,1.0,0.0,0.0,0.0,0.0,0.033339558174237414,1.361686061171135,-0.9931329981187772,-0.341335836174047,-0.6947337355941398,-1.4458433121326608,0.7205268888273483,-1.3400399628745336,-1.4618341151902017,-1.3814487348256022,-0.10687456204558105,-1.1267432204726264,1,0,0.0
1.0,0.0,0.0,0.0,0.0,1.0,0.0,0.0,0.0,0.0,0.0,1.0,0.0,0.0,0.0,0.0,1.0,1.0,0.0,0.0,0.0,0.0,0.0,-0.14294363111452557,0.7953295489500062,-0.22991839821962085,-1.1537984036814481,-1.4092965904094032,0.15662718314069093,1.4316316397055602,-0.4523023259917688,-0.30153320026594205,0.329836059447659,1.4492813075728652,-0.4020297690931532,1,0,0.0
0.0,0.0,0.0,0.0,0.0,0.0,0.0,1.0,0.0,0.0,0.0,0.0,0.0,1.0,0.0,1.0,0.0,1.0,0.0,0.0,0.0,0.0,0.0,-0.8480763882695774,-1.6951208997202694,-0.22991839821962085,-0.341335836174047,-0.6947337355941398,-0.5301458862621741,-0.7016826129290754,-0.4523023259917688,0.27861725719618774,-0.31101544787278046,0.8935113541377058,-0.07876108669939418,1,1,1.0
0.0,1.0,0.0,0.0,1.0,0.0,0.0,1.0,0.0,0.0,1.0,0.0,0.0,0.0,1.0,0.0,1.0,0.0,0.0,0.0,0.0,1.0,0.0,0.1214811528186189,-1.2777795187741054,-0.9931329981187772,0.0648954475796536,0.019829119221123678,1.0150935198942723,0.009422137949136454,1.323172947773761,0.27861725719618774,1.3368884280940636,1.1158193355117696,-0.8763684566578522,0,0,0.0
0.0,1.0,1.0,0.0,0.0,0.0,0.0,0.0,0.0,1.0,1.0,0.0,0.0,0.0,0.0,0.0,1.0,0.0,0.0,0.0,0.0,0.0,1.0,0.2977643421073819,1.1430975308424325,-0.22991839821962085,-0.341335836174047,1.4489548288516505,-0.5301458862621741,1.4316316397055602,-0.4523023259917688,0.8587677146583175,-1.2898985194941108,-1.3295684596029316,-0.4083683707087173,0,1,1.0
1.0,0.0,0.0,0.0,0.0,1.0,0.0,1.0,0.0,0.0,0.0,0.0,0.0,1.0,1.0,0.0,1.0,1.0,0.0,0.0,0.0,0.0,0.0,-1.2006427668471034,-0.5862040900397506,0.1516889017299573,-0.7475671199277476,0.019829119221123678,1.5874044110633263,1.4316316397055602,-1.3400399628745336,1.4389181721204474,-0.001153180596963479,-1.5518764409769954,-0.009036468928191061,1,1,1.0
1.0,0.0,0.0,1.0,0.0,0.0,0.0,0.0,0.0,0.0,0.0,0.0,1.0,0.0,0.0,0.0,0.0,0.0,0.0,0.0,0.0,0.0,0.0,-0.054802036470144075,-1.5813545303947316,-1.3747402980683554,-0.341335836174047,0.019829119221123678,-1.5030744012495663,-0.7016826129290754,0.43543531089099613,-0.8816836577280718,-1.1067980888311282,-0.10687456204558105,-1.3264091713628896,0,0,0.0
1.0,0.0,0.0,0.0,0.0,0.0,0.0,0.0,1.0,0.0,0.0,0.0,0.0,1.0,0.0,0.0,0.0,0.0,1.0,0.0,0.0,0.0,0.0,-1.288784361491485,0.6582950362027961,1.67811810152827,-1.1537984036814481,0.7343919740363871,0.7289380743097451,-0.7016826129290754,0.43543531089099613,0.8587677146583175,1.2946344825564526,-0.8849524968548041,1.559767430923876,0,0,0.0
0.0,1.0,0.0,0.0,0.0,1.0,1.0,0.0,0.0,0.0,0.0,0.0,0.0,0.0,0.0,0.0,0.0,1.0,0.0,0.0,0.0,0.0,0.0,-1.1125011722027218,0.19732176078365243,0.5332962016795355,-0.341335836174047,0.7343919740363871,0.2710893613745018,0.7205268888273483,-1.3400399628745336,-0.8816836577280718,-1.4096180318506764,-0.6626445154807404,0.3744489288134252,0,0,0.0
0.0,0.0,0.0,0.0,0.0,1.0,0.0,0.0,0.0,1.0,0.0,0.0,0.0,1.0,1.0,1.0,0.0,0.0,0.0,0.0,0.0,0.0,0.0,-1.1125011722027218,-0.4170562389247573,-0.611525698169199,-0.341335836174047,0.019829119221123678,-1.216918955665039,-1.4127873638072872,1.323172947773761,0.8587677146583175,-0.9941209007308311,-1.5518764409769954,-0.7168469826661606,0,1,1.0
0.0,0.0,0.0,1.0,0.0,0.0,0.0,0.0,0.0,1.0,0.0,0.0,0.0,1.0,0.0,1.0,0.0,1.0,0.0,0.0,0.0,0.0,0.0,0.5621891260405263,0.18897163271885373,-1.7563475980179335,-0.7475671199277476,0.7343919740363871,-1.7319987577171878,0.7205268888273483,0.43543531089099613,-0.30153320026594205,-1.4377873288757508,-0.996106487541836,-1.6845401626422503,0,1,1.0
0.0,0.0,0.0,0.0,1.0,0.0,0.0,0.0,0.0,0.0,0.0,1.0,0.0,0.0,0.0,1.0,0.0,0.0,0.0,0.0,0.0,0.0,0.0,-1.1125011722027218,0.17580285367594986,1.2965108015786917,0.4711267313333542,0.019829119221123678,0.09939609402378552,1.4316316397055602,0.43543531089099613,-0.8816836577280718,-0.9589092794494883,0.5600493820766101,1.3516500112128607,0,0,0.0
0.0,0.0,0.0,0.0,1.0,0.0,0.0,0.0,1.0,0.0,1.0,0.0,0.0,0.0,1.0,0.0,1.0,0.0,0.0,0.0,0.0,0.0,0.0,-1.3769259561358664,0.4297061548715876,0.9149035016291136,-0.341335836174047,0.7343919740363871,1.5874044110633263,-1.4127873638072872,-1.3400399628745336,-1.4618341151902017,0.5340634628794473,1.2269733261988014,0.8023045378639887,0,1,1.0
0.0,0.0,0.0,1.0,0.0,0.0,0.0,0.0,1.0,0.0,0.0,0.0,1.0,0.0,1.0,1.0,0.0,0.0,0.0,0.0,0.0,0.0,1.0,0.9147555046180523,-0.6382521214950373,0.5332962016795355,0.4711267313333542,-0.6947337355941398,1.0723246090111775,0.7205268888273483,-1.3400399628745336,-0.30153320026594205,1.3861846978879437,-0.10687456204558105,0.5941871181529741,0,0,0.0
1.0,0.0,0.0,1.0,0.0,0.0,1.0,0.0,0.0,0.0,1.0,0.0,0.0,0.0,0.0,0.0,1.0,0.0,0.0,0.0,0.0,1.0,0.0,-0.583651604336433,1.466145173128004,0.9149035016291136,-0.341335836174047,0.019829119221123678,-1.33138113389885,0.7205268888273483,0.43543531089099613,-0.8816836577280718,-0.6138353908923285,-0.10687456204558105,0.8339975459418086,1,0,0.0
1.0,0.0,0.0,0.0,0.0,1.0,0.0,0.0,0.0,0.0,1.0,0.0,0.0,0.0,0.0,1.0,0.0,1.0,0.0,0.0,0.0,0.0,0.0,-1.0243595775583405,-0.2632224566716873,-0.22991839821962085,0.0648954475796536,1.4489548288516505,1.129555698128083,0.009422137949136454,0.43543531089099613,-0.8816836577280718,0.38617465349780755,-0.7737985061677722,-0.10094619235386762,0,0,0.0
0.0,0.0,0.0,1.0,0.0,0.0,0.0,1.0,0.0,0.0,1.0,0.0,0.0,0.0,0.0,1.0,0.0,0.0,0.0,0.0,1.0,0.0,0.0,-1.2006427668471034,1.3620161057586764,1.2965108015786917,-0.341335836174047,0.019829119221123678,0.7289380743097451,0.7205268888273483,1.323172947773761,1.4389181721204474,0.2382858441161676,0.004279428641450823,1.4689141411007927,0,1,1.0
0.0,0.0,0.0,0.0,0.0,1.0,1.0,0.0,0.0,0.0,0.0,0.0,0.0,0.0,0.0,0.0,1.0,0.0,1.0,0.0,0.0,0.0,0.0,-1.5532091454246293,-1.7410301018472851,-0.9931329981187772,-1.1537984036814481,0.019829119221123678,0.3283204504914072,-1.4127873638072872,-0.4523023259917688,0.27861725719618774,-1.4518719773882878,-0.10687456204558105,-1.1753391661919497,0,0,0.0
1.0,0.0,0.0,0.0,0.0,1.0,1.0,0.0,0.0,0.0,0.0,0.0,0.0,1.0,0.0,0.0,1.0,0.0,0.0,0.0,1.0,0.0,0.0,-0.40736841504767,-0.1163196107569878,-0.9931329981187772,-0.341335836174047,0.019829119221123678,-1.216918955665039,1.4316316397055602,-0.4523023259917688,-1.4618341151902017,-1.2335599254439622,-0.21802855273261293,-0.8858763590811981,1,1,1.0
0.0,0.0,0.0,0.0,0.0,0.0,0.0,0.0,0.0,1.0,1.0,0.0,0.0,0.0,1.0,0.0,0.0,0.0,1.0,0.0,0.0,0.0,0.0,0.5621891260405263,1.4747263324040816,-0.611525698169199,-0.7475671199277476,-1.4092965904094032,0.15662718314069093,-1.4127873638072872,-1.3400399628745336,0.27861725719618774,0.2734974653975104,-0.5514905247937085,-0.6608560017286795,1,1,1.0
0.0,1.0,0.0,0.0,0.0,1.0,0.0,0.0,1.0,0.0,0.0,0.0,0.0,1.0,1.0,0.0,1.0,0.0,0.0,0.0,1.0,0.0,0.0,0.1214811528186189,1.3223447463361941,1.2965108015786917,-0.341335836174047,-1.4092965904094032,-1.4458433121326608,0.7205268888273483,1.323172947773761,0.8587677146583175,1.3580154008628695,-1.107260478228868,1.3083362335065074,1,0,0.0
1.0,0.0,0.0,1.0,0.0,0.0,0.0,0.0,1.0,0.0,0.0,0.0,0.0,1.0,1.0,0.0,0.0,0.0,0.0,0.0,0.0,0.0,0.0,-0.4955100096920515,-1.7457827439078821,0.5332962016795355,-0.7475671199277476,1.4489548288516505,0.7289380743097451,-0.7016826129290754,-0.4523023259917688,0.27861725719618774,1.6890046409074917,-0.996106487541836,0.4156498393145907,0,0,0.0
1.0,0.0,0.0,0.0,1.0,0.0,1.0,0.0,0.0,0.0,0.0,0.0,0.0,1.0,1.0,0.0,0.0,0.0,0.0,0.0,1.0,0.0,0.0,-0.14294363111452557,0.07728454429482695,-0.22991839821962085,-0.341335836174047,0.7343919740363871,-1.1596878665481336,-0.7016826129290754,0.43543531089099613,0.8587677146583175,1.055195457843321,-0.21802855273261293,-0.14425997006022118,0,0,0.0
0.0,1.0,0.0,0.0,1.0,0.0,0.0,0.0,0.0,1.0,1.0,0.0,0.0,0.0,1.0,0.0,1.0,0.0,0.0,0.0,1.0,0.0,0.0,-1.2006427668471034,-1.2930605831772748,-0.22991839821962085,0.4711267313333542,0.019829119221123678,-0.18675935156074158,-0.7016826129290754,-1.3400399628745336,0.27861725719618774,0.4988518415981045,0.8935113541377058,-0.25412906472999547,1,1,1.0
1.0,0.0,1.0,0.0,0.0,0.0,0.0,0.0,0.0,1.0,0.0,1.0,0.0,0.0,0.0,0.0,0.0,0.0,0.0,0.0,0.0,1.0,0.0,0.3859059367517634,-1.5712881704747172,-0.611525698169199,-1.1537984036814481,-0.6947337355941398,-1.1024567774312282,-1.4127873638072872,-1.3400399628745336,0.8587677146583175,-1.4448296531320193,1.2269733261988014,-0.42632774195281503,1,1,1.0
0.0,0.0,0.0,0.0,1.0,0.0,1.0,0.0,0.0,0.0,0.0,0.0,0.0,0.0,1.0,0.0,0.0,0.0,0.0,0.0,0.0,1.0,0.0,-1.3769259561358664,1.4252196442728642,0.1516889017299573,0.4711267313333542,-1.4092965904094032,-1.7319987577171878,0.009422137949136454,-0.4523023259917688,0.8587677146583175,1.463650264706898,1.3381273168858332,0.24767689650214725,0,0,0.0
0.0,1.0,1.0,0.0,0.0,0.0,0.0,0.0,0.0,0.0,1.0,0.0,0.0,0.0,1.0,0.0,0.0,0.0,0.0,0.0,0.0,0.0,0.0,0.1214811528186189,0.5113921902880966,-0.611525698169199,-0.341335836174047,0.7343919740363871,0.2710893613745018,0.7205268888273483,-0.4523023259917688,-0.8816836577280718,-0.430734960229346,-0.6626445154807404,-0.5013345277369878,0,0,0.0
0.0,0.0,1.0,0.0,0.0,0.0,0.0,0.0,0.0,0.0,1.0,0.0,0.0,0.0,1.0,0.0,1.0,1.0,0.0,0.0,0.0,0.0,0.0,1.4436050724843412,0.8502489683169036,-0.22991839821962085,-0.341335836174047,-1.4092965904094032,0.15662718314069093,-1.4127873638072872,-0.4523023259917688,0.8587677146583175,-1.1631366828812766,1.6715892889469288,-0.35871599138679994,1,1,1.0
1.0,0.0,0.0,0.0,1.0,0.0,1.0,0.0,0.0,0.0,0.0,0.0,1.0,0.0,1.0,0.0,0.0,0.0,0.0,1.0,0.0,0.0,0.0,-0.936217982913959,1.424757581850306,-0.611525698169199,-1.1537984036814481,0.7343919740363871,1.4729422328295156,1.4316316397055602,-1.3400399628745336,0.27861725719618774,-0.5434121483296429,1.4492813075728652,-0.7115648146531905,1,1,1.0
0.0,0.0,0.0,0.0,0.0,1.0,0.0,0.0,0.0,0.0,0.0,0.0,0.0,0.0,1.0,0.0,0.0,0.0,0.0,1.0,0.0,0.0,0.0,0.7384723153292894,0.30442122944085304,-1.7563475980179335,-1.1537984036814481,0.019829119221123678,-0.644608064495985,-1.4127873638072872,-0.4523023259917688,-1.4618341151902017,0.4565978960604932,1.1158193355117696,-1.5841789703958216,0,0,0.0
0.0,0.0,0.0,0.0,0.0,1.0,0.0,0.0,1.0,0.0,1.0,0.0,0.0,0.0,0.0,1.0,0.0,0.0,0.0,0.0,0.0,0.0,0.0,0.3859059367517634,0.3287455155426579,-1.3747402980683554,-0.7475671199277476,-1.4092965904094032,-0.644608064495985,-1.4127873638072872,0.43543531089099613,0.8587677146583175,0.17490492580975064,-0.10687456204558105,-1.4595198052897316,1,1,1.0
0.0,1.0,0.0,0.0,1.0,0.0,0.0,1.0,0.0,0.0,0.0,0.0,0.0,1.0,1.0,0.0,1.0,1.0,0.0,0.0,0.0,0.0,0.0,-0.4955100096920515,-1.6269996968517142,-1.7563475980179335,-1.1537984036814481,0.7343919740363871,-0.9307635100805121,-0.7016826129290754,-0.4523023259917688,1.4389181721204474,1.0340684850745154,-0.32918254341964476,-1.6855965962448443,1,1,1.0
1.0,0.0,1.0,0.0,0.0,0.0,0.0,1.0,0.0,0.0,0.0,0.0,1.0,0.0,1.0,1.0,0.0,0.0,0.0,0.0,1.0,0.0,0.0,-1.3769259561358664,0.4893782162990818,0.5332962016795355,0.0648954475796536,-1.4092965904094032,-0.015066084210025312,0.7205268888273483,-1.3400399628745336,-0.8816836577280718,1.6326660468573435,-0.32918254341964476,0.5022773947272975,1,0,0.0
0.0,1.0,1.0,0.0,0.0,0.0,0.0,0.0,0.0,0.0,1.0,0.0,0.0,0.0,1.0,0.0,1.0,0.0,0.0,0.0,1.0,0.0,0.0,0.47404753139614486,-0.8369389631949904,-1.7563475980179335,-0.7475671199277476,-1.4092965904094032,1.2440178763618939,0.009422137949136454,1.323172947773761,-0.30153320026594205,-0.7476395517614314,-1.5518764409769954,-1.5957997400243555,0,1,1.0
0.0,0.0,0.0,0.0,1.0,0.0,1.0,0.0,0.0,0.0,0.0,1.0,0.0,0.0,1.0,1.0,0.0,0.0,0.0,0.0,0.0,0.0,0.0,1.0028970992624338,-0.9946672715810495,0.1516889017299573,0.8773580150870548,0.019829119221123678,-0.644608064495985,-0.7016826129290754,-0.4523023259917688,0.27861725719618774,0.3720900049852705,1.6715892889469288,0.1578800402816584,0,0,0.0
0.0,1.0,1.0,0.0,0.0,0.0,1.0,0.0,0.0,0.0,0.0,0.0,1.0,0.0,0.0,0.0,0.0,0.0,1.0,0.0,0.0,0.0,0.0,0.5621891260405263,1.0935578382524607,-0.611525698169199,-0.341335836174047,-0.6947337355941398,0.7861691634266506,0.7205268888273483,-1.3400399628745336,-0.8816836577280718,0.6608252994922817,-1.4407224502899634,-0.7865716004373636,0,0,0.0
0.0,0.0,0.0,0.0,0.0,1.0,0.0,0.0,1.0,0.0,0.0,1.0,0.0,0.0,1.0,0.0,0.0,0.0,0.0,0.0,0.0,1.0,0.0,1.0028970992624338,0.26161444643672693,0.9149035016291136,0.4711267313333542,0.019829119221123678,0.3283204504914072,0.7205268888273483,-0.4523023259917688,1.4389181721204474,1.3932270221442122,-0.10687456204558105,1.0378892312424473,1,0,0.0
0.0,0.0,0.0,0.0,0.0,0.0,0.0,0.0,0.0,0.0,0.0,0.0,1.0,0.0,0.0,0.0,1.0,1.0,0.0,0.0,0.0,0.0,0.0,0.5621891260405263,0.923848911338647,1.67811810152827,2.908514433855558,-1.4092965904094032,1.129555698128083,0.009422137949136454,-1.3400399628745336,0.27861725719618774,-0.29693079936024314,-0.5514905247937085,1.7171760377103795,0,0,0.0
0.0,0.0,0.0,0.0,1.0,0.0,0.0,0.0,0.0,0.0,0.0,0.0,1.0,0.0,1.0,0.0,0.0,0.0,0.0,0.0,0.0,0.0,0.0,-0.40736841504767,-0.8134067841032849,0.9149035016291136,0.8773580150870548,-0.6947337355941398,-0.5301458862621741,1.4316316397055602,1.323172947773761,-0.30153320026594205,1.0622377820995896,-0.7737985061677722,0.8001916706588006,0,0,0.0
0.0,1.0,0.0,0.0,1.0,0.0,0.0,1.0,0.0,0.0,1.0,0.0,0.0,0.0,1.0,0.0,1.0,0.0,0.0,0.0,0.0,1.0,0.0,-0.6717931989808145,-0.37302829094672785,0.1516889017299573,1.2835892988407553,0.7343919740363871,1.7018665892971372,0.009422137949136454,0.43543531089099613,-1.4618341151902017,1.6678776681386862,0.22658741001551455,0.2857085061955307,0,0,0.0
1.0,0.0,1.0,0.0,0.0,0.0,0.0,0.0,1.0,0.0,0.0,0.0,0.0,0.0,1.0,0.0,1.0,0.0,0.0,0.0,1.0,0.0,0.0,-1.2006427668471034,-0.849348639686549,1.67811810152827,2.5022831501018574,0.019829119221123678,0.843400252543556,-1.4127873638072872,0.43543531089099613,-1.4618341151902017,-0.6490470121736713,0.33774140070254643,1.6199841462717328,0,0,0.0
1.0,0.0,0.0,0.0,1.0,0.0,0.0,0.0,0.0,0.0,0.0,0.0,0.0,1.0,0.0,1.0,0.0,0.0,0.0,0.0,0.0,1.0,0.0,-1.288784361491485,-0.9536427293496472,-1.7563475980179335,-0.7475671199277476,-1.4092965904094032,-1.4458433121326608,-0.7016826129290754,-1.3400399628745336,-0.30153320026594205,1.3509730766066008,0.004279428641450823,-1.7088381355019118,1,1,1.0
0.0,1.0,0.0,0.0,0.0,1.0,0.0,0.0,0.0,0.0,0.0,0.0,1.0,0.0,1.0,1.0,0.0,0.0,0.0,0.0,0.0,0.0,0.0,1.2673218831955781,0.14573579175092374,0.5332962016795355,-0.341335836174047,-1.4092965904094032,-1.5030744012495663,0.009422137949136454,1.323172947773761,0.8587677146583175,0.8509680544115327,-1.3295684596029316,0.6934918767968085,0,0,0.0
0.0,0.0,0.0,0.0,0.0,1.0,1.0,0.0,0.0,0.0,1.0,0.0,0.0,0.0,0.0,0.0,1.0,0.0,0.0,0.0,0.0,1.0,0.0,-0.583651604336433,1.0155022932989077,0.9149035016291136,-1.1537984036814481,-0.6947337355941398,1.1867867872449884,1.4316316397055602,-0.4523023259917688,1.4389181721204474,-1.1560943586250083,0.33774140070254643,1.0949366457825223,1,1,1.0
1.0,0.0,0.0,0.0,1.0,0.0,0.0,0.0,0.0,0.0,0.0,0.0,1.0,0.0,1.0,0.0,1.0,1.0,0.0,0.0,0.0,0.0,0.0,0.9147555046180523,1.118641226905611,-1.7563475980179335,-0.7475671199277476,-0.6947337355941398,-1.6747676686002824,0.7205268888273483,-0.4523023259917688,1.4389181721204474,-1.0222901977559053,-1.2184144689158998,-1.6697500922059343,1,1,1.0
0.0,0.0,0.0,0.0,0.0,1.0,0.0,0.0,0.0,1.0,0.0,0.0,1.0,0.0,0.0,0.0,0.0,1.0,0.0,0.0,0.0,0.0,0.0,-0.40736841504767,1.208776403763181,0.5332962016795355,-1.1537984036814481,1.4489548288516505,-1.2741500447819445,-0.7016826129290754,-0.4523023259917688,-0.8816836577280718,-0.8251051185803856,-0.10687456204558105,0.4726972538546659,0,1,1.0
1.0,0.0,0.0,0.0,0.0,1.0,0.0,0.0,0.0,0.0,0.0,1.0,0.0,0.0,0.0,0.0,1.0,0.0,0.0,0.0,1.0,0.0,0.0,0.7384723153292894,0.21464910162957856,-0.611525698169199,-1.1537984036814481,-1.4092965904094032,0.09939609402378552,-0.7016826129290754,0.43543531089099613,0.8587677146583175,1.2171689157374983,0.8935113541377058,-0.7295241858972883,1,1,1.0
1.0,0.0,0.0,0.0,0.0,0.0,0.0,0.0,0.0,1.0,0.0,0.0,1.0,0.0,1.0,0.0,0.0,0.0,1.0,0.0,0.0,0.0,0.0,0.9147555046180523,0.28032797455032715,1.67811810152827,2.5022831501018574,-1.4092965904094032,0.21385827225759635,1.4316316397055602,-1.3400399628745336,-1.4618341151902017,-1.1701790071375453,-0.32918254341964476,1.7203453385181613,1,1,1.0
1.0,0.0,1.0,0.0,0.0,0.0,1.0,0.0,0.0,0.0,0.0,1.0,0.0,0.0,0.0,0.0,1.0,1.0,0.0,0.0,0.0,0.0,0.0,-0.8480763882695774,-1.2567886830064694,1.2965108015786917,-1.1537984036814481,1.4489548288516505,-1.2741500447819445,-0.7016826129290754,0.43543531089099613,-0.8816836577280718,0.5622327599045215,0.22658741001551455,1.2586838541845902,0,0,0.0
0.0,0.0,0.0,1.0,0.0,0.0,0.0,0.0,0.0,1.0,0.0,0.0,1.0,0.0,1.0,0.0,0.0,0.0,0.0,0.0,0.0,1.0,0.0,-1.2006427668471034,1.2874920378918169,-1.7563475980179335,-1.1537984036814481,0.7343919740363871,-0.9307635100805121,0.7205268888273483,0.43543531089099613,0.27861725719618774,-0.6842586334550143,0.004279428641450823,-1.7500390460030772,1,1,1.0
1.0,0.0,0.0,0.0,1.0,0.0,0.0,1.0,0.0,0.0,0.0,0.0,0.0,0.0,0.0,0.0,0.0,0.0,0.0,0.0,1.0,0.0,0.0,1.2673218831955781,1.2530023784937354,1.2965108015786917,-0.341335836174047,-0.6947337355941398,-1.4458433121326608,0.7205268888273483,-0.4523023259917688,-0.30153320026594205,0.86505270292407,-0.6626445154807404,1.1794513339900414,0,1,1.0
1.0,0.0,0.0,1.0,0.0,0.0,0.0,0.0,0.0,0.0,0.0,1.0,0.0,0.0,1.0,0.0,0.0,0.0,0.0,1.0,0.0,0.0,0.0,0.6503307206849078,-0.952223537623219,0.5332962016795355,0.4711267313333542,-1.4092965904094032,-0.41568370802836324,1.4316316397055602,-0.4523023259917688,1.4389181721204474,1.1326610246622753,1.6715892889469288,0.5001645275221095,0,0,0.0
0.0,1.0,1.0,0.0,0.0,0.0,0.0,0.0,1.0,0.0,1.0,0.0,0.0,0.0,1.0,0.0,1.0,1.0,0.0,0.0,0.0,0.0,0.0,-1.5532091454246293,-0.2300859800825257,0.9149035016291136,-0.341335836174047,0.019829119221123678,-1.6175365794833771,0.7205268888273483,-0.4523023259917688,0.8587677146583175,0.03405844068437934,-1.2184144689158998,0.9375280389960188,1,0,0.0
0.0,1.0,0.0,0.0,0.0,1.0,0.0,0.0,0.0,0.0,1.0,0.0,0.0,0.0,1.0,0.0,0.0,0.0,1.0,0.0,0.0,0.0,0.0,1.1791802885511968,-1.2841493793136556,-0.9931329981187772,-0.341335836174047,0.019829119221123678,-0.4729147971452687,1.4316316397055602,1.323172947773761,0.27861725719618774,-0.867359064117997,-0.996106487541836,-1.0887116107792432,0,0,0.0
0.0,1.0,1.0,0.0,0.0,0.0,1.0,0.0,0.0,0.0,0.0,0.0,0.0,0.0,0.0,1.0,0.0,0.0,0.0,0.0,0.0,0.0,1.0,0.5621891260405263,-1.09810324531654,-1.3747402980683554,-0.341335836174047,-0.6947337355941398,1.530173321946421,0.009422137949136454,-0.4523023259917688,-1.4618341151902017,0.4636402203167616,-0.996106487541836,-1.4838177781493933,0,1,1.0
0.0,1.0,1.0,0.0,0.0,0.0,0.0,0.0,1.0,0.0,0.0,1.0,0.0,0.0,0.0,1.0,0.0,0.0,0.0,0.0,0.0,0.0,0.0,1.5317466671287228,-1.1241107588148063,-1.3747402980683554,-0.341335836174047,-0.6947337355941398,1.530173321946421,-0.7016826129290754,-0.4523023259917688,-0.8816836577280718,-1.1208827373436652,0.4488953913895783,-1.4088109923652203,1,1,1.0
1.0,0.0,0.0,0.0,0.0,1.0,0.0,0.0,0.0,0.0,1.0,0.0,0.0,0.0,1.0,0.0,1.0,0.0,0.0,0.0,1.0,0.0,0.0,-1.465067550780248,-0.04463392634298479,-0.9931329981187772,-0.341335836174047,0.019829119221123678,1.4157111437126102,-1.4127873638072872,0.43543531089099613,-0.8816836577280718,-0.07157642315964913,-1.2184144689158998,-1.0792037083558974,1,0,0.0
0.0,1.0,0.0,0.0,0.0,1.0,0.0,1.0,0.0,0.0,0.0,1.0,0.0,0.0,1.0,0.0,0.0,0.0,0.0,0.0,1.0,0.0,0.0,0.033339558174237414,-0.984303871532248,0.5332962016795355,-0.341335836174047,1.4489548288516505,1.0723246090111775,1.4316316397055602,-1.3400399628745336,0.8587677146583175,-0.14904198997860343,0.004279428641450823,0.6818711071682745,1,1,1.0
0.0,0.0,1.0,0.0,0.0,0.0,0.0,0.0,1.0,0.0,1.0,0.0,0.0,0.0,1.0,0.0,1.0,0.0,0.0,0.0,0.0,0.0,0.0,-1.2006427668471034,1.075438390396435,-0.22991839821962085,-0.7475671199277476,0.019829119221123678,1.4157111437126102,-1.4127873638072872,0.43543531089099613,-1.4618341151902017,0.3227937351913903,0.33774140070254643,-0.18651731416398037,1,0,0.0
0.0,1.0,0.0,1.0,0.0,0.0,0.0,1.0,0.0,0.0,0.0,1.0,0.0,0.0,1.0,1.0,0.0,0.0,0.0,1.0,0.0,0.0,0.0,0.7384723153292894,-1.0006410786155497,-0.9931329981187772,0.0648954475796536,0.019829119221123678,1.0723246090111775,0.009422137949136454,1.323172947773761,0.27861725719618774,-1.2194752769314252,-1.6630304316640272,-1.1837906350127017,0,0,0.0
0.0,1.0,0.0,0.0,0.0,1.0,0.0,0.0,1.0,0.0,0.0,0.0,0.0,0.0,1.0,1.0,0.0,0.0,0.0,0.0,0.0,0.0,1.0,-0.936217982913959,-0.6169972500573679,-0.22991839821962085,0.4711267313333542,0.019829119221123678,0.7861691634266506,-1.4127873638072872,-1.3400399628745336,0.27861725719618774,0.5411057871357159,0.5600493820766101,-0.2742013031792812,1,0,0.0
1.0,0.0,0.0,0.0,1.0,0.0,1.0,0.0,0.0,0.0,0.0,0.0,1.0,0.0,0.0,1.0,0.0,0.0,0.0,0.0,0.0,1.0,0.0,-0.23108522575890705,0.12170854577790616,0.5332962016795355,1.689820582594456,-1.4092965904094032,0.6144758960759343,-1.4127873638072872,-0.4523023259917688,-0.30153320026594205,0.9777298910243671,-0.10687456204558105,0.3564895575693275,1,1,1.0
0.0,1.0,0.0,0.0,0.0,1.0,0.0,0.0,0.0,0.0,0.0,0.0,0.0,1.0,1.0,1.0,0.0,0.0,0.0,0.0,0.0,0.0,0.0,1.1791802885511968,-0.8043305579458951,-0.22991839821962085,0.0648954475796536,0.7343919740363871,-0.07229717332693072,1.4316316397055602,1.323172947773761,-0.8816836577280718,-0.3391847448978546,1.3381273168858332,-0.11362339558499555,0,0,0.0
0.0,1.0,0.0,0.0,0.0,1.0,0.0,1.0,0.0,0.0,1.0,0.0,0.0,0.0,0.0,0.0,1.0,0.0,0.0,0.0,0.0,1.0,0.0,-1.288784361491485,-0.3271850977372204,-0.611525698169199,-0.7475671199277476,1.4489548288516505,1.5874044110633263,-1.4127873638072872,-0.4523023259917688,-0.30153320026594205,0.06927006196572216,-1.107260478228868,-0.7802329988217996,0,0,0.0
1.0,0.0,0.0,0.0,0.0,1.0,0.0,1.0,0.0,0.0,0.0,0.0,0.0,1.0,0.0,1.0,0.0,0.0,0.0,1.0,0.0,0.0,0.0,0.9147555046180523,0.9350704273150563,1.2965108015786917,-1.1537984036814481,0.7343919740363871,1.129555698128083,1.4316316397055602,0.43543531089099613,-0.30153320026594205,-0.37439636617919747,-0.7737985061677722,1.2734739246209057,0,0,0.0
0.0,1.0,0.0,0.0,0.0,1.0,0.0,0.0,0.0,0.0,1.0,0.0,0.0,0.0,0.0,0.0,0.0,0.0,0.0,0.0,0.0,0.0,1.0,-0.31922682040328854,-1.6100354050520835,0.5332962016795355,1.689820582594456,1.4489548288516505,0.3855515396083126,0.7205268888273483,0.43543531089099613,-0.30153320026594205,-0.8744013883742655,-1.5518764409769954,0.5857356493322222,0,0,0.0
1.0,0.0,0.0,1.0,0.0,0.0,0.0,0.0,1.0,0.0,0.0,0.0,0.0,1.0,0.0,0.0,0.0,1.0,0.0,0.0,0.0,0.0,0.0,1.3554634778399597,-0.12334956047162068,1.2965108015786917,-0.341335836174047,-1.4092965904094032,0.042165004906880105,-1.4127873638072872,1.323172947773761,-0.8816836577280718,1.1185763761497385,1.3381273168858332,1.4541240706644771,1,1,1.0
0.0,0.0,0.0,0.0,0.0,0.0,1.0,0.0,0.0,0.0,0.0,1.0,0.0,0.0,0.0,1.0,0.0,1.0,0.0,0.0,0.0,0.0,0.0,-0.054802036470144075,0.5474990681651312,0.1516889017299573,0.4711267313333542,0.019829119221123678,1.129555698128083,0.7205268888273483,-1.3400399628745336,0.8587677146583175,0.928433621230487,0.004279428641450823,0.1578800402816584,1,0,0.0
1.0,0.0,1.0,0.0,0.0,0.0,0.0,0.0,1.0,0.0,0.0,0.0,1.0,0.0,1.0,0.0,1.0,0.0,0.0,0.0,1.0,0.0,0.0,-1.0243595775583405,0.15461399115578875,0.9149035016291136,0.0648954475796536,-1.4092965904094032,-1.4458433121326608,0.7205268888273483,0.43543531089099613,-1.4618341151902017,-1.0504594947809796,-0.8849524968548041,0.7505392913368836,0,0,0.0
0.0,0.0,0.0,0.0,0.0,0.0,0.0,1.0,0.0,0.0,0.0,0.0,0.0,1.0,0.0,0.0,0.0,0.0,0.0,0.0,0.0,0.0,1.0,-1.5532091454246293,-0.480028746227666,-0.22991839821962085,-0.341335836174047,-1.4092965904094032,1.1867867872449884,1.4316316397055602,-1.3400399628745336,0.8587677146583175,1.7101316136762978,-0.10687456204558105,-0.30800717846228853,0,0,0.0
0.0,1.0,0.0,0.0,0.0,1.0,0.0,0.0,0.0,0.0,0.0,0.0,0.0,0.0,0.0,1.0,0.0,1.0,0.0,0.0,0.0,0.0,0.0,-0.31922682040328854,-0.2625953719553586,-0.22991839821962085,-0.341335836174047,-1.4092965904094032,0.21385827225759635,0.009422137949136454,-1.3400399628745336,1.4389181721204474,-1.0152478734996369,1.3381273168858332,-0.18863018136916843,1,0,0.0
1.0,0.0,0.0,0.0,0.0,1.0,0.0,0.0,0.0,1.0,0.0,0.0,1.0,0.0,0.0,0.0,1.0,1.0,0.0,0.0,0.0,0.0,0.0,-1.3769259561358664,1.5661816876118175,0.9149035016291136,-1.1537984036814481,0.019829119221123678,-0.12952826244383614,0.009422137949136454,0.43543531089099613,-0.30153320026594205,-0.9025706853993398,-1.4407224502899634,0.8646341204170342,0,0,0.0
1.0,0.0,0.0,1.0,0.0,0.0,0.0,0.0,0.0,0.0,0.0,0.0,0.0,0.0,1.0,0.0,0.0,1.0,0.0,0.0,0.0,0.0,0.0,-1.1125011722027218,-0.28223302491407487,-0.22991839821962085,-1.1537984036814481,-1.4092965904094032,0.21385827225759635,1.4316316397055602,-1.3400399628745336,1.4389181721204474,0.3580053564727332,-0.7737985061677722,-0.21292815422882994,1,0,0.0
